candidate_index,global_coupling,speed_mm_per_ms,mu,a_scale,b_scale,fast_ratio,fast_fraction,noise_nsig,noise_tau_ms,dorsattn_time_contrast,visual_time_contrast,default_noise_contrast,visual_noise_contrast,network_noise_mode_1,network_noise_mode_2,default_incident_weight_contrast,dorsattn_salventattn_weight_balance
0,7.0,4.0,0.22,0.8,0.95,2.2,0.25,0.0099999999999999,1.0,0.0,0.0,0.0,0.0,0.0,0.0,0.0,0.0
1,7.0,4.0,0.22,0.8,0.95,2.2,0.25,0.0099999999999999,1.0,0.2074538223445415,0.1379397561773657,0.1990797203034162,-0.4855146631598472,-0.3116356262005865,0.0796191095374524,0.0,0.0
2,7.0,4.0,0.22,0.8,0.95,2.2,0.25,0.0099999999999999,1.0,0.1227713841944933,-0.2110119324177503,-0.1132101789116859,0.226183246821165,-0.0671441631391644,0.3304968807846308,0.0,0.0
3,7.0,4.0,0.22,0.8,0.95,2.2,0.25,0.0099999999999999,1.0,-0.1073871837928891,0.1656674835830927,0.2881018472835421,-0.021162474527955,0.2797903748229146,-0.1109794180840253,0.0,0.0
4,7.0,4.0,0.22,0.8,0.95,2.2,0.25,0.0099999999999999,1.0,-0.023012095503509,-0.2402142539620399,0.1236454807221889,-0.1347593795508146,0.2447987997904419,-0.2697468456812202,0.0,0.0
5,7.0,4.0,0.22,0.8,0.95,2.2,0.25,0.0099999999999999,1.0,0.0383964702486991,0.2879391610622405,-0.2914642998948693,0.1208852156996727,-0.1076045611873268,0.1392636316828429,0.0,0.0
6,7.0,4.0,0.22,0.8,0.95,2.2,0.25,0.0099999999999999,1.0,0.2918288748711348,-0.0610124906525015,0.392834865488112,-0.3569297827780247,-0.2137533427216112,0.2383862346410751,0.0,0.0
7,7.0,4.0,0.22,0.8,0.95,2.2,0.25,0.0099999999999999,1.0,-0.2371867144480347,0.0156680786982178,-0.1940087135881185,0.4055482354015112,0.1338220956735312,-0.0202339723706245,0.0,0.0
8,7.0,4.0,0.22,0.8,0.95,2.2,0.25,0.0099999999999999,1.0,-0.267209286801517,-0.1826535886153578,0.4750249655917287,0.0423750886693596,-0.284900448936969,-0.1327988309785723,0.0,0.0
9,7.0,4.0,0.22,0.8,0.95,2.2,0.25,0.0099999999999999,1.0,0.2524109870195388,0.1905193576589226,-0.1743374485522508,-0.2122322516515851,0.0626962735317647,0.2648203017190098,0.0,0.0
10,7.0,4.0,0.22,0.8,0.95,2.2,0.25,0.0099999999999999,1.0,0.017144077643752,-0.1162660092115402,0.0104497596621513,0.4530229112133384,0.348929220996797,0.013940214831382,0.0,0.0
11,7.0,4.0,0.22,0.8,0.95,2.2,0.25,0.0099999999999999,1.0,-0.07237203810364,0.1060200288891792,-0.3421407090499997,-0.3103721989318728,-0.0034952571615576,-0.2332886057905852,0.0,0.0
12,7.0,4.0,0.22,0.8,0.95,2.2,0.25,0.0099999999999999,1.0,-0.1379971241578459,-0.032654183730483,-0.0075793601572513,-0.4077451964840293,-0.1711037589237093,-0.0858060764148831,0.0,0.0
13,7.0,4.0,0.22,0.8,0.95,2.2,0.25,0.0099999999999999,1.0,0.082768989354372,0.0405199158936738,0.3312209835276007,0.3317298544570803,0.1758520422503352,0.216457006148994,0.0,0.0
14,7.0,4.0,0.22,0.8,0.95,2.2,0.25,0.0099999999999999,1.0,0.1867859367281198,-0.266265414096415,-0.4796038335189223,-0.0674082050099968,0.1127265668474137,0.1173373864032328,0.0,0.0
15,7.0,4.0,0.22,0.8,0.95,2.2,0.25,0.0099999999999999,1.0,-0.2015843393281102,0.256019470654428,0.1874549631029367,0.1789002614095807,-0.2403388117440044,-0.335316592361778,0.0,0.0
16,7.0,4.0,0.22,0.8,0.95,2.2,0.25,0.0099999999999999,1.0,-0.2168467283248901,-0.2928757667541504,-0.1528197927400469,-0.3161381389945745,0.2995427487418055,0.1828791146166622,0.0,0.0
17,7.0,4.0,0.22,0.8,0.95,2.2,0.25,0.0099999999999999,1.0,0.1622046248987317,0.2257573172450065,0.4458837416023016,0.4233960807323456,-0.0528176320716738,-0.0510298918001353,0.0,0.0
18,7.0,4.0,0.22,0.8,0.95,2.2,0.25,0.0099999999999999,1.0,0.0980669936165213,-0.0011733865365385,-0.359998419880867,-0.1633030734956264,-0.3340102230198681,-0.3265196835622191,0.0,0.0
19,7.0,4.0,0.22,0.8,0.95,2.2,0.25,0.0099999999999999,1.0,-0.113451150432229,0.0659845450893044,0.0354389129206538,0.0830684136599302,0.0136078513227403,0.1069990525022149,0.0,0.0
20,7.0,4.0,0.22,0.8,0.95,2.2,0.25,0.0099999999999999,1.0,-0.0478262744843959,-0.1428751358762383,0.3728746362030506,0.1966329161077737,0.1618196620605886,0.2982366004027426,0.0,0.0
21,7.0,4.0,0.22,0.8,0.95,2.2,0.25,0.0099999999999999,1.0,0.0324418717995286,0.0757567947730422,-0.0402667010203003,-0.0580336302518844,-0.19126708926633,-0.1677578873001038,0.0,0.0
22,7.0,4.0,0.22,0.8,0.95,2.2,0.25,0.0099999999999999,1.0,0.2278296081349253,-0.1511740174144506,0.1416530469432473,0.2947826273739338,-0.1217326512560248,-0.2422684723511338,0.0,0.0
23,7.0,4.0,0.22,0.8,0.95,2.2,0.25,0.0099999999999999,1.0,-0.2824717428535223,0.2159850675612688,-0.4432527255266905,-0.4686754662543535,0.22515907343477,0.0241170367226004,0.0,0.0
24,7.0,4.0,0.22,0.8,0.95,2.2,0.25,0.0099999999999999,1.0,-0.2618047155439854,-0.0548463653773069,0.2237654225900769,-0.105225077830255,-0.0289882341399788,0.1726793032139539,0.0,0.0
25,7.0,4.0,0.22,0.8,0.95,2.2,0.25,0.0099999999999999,1.0,0.2766030410304665,0.0275550965219736,-0.4236286673694849,0.1503566233441233,0.3179249310865998,-0.3046959314495325,0.0,0.0
26,7.0,4.0,0.22,0.8,0.95,2.2,0.25,0.0099999999999999,1.0,0.0630520982667803,-0.2509581411257386,0.2597556859254837,-0.3898973995819688,0.0798419299535453,-0.0292091228999197,0.0,0.0
27,7.0,4.0,0.22,0.8,0.95,2.2,0.25,0.0099999999999999,1.0,-0.0078241657465696,0.2805564125999808,-0.090896856971085,0.3725215615704655,-0.2732664288021624,0.2485570079647004,0.0,0.0
28,7.0,4.0,0.22,0.8,0.95,2.2,0.25,0.0099999999999999,1.0,-0.0921990439295768,-0.2048468878492713,-0.2544434182345867,0.469862156547606,-0.252203316334635,0.0460445962846279,0.0,0.0
29,7.0,4.0,0.22,0.8,0.95,2.2,0.25,0.0099999999999999,1.0,0.1474272223189473,0.1775557273998856,0.0785127496346831,-0.2686329307034611,0.0954362194053828,-0.1766973696649074,0.0,0.0
30,7.0,4.0,0.22,0.8,0.95,2.2,0.25,0.0099999999999999,1.0,0.1922280555590987,-0.1009576186537742,-0.2268808921799063,0.0055040037259459,0.206627527065575,-0.102184468973428,0.0,0.0
31,7.0,4.0,0.22,0.8,0.95,2.2,0.25,0.0099999999999999,1.0,-0.177429698780179,0.1305557817220687,0.434303330257535,-0.2417826382443308,-0.1457544820383191,0.3201671849004924,0.0,0.0
32,9.944784646853805,7.515308994799852,0.2759604404494166,0.742745977640152,1.1330300319939852,2.183270196616649,0.0896629264578223,0.0044637694714341,0.7027445879165195,0.0,0.0,0.0,0.0,0.0,0.0,0.0,0.0
33,9.944784646853805,7.515308994799852,0.2759604404494166,0.742745977640152,1.1330300319939852,2.183270196616649,0.0896629264578223,0.0044637694714341,0.7027445879165195,0.2074538223445415,0.1379397561773657,0.1990797203034162,-0.4855146631598472,-0.3116356262005865,0.0796191095374524,0.0,0.0
34,9.944784646853805,7.515308994799852,0.2759604404494166,0.742745977640152,1.1330300319939852,2.183270196616649,0.0896629264578223,0.0044637694714341,0.7027445879165195,0.1227713841944933,-0.2110119324177503,-0.1132101789116859,0.226183246821165,-0.0671441631391644,0.3304968807846308,0.0,0.0
35,9.944784646853805,7.515308994799852,0.2759604404494166,0.742745977640152,1.1330300319939852,2.183270196616649,0.0896629264578223,0.0044637694714341,0.7027445879165195,-0.1073871837928891,0.1656674835830927,0.2881018472835421,-0.021162474527955,0.2797903748229146,-0.1109794180840253,0.0,0.0
36,9.944784646853805,7.515308994799852,0.2759604404494166,0.742745977640152,1.1330300319939852,2.183270196616649,0.0896629264578223,0.0044637694714341,0.7027445879165195,-0.023012095503509,-0.2402142539620399,0.1236454807221889,-0.1347593795508146,0.2447987997904419,-0.2697468456812202,0.0,0.0
37,9.944784646853805,7.515308994799852,0.2759604404494166,0.742745977640152,1.1330300319939852,2.183270196616649,0.0896629264578223,0.0044637694714341,0.7027445879165195,0.0383964702486991,0.2879391610622405,-0.2914642998948693,0.1208852156996727,-0.1076045611873268,0.1392636316828429,0.0,0.0
38,9.944784646853805,7.515308994799852,0.2759604404494166,0.742745977640152,1.1330300319939852,2.183270196616649,0.0896629264578223,0.0044637694714341,0.7027445879165195,0.2918288748711348,-0.0610124906525015,0.392834865488112,-0.3569297827780247,-0.2137533427216112,0.2383862346410751,0.0,0.0
39,9.944784646853805,7.515308994799852,0.2759604404494166,0.742745977640152,1.1330300319939852,2.183270196616649,0.0896629264578223,0.0044637694714341,0.7027445879165195,-0.2371867144480347,0.0156680786982178,-0.1940087135881185,0.4055482354015112,0.1338220956735312,-0.0202339723706245,0.0,0.0
40,9.944784646853805,7.515308994799852,0.2759604404494166,0.742745977640152,1.1330300319939852,2.183270196616649,0.0896629264578223,0.0044637694714341,0.7027445879165195,-0.267209286801517,-0.1826535886153578,0.4750249655917287,0.0423750886693596,-0.284900448936969,-0.1327988309785723,0.0,0.0
41,9.944784646853805,7.515308994799852,0.2759604404494166,0.742745977640152,1.1330300319939852,2.183270196616649,0.0896629264578223,0.0044637694714341,0.7027445879165195,0.2524109870195388,0.1905193576589226,-0.1743374485522508,-0.2122322516515851,0.0626962735317647,0.2648203017190098,0.0,0.0
42,9.944784646853805,7.515308994799852,0.2759604404494166,0.742745977640152,1.1330300319939852,2.183270196616649,0.0896629264578223,0.0044637694714341,0.7027445879165195,0.017144077643752,-0.1162660092115402,0.0104497596621513,0.4530229112133384,0.348929220996797,0.013940214831382,0.0,0.0
43,9.944784646853805,7.515308994799852,0.2759604404494166,0.742745977640152,1.1330300319939852,2.183270196616649,0.0896629264578223,0.0044637694714341,0.7027445879165195,-0.07237203810364,0.1060200288891792,-0.3421407090499997,-0.3103721989318728,-0.0034952571615576,-0.2332886057905852,0.0,0.0
44,9.944784646853805,7.515308994799852,0.2759604404494166,0.742745977640152,1.1330300319939852,2.183270196616649,0.0896629264578223,0.0044637694714341,0.7027445879165195,-0.1379971241578459,-0.032654183730483,-0.0075793601572513,-0.4077451964840293,-0.1711037589237093,-0.0858060764148831,0.0,0.0
45,9.944784646853805,7.515308994799852,0.2759604404494166,0.742745977640152,1.1330300319939852,2.183270196616649,0.0896629264578223,0.0044637694714341,0.7027445879165195,0.082768989354372,0.0405199158936738,0.3312209835276007,0.3317298544570803,0.1758520422503352,0.216457006148994,0.0,0.0
46,9.944784646853805,7.515308994799852,0.2759604404494166,0.742745977640152,1.1330300319939852,2.183270196616649,0.0896629264578223,0.0044637694714341,0.7027445879165195,0.1867859367281198,-0.266265414096415,-0.4796038335189223,-0.0674082050099968,0.1127265668474137,0.1173373864032328,0.0,0.0
47,9.944784646853805,7.515308994799852,0.2759604404494166,0.742745977640152,1.1330300319939852,2.183270196616649,0.0896629264578223,0.0044637694714341,0.7027445879165195,-0.2015843393281102,0.256019470654428,0.1874549631029367,0.1789002614095807,-0.2403388117440044,-0.335316592361778,0.0,0.0
48,9.944784646853805,7.515308994799852,0.2759604404494166,0.742745977640152,1.1330300319939852,2.183270196616649,0.0896629264578223,0.0044637694714341,0.7027445879165195,-0.2168467283248901,-0.2928757667541504,-0.1528197927400469,-0.3161381389945745,0.2995427487418055,0.1828791146166622,0.0,0.0
49,9.944784646853805,7.515308994799852,0.2759604404494166,0.742745977640152,1.1330300319939852,2.183270196616649,0.0896629264578223,0.0044637694714341,0.7027445879165195,0.1622046248987317,0.2257573172450065,0.4458837416023016,0.4233960807323456,-0.0528176320716738,-0.0510298918001353,0.0,0.0
50,9.944784646853805,7.515308994799852,0.2759604404494166,0.742745977640152,1.1330300319939852,2.183270196616649,0.0896629264578223,0.0044637694714341,0.7027445879165195,0.0980669936165213,-0.0011733865365385,-0.359998419880867,-0.1633030734956264,-0.3340102230198681,-0.3265196835622191,0.0,0.0
51,9.944784646853805,7.515308994799852,0.2759604404494166,0.742745977640152,1.1330300319939852,2.183270196616649,0.0896629264578223,0.0044637694714341,0.7027445879165195,-0.113451150432229,0.0659845450893044,0.0354389129206538,0.0830684136599302,0.0136078513227403,0.1069990525022149,0.0,0.0
52,9.944784646853805,7.515308994799852,0.2759604404494166,0.742745977640152,1.1330300319939852,2.183270196616649,0.0896629264578223,0.0044637694714341,0.7027445879165195,-0.0478262744843959,-0.1428751358762383,0.3728746362030506,0.1966329161077737,0.1618196620605886,0.2982366004027426,0.0,0.0
53,9.944784646853805,7.515308994799852,0.2759604404494166,0.742745977640152,1.1330300319939852,2.183270196616649,0.0896629264578223,0.0044637694714341,0.7027445879165195,0.0324418717995286,0.0757567947730422,-0.0402667010203003,-0.0580336302518844,-0.19126708926633,-0.1677578873001038,0.0,0.0
54,9.944784646853805,7.515308994799852,0.2759604404494166,0.742745977640152,1.1330300319939852,2.183270196616649,0.0896629264578223,0.0044637694714341,0.7027445879165195,0.2278296081349253,-0.1511740174144506,0.1416530469432473,0.2947826273739338,-0.1217326512560248,-0.2422684723511338,0.0,0.0
55,9.944784646853805,7.515308994799852,0.2759604404494166,0.742745977640152,1.1330300319939852,2.183270196616649,0.0896629264578223,0.0044637694714341,0.7027445879165195,-0.2824717428535223,0.2159850675612688,-0.4432527255266905,-0.4686754662543535,0.22515907343477,0.0241170367226004,0.0,0.0
56,9.944784646853805,7.515308994799852,0.2759604404494166,0.742745977640152,1.1330300319939852,2.183270196616649,0.0896629264578223,0.0044637694714341,0.7027445879165195,-0.2618047155439854,-0.0548463653773069,0.2237654225900769,-0.105225077830255,-0.0289882341399788,0.1726793032139539,0.0,0.0
57,9.944784646853805,7.515308994799852,0.2759604404494166,0.742745977640152,1.1330300319939852,2.183270196616649,0.0896629264578223,0.0044637694714341,0.7027445879165195,0.2766030410304665,0.0275550965219736,-0.4236286673694849,0.1503566233441233,0.3179249310865998,-0.3046959314495325,0.0,0.0
58,9.944784646853805,7.515308994799852,0.2759604404494166,0.742745977640152,1.1330300319939852,2.183270196616649,0.0896629264578223,0.0044637694714341,0.7027445879165195,0.0630520982667803,-0.2509581411257386,0.2597556859254837,-0.3898973995819688,0.0798419299535453,-0.0292091228999197,0.0,0.0
59,9.944784646853805,7.515308994799852,0.2759604404494166,0.742745977640152,1.1330300319939852,2.183270196616649,0.0896629264578223,0.0044637694714341,0.7027445879165195,-0.0078241657465696,0.2805564125999808,-0.090896856971085,0.3725215615704655,-0.2732664288021624,0.2485570079647004,0.0,0.0
60,9.944784646853805,7.515308994799852,0.2759604404494166,0.742745977640152,1.1330300319939852,2.183270196616649,0.0896629264578223,0.0044637694714341,0.7027445879165195,-0.0921990439295768,-0.2048468878492713,-0.2544434182345867,0.469862156547606,-0.252203316334635,0.0460445962846279,0.0,0.0
61,9.944784646853805,7.515308994799852,0.2759604404494166,0.742745977640152,1.1330300319939852,2.183270196616649,0.0896629264578223,0.0044637694714341,0.7027445879165195,0.1474272223189473,0.1775557273998856,0.0785127496346831,-0.2686329307034611,0.0954362194053828,-0.1766973696649074,0.0,0.0
62,9.944784646853805,7.515308994799852,0.2759604404494166,0.742745977640152,1.1330300319939852,2.183270196616649,0.0896629264578223,0.0044637694714341,0.7027445879165195,0.1922280555590987,-0.1009576186537742,-0.2268808921799063,0.0055040037259459,0.206627527065575,-0.102184468973428,0.0,0.0
63,9.944784646853805,7.515308994799852,0.2759604404494166,0.742745977640152,1.1330300319939852,2.183270196616649,0.0896629264578223,0.0044637694714341,0.7027445879165195,-0.177429698780179,0.1305557817220687,0.434303330257535,-0.2417826382443308,-0.1457544820383191,0.3201671849004924,0.0,0.0
64,1.2613154528662562,3.153705501928925,0.1929380859527737,0.9459379605948924,1.0628331620246172,1.48248453438282,0.4647003283724188,0.0005003525704256,0.5206048351707064,0.0,0.0,0.0,0.0,0.0,0.0,0.0,0.0
65,1.2613154528662562,3.153705501928925,0.1929380859527737,0.9459379605948924,1.0628331620246172,1.48248453438282,0.4647003283724188,0.0005003525704256,0.5206048351707064,0.2074538223445415,0.1379397561773657,0.1990797203034162,-0.4855146631598472,-0.3116356262005865,0.0796191095374524,0.0,0.0
66,1.2613154528662562,3.153705501928925,0.1929380859527737,0.9459379605948924,1.0628331620246172,1.48248453438282,0.4647003283724188,0.0005003525704256,0.5206048351707064,0.1227713841944933,-0.2110119324177503,-0.1132101789116859,0.226183246821165,-0.0671441631391644,0.3304968807846308,0.0,0.0
67,1.2613154528662562,3.153705501928925,0.1929380859527737,0.9459379605948924,1.0628331620246172,1.48248453438282,0.4647003283724188,0.0005003525704256,0.5206048351707064,-0.1073871837928891,0.1656674835830927,0.2881018472835421,-0.021162474527955,0.2797903748229146,-0.1109794180840253,0.0,0.0
68,1.2613154528662562,3.153705501928925,0.1929380859527737,0.9459379605948924,1.0628331620246172,1.48248453438282,0.4647003283724188,0.0005003525704256,0.5206048351707064,-0.023012095503509,-0.2402142539620399,0.1236454807221889,-0.1347593795508146,0.2447987997904419,-0.2697468456812202,0.0,0.0
69,1.2613154528662562,3.153705501928925,0.1929380859527737,0.9459379605948924,1.0628331620246172,1.48248453438282,0.4647003283724188,0.0005003525704256,0.5206048351707064,0.0383964702486991,0.2879391610622405,-0.2914642998948693,0.1208852156996727,-0.1076045611873268,0.1392636316828429,0.0,0.0
70,1.2613154528662562,3.153705501928925,0.1929380859527737,0.9459379605948924,1.0628331620246172,1.48248453438282,0.4647003283724188,0.0005003525704256,0.5206048351707064,0.2918288748711348,-0.0610124906525015,0.392834865488112,-0.3569297827780247,-0.2137533427216112,0.2383862346410751,0.0,0.0
71,1.2613154528662562,3.153705501928925,0.1929380859527737,0.9459379605948924,1.0628331620246172,1.48248453438282,0.4647003283724188,0.0005003525704256,0.5206048351707064,-0.2371867144480347,0.0156680786982178,-0.1940087135881185,0.4055482354015112,0.1338220956735312,-0.0202339723706245,0.0,0.0
72,1.2613154528662562,3.153705501928925,0.1929380859527737,0.9459379605948924,1.0628331620246172,1.48248453438282,0.4647003283724188,0.0005003525704256,0.5206048351707064,-0.267209286801517,-0.1826535886153578,0.4750249655917287,0.0423750886693596,-0.284900448936969,-0.1327988309785723,0.0,0.0
73,1.2613154528662562,3.153705501928925,0.1929380859527737,0.9459379605948924,1.0628331620246172,1.48248453438282,0.4647003283724188,0.0005003525704256,0.5206048351707064,0.2524109870195388,0.1905193576589226,-0.1743374485522508,-0.2122322516515851,0.0626962735317647,0.2648203017190098,0.0,0.0
74,1.2613154528662562,3.153705501928925,0.1929380859527737,0.9459379605948924,1.0628331620246172,1.48248453438282,0.4647003283724188,0.0005003525704256,0.5206048351707064,0.017144077643752,-0.1162660092115402,0.0104497596621513,0.4530229112133384,0.348929220996797,0.013940214831382,0.0,0.0
75,1.2613154528662562,3.153705501928925,0.1929380859527737,0.9459379605948924,1.0628331620246172,1.48248453438282,0.4647003283724188,0.0005003525704256,0.5206048351707064,-0.07237203810364,0.1060200288891792,-0.3421407090499997,-0.3103721989318728,-0.0034952571615576,-0.2332886057905852,0.0,0.0
76,1.2613154528662562,3.153705501928925,0.1929380859527737,0.9459379605948924,1.0628331620246172,1.48248453438282,0.4647003283724188,0.0005003525704256,0.5206048351707064,-0.1379971241578459,-0.032654183730483,-0.0075793601572513,-0.4077451964840293,-0.1711037589237093,-0.0858060764148831,0.0,0.0
77,1.2613154528662562,3.153705501928925,0.1929380859527737,0.9459379605948924,1.0628331620246172,1.48248453438282,0.4647003283724188,0.0005003525704256,0.5206048351707064,0.082768989354372,0.0405199158936738,0.3312209835276007,0.3317298544570803,0.1758520422503352,0.216457006148994,0.0,0.0
78,1.2613154528662562,3.153705501928925,0.1929380859527737,0.9459379605948924,1.0628331620246172,1.48248453438282,0.4647003283724188,0.0005003525704256,0.5206048351707064,0.1867859367281198,-0.266265414096415,-0.4796038335189223,-0.0674082050099968,0.1127265668474137,0.1173373864032328,0.0,0.0
79,1.2613154528662562,3.153705501928925,0.1929380859527737,0.9459379605948924,1.0628331620246172,1.48248453438282,0.4647003283724188,0.0005003525704256,0.5206048351707064,-0.2015843393281102,0.256019470654428,0.1874549631029367,0.1789002614095807,-0.2403388117440044,-0.335316592361778,0.0,0.0
80,1.2613154528662562,3.153705501928925,0.1929380859527737,0.9459379605948924,1.0628331620246172,1.48248453438282,0.4647003283724188,0.0005003525704256,0.5206048351707064,-0.2168467283248901,-0.2928757667541504,-0.1528197927400469,-0.3161381389945745,0.2995427487418055,0.1828791146166622,0.0,0.0
81,1.2613154528662562,3.153705501928925,0.1929380859527737,0.9459379605948924,1.0628331620246172,1.48248453438282,0.4647003283724188,0.0005003525704256,0.5206048351707064,0.1622046248987317,0.2257573172450065,0.4458837416023016,0.4233960807323456,-0.0528176320716738,-0.0510298918001353,0.0,0.0
82,1.2613154528662562,3.153705501928925,0.1929380859527737,0.9459379605948924,1.0628331620246172,1.48248453438282,0.4647003283724188,0.0005003525704256,0.5206048351707064,0.0980669936165213,-0.0011733865365385,-0.359998419880867,-0.1633030734956264,-0.3340102230198681,-0.3265196835622191,0.0,0.0
83,1.2613154528662562,3.153705501928925,0.1929380859527737,0.9459379605948924,1.0628331620246172,1.48248453438282,0.4647003283724188,0.0005003525704256,0.5206048351707064,-0.113451150432229,0.0659845450893044,0.0354389129206538,0.0830684136599302,0.0136078513227403,0.1069990525022149,0.0,0.0
84,1.2613154528662562,3.153705501928925,0.1929380859527737,0.9459379605948924,1.0628331620246172,1.48248453438282,0.4647003283724188,0.0005003525704256,0.5206048351707064,-0.0478262744843959,-0.1428751358762383,0.3728746362030506,0.1966329161077737,0.1618196620605886,0.2982366004027426,0.0,0.0
85,1.2613154528662562,3.153705501928925,0.1929380859527737,0.9459379605948924,1.0628331620246172,1.48248453438282,0.4647003283724188,0.0005003525704256,0.5206048351707064,0.0324418717995286,0.0757567947730422,-0.0402667010203003,-0.0580336302518844,-0.19126708926633,-0.1677578873001038,0.0,0.0
86,1.2613154528662562,3.153705501928925,0.1929380859527737,0.9459379605948924,1.0628331620246172,1.48248453438282,0.4647003283724188,0.0005003525704256,0.5206048351707064,0.2278296081349253,-0.1511740174144506,0.1416530469432473,0.2947826273739338,-0.1217326512560248,-0.2422684723511338,0.0,0.0
87,1.2613154528662562,3.153705501928925,0.1929380859527737,0.9459379605948924,1.0628331620246172,1.48248453438282,0.4647003283724188,0.0005003525704256,0.5206048351707064,-0.2824717428535223,0.2159850675612688,-0.4432527255266905,-0.4686754662543535,0.22515907343477,0.0241170367226004,0.0,0.0
88,1.2613154528662562,3.153705501928925,0.1929380859527737,0.9459379605948924,1.0628331620246172,1.48248453438282,0.4647003283724188,0.0005003525704256,0.5206048351707064,-0.2618047155439854,-0.0548463653773069,0.2237654225900769,-0.105225077830255,-0.0289882341399788,0.1726793032139539,0.0,0.0
89,1.2613154528662562,3.153705501928925,0.1929380859527737,0.9459379605948924,1.0628331620246172,1.48248453438282,0.4647003283724188,0.0005003525704256,0.5206048351707064,0.2766030410304665,0.0275550965219736,-0.4236286673694849,0.1503566233441233,0.3179249310865998,-0.3046959314495325,0.0,0.0
90,1.2613154528662562,3.153705501928925,0.1929380859527737,0.9459379605948924,1.0628331620246172,1.48248453438282,0.4647003283724188,0.0005003525704256,0.5206048351707064,0.0630520982667803,-0.2509581411257386,0.2597556859254837,-0.3898973995819688,0.0798419299535453,-0.0292091228999197,0.0,0.0
91,1.2613154528662562,3.153705501928925,0.1929380859527737,0.9459379605948924,1.0628331620246172,1.48248453438282,0.4647003283724188,0.0005003525704256,0.5206048351707064,-0.0078241657465696,0.2805564125999808,-0.090896856971085,0.3725215615704655,-0.2732664288021624,0.2485570079647004,0.0,0.0
92,1.2613154528662562,3.153705501928925,0.1929380859527737,0.9459379605948924,1.0628331620246172,1.48248453438282,0.4647003283724188,0.0005003525704256,0.5206048351707064,-0.0921990439295768,-0.2048468878492713,-0.2544434182345867,0.469862156547606,-0.252203316334635,0.0460445962846279,0.0,0.0
93,1.2613154528662562,3.153705501928925,0.1929380859527737,0.9459379605948924,1.0628331620246172,1.48248453438282,0.4647003283724188,0.0005003525704256,0.5206048351707064,0.1474272223189473,0.1775557273998856,0.0785127496346831,-0.2686329307034611,0.0954362194053828,-0.1766973696649074,0.0,0.0
94,1.2613154528662562,3.153705501928925,0.1929380859527737,0.9459379605948924,1.0628331620246172,1.48248453438282,0.4647003283724188,0.0005003525704256,0.5206048351707064,0.1922280555590987,-0.1009576186537742,-0.2268808921799063,0.0055040037259459,0.206627527065575,-0.102184468973428,0.0,0.0
95,1.2613154528662562,3.153705501928925,0.1929380859527737,0.9459379605948924,1.0628331620246172,1.48248453438282,0.4647003283724188,0.0005003525704256,0.5206048351707064,-0.177429698780179,0.1305557817220687,0.434303330257535,-0.2417826382443308,-0.1457544820383191,0.3201671849004924,0.0,0.0
96,14.440928664058449,9.79758150689304,0.2634212632849813,0.7880663789808751,0.7543765742797405,2.510190078616142,0.1897829912602901,0.0165796704845679,3.761119675336911,0.0,0.0,0.0,0.0,0.0,0.0,0.0,0.0
97,14.440928664058449,9.79758150689304,0.2634212632849813,0.7880663789808751,0.7543765742797405,2.510190078616142,0.1897829912602901,0.0165796704845679,3.761119675336911,0.2074538223445415,0.1379397561773657,0.1990797203034162,-0.4855146631598472,-0.3116356262005865,0.0796191095374524,0.0,0.0
98,14.440928664058449,9.79758150689304,0.2634212632849813,0.7880663789808751,0.7543765742797405,2.510190078616142,0.1897829912602901,0.0165796704845679,3.761119675336911,0.1227713841944933,-0.2110119324177503,-0.1132101789116859,0.226183246821165,-0.0671441631391644,0.3304968807846308,0.0,0.0
99,14.440928664058449,9.79758150689304,0.2634212632849813,0.7880663789808751,0.7543765742797405,2.510190078616142,0.1897829912602901,0.0165796704845679,3.761119675336911,-0.1073871837928891,0.1656674835830927,0.2881018472835421,-0.021162474527955,0.2797903748229146,-0.1109794180840253,0.0,0.0
100,14.440928664058449,9.79758150689304,0.2634212632849813,0.7880663789808751,0.7543765742797405,2.510190078616142,0.1897829912602901,0.0165796704845679,3.761119675336911,-0.023012095503509,-0.2402142539620399,0.1236454807221889,-0.1347593795508146,0.2447987997904419,-0.2697468456812202,0.0,0.0
101,14.440928664058449,9.79758150689304,0.2634212632849813,0.7880663789808751,0.7543765742797405,2.510190078616142,0.1897829912602901,0.0165796704845679,3.761119675336911,0.0383964702486991,0.2879391610622405,-0.2914642998948693,0.1208852156996727,-0.1076045611873268,0.1392636316828429,0.0,0.0
102,14.440928664058449,9.79758150689304,0.2634212632849813,0.7880663789808751,0.7543765742797405,2.510190078616142,0.1897829912602901,0.0165796704845679,3.761119675336911,0.2918288748711348,-0.0610124906525015,0.392834865488112,-0.3569297827780247,-0.2137533427216112,0.2383862346410751,0.0,0.0
103,14.440928664058449,9.79758150689304,0.2634212632849813,0.7880663789808751,0.7543765742797405,2.510190078616142,0.1897829912602901,0.0165796704845679,3.761119675336911,-0.2371867144480347,0.0156680786982178,-0.1940087135881185,0.4055482354015112,0.1338220956735312,-0.0202339723706245,0.0,0.0
104,14.440928664058449,9.79758150689304,0.2634212632849813,0.7880663789808751,0.7543765742797405,2.510190078616142,0.1897829912602901,0.0165796704845679,3.761119675336911,-0.267209286801517,-0.1826535886153578,0.4750249655917287,0.0423750886693596,-0.284900448936969,-0.1327988309785723,0.0,0.0
105,14.440928664058449,9.79758150689304,0.2634212632849813,0.7880663789808751,0.7543765742797405,2.510190078616142,0.1897829912602901,0.0165796704845679,3.761119675336911,0.2524109870195388,0.1905193576589226,-0.1743374485522508,-0.2122322516515851,0.0626962735317647,0.2648203017190098,0.0,0.0
106,14.440928664058449,9.79758150689304,0.2634212632849813,0.7880663789808751,0.7543765742797405,2.510190078616142,0.1897829912602901,0.0165796704845679,3.761119675336911,0.017144077643752,-0.1162660092115402,0.0104497596621513,0.4530229112133384,0.348929220996797,0.013940214831382,0.0,0.0
107,14.440928664058449,9.79758150689304,0.2634212632849813,0.7880663789808751,0.7543765742797405,2.510190078616142,0.1897829912602901,0.0165796704845679,3.761119675336911,-0.07237203810364,0.1060200288891792,-0.3421407090499997,-0.3103721989318728,-0.0034952571615576,-0.2332886057905852,0.0,0.0
108,14.440928664058449,9.79758150689304,0.2634212632849813,0.7880663789808751,0.7543765742797405,2.510190078616142,0.1897829912602901,0.0165796704845679,3.761119675336911,-0.1379971241578459,-0.032654183730483,-0.0075793601572513,-0.4077451964840293,-0.1711037589237093,-0.0858060764148831,0.0,0.0
109,14.440928664058449,9.79758150689304,0.2634212632849813,0.7880663789808751,0.7543765742797405,2.510190078616142,0.1897829912602901,0.0165796704845679,3.761119675336911,0.082768989354372,0.0405199158936738,0.3312209835276007,0.3317298544570803,0.1758520422503352,0.216457006148994,0.0,0.0
110,14.440928664058449,9.79758150689304,0.2634212632849813,0.7880663789808751,0.7543765742797405,2.510190078616142,0.1897829912602901,0.0165796704845679,3.761119675336911,0.1867859367281198,-0.266265414096415,-0.4796038335189223,-0.0674082050099968,0.1127265668474137,0.1173373864032328,0.0,0.0
111,14.440928664058449,9.79758150689304,0.2634212632849813,0.7880663789808751,0.7543765742797405,2.510190078616142,0.1897829912602901,0.0165796704845679,3.761119675336911,-0.2015843393281102,0.256019470654428,0.1874549631029367,0.1789002614095807,-0.2403388117440044,-0.335316592361778,0.0,0.0
112,14.440928664058449,9.79758150689304,0.2634212632849813,0.7880663789808751,0.7543765742797405,2.510190078616142,0.1897829912602901,0.0165796704845679,3.761119675336911,-0.2168467283248901,-0.2928757667541504,-0.1528197927400469,-0.3161381389945745,0.2995427487418055,0.1828791146166622,0.0,0.0
113,14.440928664058449,9.79758150689304,0.2634212632849813,0.7880663789808751,0.7543765742797405,2.510190078616142,0.1897829912602901,0.0165796704845679,3.761119675336911,0.1622046248987317,0.2257573172450065,0.4458837416023016,0.4233960807323456,-0.0528176320716738,-0.0510298918001353,0.0,0.0
114,14.440928664058449,9.79758150689304,0.2634212632849813,0.7880663789808751,0.7543765742797405,2.510190078616142,0.1897829912602901,0.0165796704845679,3.761119675336911,0.0980669936165213,-0.0011733865365385,-0.359998419880867,-0.1633030734956264,-0.3340102230198681,-0.3265196835622191,0.0,0.0
115,14.440928664058449,9.79758150689304,0.2634212632849813,0.7880663789808751,0.7543765742797405,2.510190078616142,0.1897829912602901,0.0165796704845679,3.761119675336911,-0.113451150432229,0.0659845450893044,0.0354389129206538,0.0830684136599302,0.0136078513227403,0.1069990525022149,0.0,0.0
116,14.440928664058449,9.79758150689304,0.2634212632849813,0.7880663789808751,0.7543765742797405,2.510190078616142,0.1897829912602901,0.0165796704845679,3.761119675336911,-0.0478262744843959,-0.1428751358762383,0.3728746362030506,0.1966329161077737,0.1618196620605886,0.2982366004027426,0.0,0.0
117,14.440928664058449,9.79758150689304,0.2634212632849813,0.7880663789808751,0.7543765742797405,2.510190078616142,0.1897829912602901,0.0165796704845679,3.761119675336911,0.0324418717995286,0.0757567947730422,-0.0402667010203003,-0.0580336302518844,-0.19126708926633,-0.1677578873001038,0.0,0.0
118,14.440928664058449,9.79758150689304,0.2634212632849813,0.7880663789808751,0.7543765742797405,2.510190078616142,0.1897829912602901,0.0165796704845679,3.761119675336911,0.2278296081349253,-0.1511740174144506,0.1416530469432473,0.2947826273739338,-0.1217326512560248,-0.2422684723511338,0.0,0.0
119,14.440928664058449,9.79758150689304,0.2634212632849813,0.7880663789808751,0.7543765742797405,2.510190078616142,0.1897829912602901,0.0165796704845679,3.761119675336911,-0.2824717428535223,0.2159850675612688,-0.4432527255266905,-0.4686754662543535,0.22515907343477,0.0241170367226004,0.0,0.0
120,14.440928664058449,9.79758150689304,0.2634212632849813,0.7880663789808751,0.7543765742797405,2.510190078616142,0.1897829912602901,0.0165796704845679,3.761119675336911,-0.2618047155439854,-0.0548463653773069,0.2237654225900769,-0.105225077830255,-0.0289882341399788,0.1726793032139539,0.0,0.0
121,14.440928664058449,9.79758150689304,0.2634212632849813,0.7880663789808751,0.7543765742797405,2.510190078616142,0.1897829912602901,0.0165796704845679,3.761119675336911,0.2766030410304665,0.0275550965219736,-0.4236286673694849,0.1503566233441233,0.3179249310865998,-0.3046959314495325,0.0,0.0
122,14.440928664058449,9.79758150689304,0.2634212632849813,0.7880663789808751,0.7543765742797405,2.510190078616142,0.1897829912602901,0.0165796704845679,3.761119675336911,0.0630520982667803,-0.2509581411257386,0.2597556859254837,-0.3898973995819688,0.0798419299535453,-0.0292091228999197,0.0,0.0
123,14.440928664058449,9.79758150689304,0.2634212632849813,0.7880663789808751,0.7543765742797405,2.510190078616142,0.1897829912602901,0.0165796704845679,3.761119675336911,-0.0078241657465696,0.2805564125999808,-0.090896856971085,0.3725215615704655,-0.2732664288021624,0.2485570079647004,0.0,0.0
124,14.440928664058449,9.79758150689304,0.2634212632849813,0.7880663789808751,0.7543765742797405,2.510190078616142,0.1897829912602901,0.0165796704845679,3.761119675336911,-0.0921990439295768,-0.2048468878492713,-0.2544434182345867,0.469862156547606,-0.252203316334635,0.0460445962846279,0.0,0.0
125,14.440928664058449,9.79758150689304,0.2634212632849813,0.7880663789808751,0.7543765742797405,2.510190078616142,0.1897829912602901,0.0165796704845679,3.761119675336911,0.1474272223189473,0.1775557273998856,0.0785127496346831,-0.2686329307034611,0.0954362194053828,-0.1766973696649074,0.0,0.0
126,14.440928664058449,9.79758150689304,0.2634212632849813,0.7880663789808751,0.7543765742797405,2.510190078616142,0.1897829912602901,0.0165796704845679,3.761119675336911,0.1922280555590987,-0.1009576186537742,-0.2268808921799063,0.0055040037259459,0.206627527065575,-0.102184468973428,0.0,0.0
127,14.440928664058449,9.79758150689304,0.2634212632849813,0.7880663789808751,0.7543765742797405,2.510190078616142,0.1897829912602901,0.0165796704845679,3.761119675336911,-0.177429698780179,0.1305557817220687,0.434303330257535,-0.2417826382443308,-0.1457544820383191,0.3201671849004924,0.0,0.0
128,10.860193161293864,3.930873421952128,0.2873796077817678,0.829190268740058,0.854401141544804,2.9972624093294145,0.4947954869829118,0.0009795565151126,0.3016835523228815,0.0,0.0,0.0,0.0,0.0,0.0,0.0,0.0
129,10.860193161293864,3.930873421952128,0.2873796077817678,0.829190268740058,0.854401141544804,2.9972624093294145,0.4947954869829118,0.0009795565151126,0.3016835523228815,0.2074538223445415,0.1379397561773657,0.1990797203034162,-0.4855146631598472,-0.3116356262005865,0.0796191095374524,0.0,0.0
130,10.860193161293864,3.930873421952128,0.2873796077817678,0.829190268740058,0.854401141544804,2.9972624093294145,0.4947954869829118,0.0009795565151126,0.3016835523228815,0.1227713841944933,-0.2110119324177503,-0.1132101789116859,0.226183246821165,-0.0671441631391644,0.3304968807846308,0.0,0.0
131,10.860193161293864,3.930873421952128,0.2873796077817678,0.829190268740058,0.854401141544804,2.9972624093294145,0.4947954869829118,0.0009795565151126,0.3016835523228815,-0.1073871837928891,0.1656674835830927,0.2881018472835421,-0.021162474527955,0.2797903748229146,-0.1109794180840253,0.0,0.0
132,10.860193161293864,3.930873421952128,0.2873796077817678,0.829190268740058,0.854401141544804,2.9972624093294145,0.4947954869829118,0.0009795565151126,0.3016835523228815,-0.023012095503509,-0.2402142539620399,0.1236454807221889,-0.1347593795508146,0.2447987997904419,-0.2697468456812202,0.0,0.0
133,10.860193161293864,3.930873421952128,0.2873796077817678,0.829190268740058,0.854401141544804,2.9972624093294145,0.4947954869829118,0.0009795565151126,0.3016835523228815,0.0383964702486991,0.2879391610622405,-0.2914642998948693,0.1208852156996727,-0.1076045611873268,0.1392636316828429,0.0,0.0
134,10.860193161293864,3.930873421952128,0.2873796077817678,0.829190268740058,0.854401141544804,2.9972624093294145,0.4947954869829118,0.0009795565151126,0.3016835523228815,0.2918288748711348,-0.0610124906525015,0.392834865488112,-0.3569297827780247,-0.2137533427216112,0.2383862346410751,0.0,0.0
135,10.860193161293864,3.930873421952128,0.2873796077817678,0.829190268740058,0.854401141544804,2.9972624093294145,0.4947954869829118,0.0009795565151126,0.3016835523228815,-0.2371867144480347,0.0156680786982178,-0.1940087135881185,0.4055482354015112,0.1338220956735312,-0.0202339723706245,0.0,0.0
136,10.860193161293864,3.930873421952128,0.2873796077817678,0.829190268740058,0.854401141544804,2.9972624093294145,0.4947954869829118,0.0009795565151126,0.3016835523228815,-0.267209286801517,-0.1826535886153578,0.4750249655917287,0.0423750886693596,-0.284900448936969,-0.1327988309785723,0.0,0.0
137,10.860193161293864,3.930873421952128,0.2873796077817678,0.829190268740058,0.854401141544804,2.9972624093294145,0.4947954869829118,0.0009795565151126,0.3016835523228815,0.2524109870195388,0.1905193576589226,-0.1743374485522508,-0.2122322516515851,0.0626962735317647,0.2648203017190098,0.0,0.0
138,10.860193161293864,3.930873421952128,0.2873796077817678,0.829190268740058,0.854401141544804,2.9972624093294145,0.4947954869829118,0.0009795565151126,0.3016835523228815,0.017144077643752,-0.1162660092115402,0.0104497596621513,0.4530229112133384,0.348929220996797,0.013940214831382,0.0,0.0
139,10.860193161293864,3.930873421952128,0.2873796077817678,0.829190268740058,0.854401141544804,2.9972624093294145,0.4947954869829118,0.0009795565151126,0.3016835523228815,-0.07237203810364,0.1060200288891792,-0.3421407090499997,-0.3103721989318728,-0.0034952571615576,-0.2332886057905852,0.0,0.0
140,10.860193161293864,3.930873421952128,0.2873796077817678,0.829190268740058,0.854401141544804,2.9972624093294145,0.4947954869829118,0.0009795565151126,0.3016835523228815,-0.1379971241578459,-0.032654183730483,-0.0075793601572513,-0.4077451964840293,-0.1711037589237093,-0.0858060764148831,0.0,0.0
141,10.860193161293864,3.930873421952128,0.2873796077817678,0.829190268740058,0.854401141544804,2.9972624093294145,0.4947954869829118,0.0009795565151126,0.3016835523228815,0.082768989354372,0.0405199158936738,0.3312209835276007,0.3317298544570803,0.1758520422503352,0.216457006148994,0.0,0.0
142,10.860193161293864,3.930873421952128,0.2873796077817678,0.829190268740058,0.854401141544804,2.9972624093294145,0.4947954869829118,0.0009795565151126,0.3016835523228815,0.1867859367281198,-0.266265414096415,-0.4796038335189223,-0.0674082050099968,0.1127265668474137,0.1173373864032328,0.0,0.0
143,10.860193161293864,3.930873421952128,0.2873796077817678,0.829190268740058,0.854401141544804,2.9972624093294145,0.4947954869829118,0.0009795565151126,0.3016835523228815,-0.2015843393281102,0.256019470654428,0.1874549631029367,0.1789002614095807,-0.2403388117440044,-0.335316592361778,0.0,0.0
144,10.860193161293864,3.930873421952128,0.2873796077817678,0.829190268740058,0.854401141544804,2.9972624093294145,0.4947954869829118,0.0009795565151126,0.3016835523228815,-0.2168467283248901,-0.2928757667541504,-0.1528197927400469,-0.3161381389945745,0.2995427487418055,0.1828791146166622,0.0,0.0
145,10.860193161293864,3.930873421952128,0.2873796077817678,0.829190268740058,0.854401141544804,2.9972624093294145,0.4947954869829118,0.0009795565151126,0.3016835523228815,0.1622046248987317,0.2257573172450065,0.4458837416023016,0.4233960807323456,-0.0528176320716738,-0.0510298918001353,0.0,0.0
146,10.860193161293864,3.930873421952128,0.2873796077817678,0.829190268740058,0.854401141544804,2.9972624093294145,0.4947954869829118,0.0009795565151126,0.3016835523228815,0.0980669936165213,-0.0011733865365385,-0.359998419880867,-0.1633030734956264,-0.3340102230198681,-0.3265196835622191,0.0,0.0
147,10.860193161293864,3.930873421952128,0.2873796077817678,0.829190268740058,0.854401141544804,2.9972624093294145,0.4947954869829118,0.0009795565151126,0.3016835523228815,-0.113451150432229,0.0659845450893044,0.0354389129206538,0.0830684136599302,0.0136078513227403,0.1069990525022149,0.0,0.0
148,10.860193161293864,3.930873421952128,0.2873796077817678,0.829190268740058,0.854401141544804,2.9972624093294145,0.4947954869829118,0.0009795565151126,0.3016835523228815,-0.0478262744843959,-0.1428751358762383,0.3728746362030506,0.1966329161077737,0.1618196620605886,0.2982366004027426,0.0,0.0
149,10.860193161293864,3.930873421952128,0.2873796077817678,0.829190268740058,0.854401141544804,2.9972624093294145,0.4947954869829118,0.0009795565151126,0.3016835523228815,0.0324418717995286,0.0757567947730422,-0.0402667010203003,-0.0580336302518844,-0.19126708926633,-0.1677578873001038,0.0,0.0
150,10.860193161293864,3.930873421952128,0.2873796077817678,0.829190268740058,0.854401141544804,2.9972624093294145,0.4947954869829118,0.0009795565151126,0.3016835523228815,0.2278296081349253,-0.1511740174144506,0.1416530469432473,0.2947826273739338,-0.1217326512560248,-0.2422684723511338,0.0,0.0
151,10.860193161293864,3.930873421952128,0.2873796077817678,0.829190268740058,0.854401141544804,2.9972624093294145,0.4947954869829118,0.0009795565151126,0.3016835523228815,-0.2824717428535223,0.2159850675612688,-0.4432527255266905,-0.4686754662543535,0.22515907343477,0.0241170367226004,0.0,0.0
152,10.860193161293864,3.930873421952128,0.2873796077817678,0.829190268740058,0.854401141544804,2.9972624093294145,0.4947954869829118,0.0009795565151126,0.3016835523228815,-0.2618047155439854,-0.0548463653773069,0.2237654225900769,-0.105225077830255,-0.0289882341399788,0.1726793032139539,0.0,0.0
153,10.860193161293864,3.930873421952128,0.2873796077817678,0.829190268740058,0.854401141544804,2.9972624093294145,0.4947954869829118,0.0009795565151126,0.3016835523228815,0.2766030410304665,0.0275550965219736,-0.4236286673694849,0.1503566233441233,0.3179249310865998,-0.3046959314495325,0.0,0.0
154,10.860193161293864,3.930873421952128,0.2873796077817678,0.829190268740058,0.854401141544804,2.9972624093294145,0.4947954869829118,0.0009795565151126,0.3016835523228815,0.0630520982667803,-0.2509581411257386,0.2597556859254837,-0.3898973995819688,0.0798419299535453,-0.0292091228999197,0.0,0.0
155,10.860193161293864,3.930873421952128,0.2873796077817678,0.829190268740058,0.854401141544804,2.9972624093294145,0.4947954869829118,0.0009795565151126,0.3016835523228815,-0.0078241657465696,0.2805564125999808,-0.090896856971085,0.3725215615704655,-0.2732664288021624,0.2485570079647004,0.0,0.0
156,10.860193161293864,3.930873421952128,0.2873796077817678,0.829190268740058,0.854401141544804,2.9972624093294145,0.4947954869829118,0.0009795565151126,0.3016835523228815,-0.0921990439295768,-0.2048468878492713,-0.2544434182345867,0.469862156547606,-0.252203316334635,0.0460445962846279,0.0,0.0
157,10.860193161293864,3.930873421952128,0.2873796077817678,0.829190268740058,0.854401141544804,2.9972624093294145,0.4947954869829118,0.0009795565151126,0.3016835523228815,0.1474272223189473,0.1775557273998856,0.0785127496346831,-0.2686329307034611,0.0954362194053828,-0.1766973696649074,0.0,0.0
158,10.860193161293864,3.930873421952128,0.2873796077817678,0.829190268740058,0.854401141544804,2.9972624093294145,0.4947954869829118,0.0009795565151126,0.3016835523228815,0.1922280555590987,-0.1009576186537742,-0.2268808921799063,0.0055040037259459,0.206627527065575,-0.102184468973428,0.0,0.0
159,10.860193161293864,3.930873421952128,0.2873796077817678,0.829190268740058,0.854401141544804,2.9972624093294145,0.4947954869829118,0.0009795565151126,0.3016835523228815,-0.177429698780179,0.1305557817220687,0.434303330257535,-0.2417826382443308,-0.1457544820383191,0.3201671849004924,0.0,0.0
160,4.73136190790683,11.198147216811776,0.2339715598989278,0.8868422161787749,0.9906986349262296,1.8194379776716232,0.269711332116276,0.0283122013180948,4.818484881071823,0.0,0.0,0.0,0.0,0.0,0.0,0.0,0.0
161,4.73136190790683,11.198147216811776,0.2339715598989278,0.8868422161787749,0.9906986349262296,1.8194379776716232,0.269711332116276,0.0283122013180948,4.818484881071823,0.2074538223445415,0.1379397561773657,0.1990797203034162,-0.4855146631598472,-0.3116356262005865,0.0796191095374524,0.0,0.0
162,4.73136190790683,11.198147216811776,0.2339715598989278,0.8868422161787749,0.9906986349262296,1.8194379776716232,0.269711332116276,0.0283122013180948,4.818484881071823,0.1227713841944933,-0.2110119324177503,-0.1132101789116859,0.226183246821165,-0.0671441631391644,0.3304968807846308,0.0,0.0
163,4.73136190790683,11.198147216811776,0.2339715598989278,0.8868422161787749,0.9906986349262296,1.8194379776716232,0.269711332116276,0.0283122013180948,4.818484881071823,-0.1073871837928891,0.1656674835830927,0.2881018472835421,-0.021162474527955,0.2797903748229146,-0.1109794180840253,0.0,0.0
164,4.73136190790683,11.198147216811776,0.2339715598989278,0.8868422161787749,0.9906986349262296,1.8194379776716232,0.269711332116276,0.0283122013180948,4.818484881071823,-0.023012095503509,-0.2402142539620399,0.1236454807221889,-0.1347593795508146,0.2447987997904419,-0.2697468456812202,0.0,0.0
165,4.73136190790683,11.198147216811776,0.2339715598989278,0.8868422161787749,0.9906986349262296,1.8194379776716232,0.269711332116276,0.0283122013180948,4.818484881071823,0.0383964702486991,0.2879391610622405,-0.2914642998948693,0.1208852156996727,-0.1076045611873268,0.1392636316828429,0.0,0.0
166,4.73136190790683,11.198147216811776,0.2339715598989278,0.8868422161787749,0.9906986349262296,1.8194379776716232,0.269711332116276,0.0283122013180948,4.818484881071823,0.2918288748711348,-0.0610124906525015,0.392834865488112,-0.3569297827780247,-0.2137533427216112,0.2383862346410751,0.0,0.0
167,4.73136190790683,11.198147216811776,0.2339715598989278,0.8868422161787749,0.9906986349262296,1.8194379776716232,0.269711332116276,0.0283122013180948,4.818484881071823,-0.2371867144480347,0.0156680786982178,-0.1940087135881185,0.4055482354015112,0.1338220956735312,-0.0202339723706245,0.0,0.0
168,4.73136190790683,11.198147216811776,0.2339715598989278,0.8868422161787749,0.9906986349262296,1.8194379776716232,0.269711332116276,0.0283122013180948,4.818484881071823,-0.267209286801517,-0.1826535886153578,0.4750249655917287,0.0423750886693596,-0.284900448936969,-0.1327988309785723,0.0,0.0
169,4.73136190790683,11.198147216811776,0.2339715598989278,0.8868422161787749,0.9906986349262296,1.8194379776716232,0.269711332116276,0.0283122013180948,4.818484881071823,0.2524109870195388,0.1905193576589226,-0.1743374485522508,-0.2122322516515851,0.0626962735317647,0.2648203017190098,0.0,0.0
170,4.73136190790683,11.198147216811776,0.2339715598989278,0.8868422161787749,0.9906986349262296,1.8194379776716232,0.269711332116276,0.0283122013180948,4.818484881071823,0.017144077643752,-0.1162660092115402,0.0104497596621513,0.4530229112133384,0.348929220996797,0.013940214831382,0.0,0.0
171,4.73136190790683,11.198147216811776,0.2339715598989278,0.8868422161787749,0.9906986349262296,1.8194379776716232,0.269711332116276,0.0283122013180948,4.818484881071823,-0.07237203810364,0.1060200288891792,-0.3421407090499997,-0.3103721989318728,-0.0034952571615576,-0.2332886057905852,0.0,0.0
172,4.73136190790683,11.198147216811776,0.2339715598989278,0.8868422161787749,0.9906986349262296,1.8194379776716232,0.269711332116276,0.0283122013180948,4.818484881071823,-0.1379971241578459,-0.032654183730483,-0.0075793601572513,-0.4077451964840293,-0.1711037589237093,-0.0858060764148831,0.0,0.0
173,4.73136190790683,11.198147216811776,0.2339715598989278,0.8868422161787749,0.9906986349262296,1.8194379776716232,0.269711332116276,0.0283122013180948,4.818484881071823,0.082768989354372,0.0405199158936738,0.3312209835276007,0.3317298544570803,0.1758520422503352,0.216457006148994,0.0,0.0
174,4.73136190790683,11.198147216811776,0.2339715598989278,0.8868422161787749,0.9906986349262296,1.8194379776716232,0.269711332116276,0.0283122013180948,4.818484881071823,0.1867859367281198,-0.266265414096415,-0.4796038335189223,-0.0674082050099968,0.1127265668474137,0.1173373864032328,0.0,0.0
175,4.73136190790683,11.198147216811776,0.2339715598989278,0.8868422161787749,0.9906986349262296,1.8194379776716232,0.269711332116276,0.0283122013180948,4.818484881071823,-0.2015843393281102,0.256019470654428,0.1874549631029367,0.1789002614095807,-0.2403388117440044,-0.335316592361778,0.0,0.0
176,4.73136190790683,11.198147216811776,0.2339715598989278,0.8868422161787749,0.9906986349262296,1.8194379776716232,0.269711332116276,0.0283122013180948,4.818484881071823,-0.2168467283248901,-0.2928757667541504,-0.1528197927400469,-0.3161381389945745,0.2995427487418055,0.1828791146166622,0.0,0.0
177,4.73136190790683,11.198147216811776,0.2339715598989278,0.8868422161787749,0.9906986349262296,1.8194379776716232,0.269711332116276,0.0283122013180948,4.818484881071823,0.1622046248987317,0.2257573172450065,0.4458837416023016,0.4233960807323456,-0.0528176320716738,-0.0510298918001353,0.0,0.0
178,4.73136190790683,11.198147216811776,0.2339715598989278,0.8868422161787749,0.9906986349262296,1.8194379776716232,0.269711332116276,0.0283122013180948,4.818484881071823,0.0980669936165213,-0.0011733865365385,-0.359998419880867,-0.1633030734956264,-0.3340102230198681,-0.3265196835622191,0.0,0.0
179,4.73136190790683,11.198147216811776,0.2339715598989278,0.8868422161787749,0.9906986349262296,1.8194379776716232,0.269711332116276,0.0283122013180948,4.818484881071823,-0.113451150432229,0.0659845450893044,0.0354389129206538,0.0830684136599302,0.0136078513227403,0.1069990525022149,0.0,0.0
180,4.73136190790683,11.198147216811776,0.2339715598989278,0.8868422161787749,0.9906986349262296,1.8194379776716232,0.269711332116276,0.0283122013180948,4.818484881071823,-0.0478262744843959,-0.1428751358762383,0.3728746362030506,0.1966329161077737,0.1618196620605886,0.2982366004027426,0.0,0.0
181,4.73136190790683,11.198147216811776,0.2339715598989278,0.8868422161787749,0.9906986349262296,1.8194379776716232,0.269711332116276,0.0283122013180948,4.818484881071823,0.0324418717995286,0.0757567947730422,-0.0402667010203003,-0.0580336302518844,-0.19126708926633,-0.1677578873001038,0.0,0.0
182,4.73136190790683,11.198147216811776,0.2339715598989278,0.8868422161787749,0.9906986349262296,1.8194379776716232,0.269711332116276,0.0283122013180948,4.818484881071823,0.2278296081349253,-0.1511740174144506,0.1416530469432473,0.2947826273739338,-0.1217326512560248,-0.2422684723511338,0.0,0.0
183,4.73136190790683,11.198147216811776,0.2339715598989278,0.8868422161787749,0.9906986349262296,1.8194379776716232,0.269711332116276,0.0283122013180948,4.818484881071823,-0.2824717428535223,0.2159850675612688,-0.4432527255266905,-0.4686754662543535,0.22515907343477,0.0241170367226004,0.0,0.0
184,4.73136190790683,11.198147216811776,0.2339715598989278,0.8868422161787749,0.9906986349262296,1.8194379776716232,0.269711332116276,0.0283122013180948,4.818484881071823,-0.2618047155439854,-0.0548463653773069,0.2237654225900769,-0.105225077830255,-0.0289882341399788,0.1726793032139539,0.0,0.0
185,4.73136190790683,11.198147216811776,0.2339715598989278,0.8868422161787749,0.9906986349262296,1.8194379776716232,0.269711332116276,0.0283122013180948,4.818484881071823,0.2766030410304665,0.0275550965219736,-0.4236286673694849,0.1503566233441233,0.3179249310865998,-0.3046959314495325,0.0,0.0
186,4.73136190790683,11.198147216811776,0.2339715598989278,0.8868422161787749,0.9906986349262296,1.8194379776716232,0.269711332116276,0.0283122013180948,4.818484881071823,0.0630520982667803,-0.2509581411257386,0.2597556859254837,-0.3898973995819688,0.0798419299535453,-0.0292091228999197,0.0,0.0
187,4.73136190790683,11.198147216811776,0.2339715598989278,0.8868422161787749,0.9906986349262296,1.8194379776716232,0.269711332116276,0.0283122013180948,4.818484881071823,-0.0078241657465696,0.2805564125999808,-0.090896856971085,0.3725215615704655,-0.2732664288021624,0.2485570079647004,0.0,0.0
188,4.73136190790683,11.198147216811776,0.2339715598989278,0.8868422161787749,0.9906986349262296,1.8194379776716232,0.269711332116276,0.0283122013180948,4.818484881071823,-0.0921990439295768,-0.2048468878492713,-0.2544434182345867,0.469862156547606,-0.252203316334635,0.0460445962846279,0.0,0.0
189,4.73136190790683,11.198147216811776,0.2339715598989278,0.8868422161787749,0.9906986349262296,1.8194379776716232,0.269711332116276,0.0283122013180948,4.818484881071823,0.1474272223189473,0.1775557273998856,0.0785127496346831,-0.2686329307034611,0.0954362194053828,-0.1766973696649074,0.0,0.0
190,4.73136190790683,11.198147216811776,0.2339715598989278,0.8868422161787749,0.9906986349262296,1.8194379776716232,0.269711332116276,0.0283122013180948,4.818484881071823,0.1922280555590987,-0.1009576186537742,-0.2268808921799063,0.0055040037259459,0.206627527065575,-0.102184468973428,0.0,0.0
191,4.73136190790683,11.198147216811776,0.2339715598989278,0.8868422161787749,0.9906986349262296,1.8194379776716232,0.269711332116276,0.0283122013180948,4.818484881071823,-0.177429698780179,0.1305557817220687,0.434303330257535,-0.2417826382443308,-0.1457544820383191,0.3201671849004924,0.0,0.0
192,6.438771355897188,6.834170285612345,0.2352440965175628,0.6775986541062594,1.1455021404661236,1.7217776998877523,0.3945066199637949,0.0063143111473827,1.3196547774632796,0.0,0.0,0.0,0.0,0.0,0.0,0.0,0.0
193,6.438771355897188,6.834170285612345,0.2352440965175628,0.6775986541062594,1.1455021404661236,1.7217776998877523,0.3945066199637949,0.0063143111473827,1.3196547774632796,0.2074538223445415,0.1379397561773657,0.1990797203034162,-0.4855146631598472,-0.3116356262005865,0.0796191095374524,0.0,0.0
194,6.438771355897188,6.834170285612345,0.2352440965175628,0.6775986541062594,1.1455021404661236,1.7217776998877523,0.3945066199637949,0.0063143111473827,1.3196547774632796,0.1227713841944933,-0.2110119324177503,-0.1132101789116859,0.226183246821165,-0.0671441631391644,0.3304968807846308,0.0,0.0
195,6.438771355897188,6.834170285612345,0.2352440965175628,0.6775986541062594,1.1455021404661236,1.7217776998877523,0.3945066199637949,0.0063143111473827,1.3196547774632796,-0.1073871837928891,0.1656674835830927,0.2881018472835421,-0.021162474527955,0.2797903748229146,-0.1109794180840253,0.0,0.0
196,6.438771355897188,6.834170285612345,0.2352440965175628,0.6775986541062594,1.1455021404661236,1.7217776998877523,0.3945066199637949,0.0063143111473827,1.3196547774632796,-0.023012095503509,-0.2402142539620399,0.1236454807221889,-0.1347593795508146,0.2447987997904419,-0.2697468456812202,0.0,0.0
197,6.438771355897188,6.834170285612345,0.2352440965175628,0.6775986541062594,1.1455021404661236,1.7217776998877523,0.3945066199637949,0.0063143111473827,1.3196547774632796,0.0383964702486991,0.2879391610622405,-0.2914642998948693,0.1208852156996727,-0.1076045611873268,0.1392636316828429,0.0,0.0
198,6.438771355897188,6.834170285612345,0.2352440965175628,0.6775986541062594,1.1455021404661236,1.7217776998877523,0.3945066199637949,0.0063143111473827,1.3196547774632796,0.2918288748711348,-0.0610124906525015,0.392834865488112,-0.3569297827780247,-0.2137533427216112,0.2383862346410751,0.0,0.0
199,6.438771355897188,6.834170285612345,0.2352440965175628,0.6775986541062594,1.1455021404661236,1.7217776998877523,0.3945066199637949,0.0063143111473827,1.3196547774632796,-0.2371867144480347,0.0156680786982178,-0.1940087135881185,0.4055482354015112,0.1338220956735312,-0.0202339723706245,0.0,0.0
200,6.438771355897188,6.834170285612345,0.2352440965175628,0.6775986541062594,1.1455021404661236,1.7217776998877523,0.3945066199637949,0.0063143111473827,1.3196547774632796,-0.267209286801517,-0.1826535886153578,0.4750249655917287,0.0423750886693596,-0.284900448936969,-0.1327988309785723,0.0,0.0
201,6.438771355897188,6.834170285612345,0.2352440965175628,0.6775986541062594,1.1455021404661236,1.7217776998877523,0.3945066199637949,0.0063143111473827,1.3196547774632796,0.2524109870195388,0.1905193576589226,-0.1743374485522508,-0.2122322516515851,0.0626962735317647,0.2648203017190098,0.0,0.0
202,6.438771355897188,6.834170285612345,0.2352440965175628,0.6775986541062594,1.1455021404661236,1.7217776998877523,0.3945066199637949,0.0063143111473827,1.3196547774632796,0.017144077643752,-0.1162660092115402,0.0104497596621513,0.4530229112133384,0.348929220996797,0.013940214831382,0.0,0.0
203,6.438771355897188,6.834170285612345,0.2352440965175628,0.6775986541062594,1.1455021404661236,1.7217776998877523,0.3945066199637949,0.0063143111473827,1.3196547774632796,-0.07237203810364,0.1060200288891792,-0.3421407090499997,-0.3103721989318728,-0.0034952571615576,-0.2332886057905852,0.0,0.0
204,6.438771355897188,6.834170285612345,0.2352440965175628,0.6775986541062594,1.1455021404661236,1.7217776998877523,0.3945066199637949,0.0063143111473827,1.3196547774632796,-0.1379971241578459,-0.032654183730483,-0.0075793601572513,-0.4077451964840293,-0.1711037589237093,-0.0858060764148831,0.0,0.0
205,6.438771355897188,6.834170285612345,0.2352440965175628,0.6775986541062594,1.1455021404661236,1.7217776998877523,0.3945066199637949,0.0063143111473827,1.3196547774632796,0.082768989354372,0.0405199158936738,0.3312209835276007,0.3317298544570803,0.1758520422503352,0.216457006148994,0.0,0.0
206,6.438771355897188,6.834170285612345,0.2352440965175628,0.6775986541062594,1.1455021404661236,1.7217776998877523,0.3945066199637949,0.0063143111473827,1.3196547774632796,0.1867859367281198,-0.266265414096415,-0.4796038335189223,-0.0674082050099968,0.1127265668474137,0.1173373864032328,0.0,0.0
207,6.438771355897188,6.834170285612345,0.2352440965175628,0.6775986541062594,1.1455021404661236,1.7217776998877523,0.3945066199637949,0.0063143111473827,1.3196547774632796,-0.2015843393281102,0.256019470654428,0.1874549631029367,0.1789002614095807,-0.2403388117440044,-0.335316592361778,0.0,0.0
208,6.438771355897188,6.834170285612345,0.2352440965175628,0.6775986541062594,1.1455021404661236,1.7217776998877523,0.3945066199637949,0.0063143111473827,1.3196547774632796,-0.2168467283248901,-0.2928757667541504,-0.1528197927400469,-0.3161381389945745,0.2995427487418055,0.1828791146166622,0.0,0.0
209,6.438771355897188,6.834170285612345,0.2352440965175628,0.6775986541062594,1.1455021404661236,1.7217776998877523,0.3945066199637949,0.0063143111473827,1.3196547774632796,0.1622046248987317,0.2257573172450065,0.4458837416023016,0.4233960807323456,-0.0528176320716738,-0.0510298918001353,0.0,0.0
210,6.438771355897188,6.834170285612345,0.2352440965175628,0.6775986541062594,1.1455021404661236,1.7217776998877523,0.3945066199637949,0.0063143111473827,1.3196547774632796,0.0980669936165213,-0.0011733865365385,-0.359998419880867,-0.1633030734956264,-0.3340102230198681,-0.3265196835622191,0.0,0.0
211,6.438771355897188,6.834170285612345,0.2352440965175628,0.6775986541062594,1.1455021404661236,1.7217776998877523,0.3945066199637949,0.0063143111473827,1.3196547774632796,-0.113451150432229,0.0659845450893044,0.0354389129206538,0.0830684136599302,0.0136078513227403,0.1069990525022149,0.0,0.0
212,6.438771355897188,6.834170285612345,0.2352440965175628,0.6775986541062594,1.1455021404661236,1.7217776998877523,0.3945066199637949,0.0063143111473827,1.3196547774632796,-0.0478262744843959,-0.1428751358762383,0.3728746362030506,0.1966329161077737,0.1618196620605886,0.2982366004027426,0.0,0.0
213,6.438771355897188,6.834170285612345,0.2352440965175628,0.6775986541062594,1.1455021404661236,1.7217776998877523,0.3945066199637949,0.0063143111473827,1.3196547774632796,0.0324418717995286,0.0757567947730422,-0.0402667010203003,-0.0580336302518844,-0.19126708926633,-0.1677578873001038,0.0,0.0
214,6.438771355897188,6.834170285612345,0.2352440965175628,0.6775986541062594,1.1455021404661236,1.7217776998877523,0.3945066199637949,0.0063143111473827,1.3196547774632796,0.2278296081349253,-0.1511740174144506,0.1416530469432473,0.2947826273739338,-0.1217326512560248,-0.2422684723511338,0.0,0.0
215,6.438771355897188,6.834170285612345,0.2352440965175628,0.6775986541062594,1.1455021404661236,1.7217776998877523,0.3945066199637949,0.0063143111473827,1.3196547774632796,-0.2824717428535223,0.2159850675612688,-0.4432527255266905,-0.4686754662543535,0.22515907343477,0.0241170367226004,0.0,0.0
216,6.438771355897188,6.834170285612345,0.2352440965175628,0.6775986541062594,1.1455021404661236,1.7217776998877523,0.3945066199637949,0.0063143111473827,1.3196547774632796,-0.2618047155439854,-0.0548463653773069,0.2237654225900769,-0.105225077830255,-0.0289882341399788,0.1726793032139539,0.0,0.0
217,6.438771355897188,6.834170285612345,0.2352440965175628,0.6775986541062594,1.1455021404661236,1.7217776998877523,0.3945066199637949,0.0063143111473827,1.3196547774632796,0.2766030410304665,0.0275550965219736,-0.4236286673694849,0.1503566233441233,0.3179249310865998,-0.3046959314495325,0.0,0.0
218,6.438771355897188,6.834170285612345,0.2352440965175628,0.6775986541062594,1.1455021404661236,1.7217776998877523,0.3945066199637949,0.0063143111473827,1.3196547774632796,0.0630520982667803,-0.2509581411257386,0.2597556859254837,-0.3898973995819688,0.0798419299535453,-0.0292091228999197,0.0,0.0
219,6.438771355897188,6.834170285612345,0.2352440965175628,0.6775986541062594,1.1455021404661236,1.7217776998877523,0.3945066199637949,0.0063143111473827,1.3196547774632796,-0.0078241657465696,0.2805564125999808,-0.090896856971085,0.3725215615704655,-0.2732664288021624,0.2485570079647004,0.0,0.0
220,6.438771355897188,6.834170285612345,0.2352440965175628,0.6775986541062594,1.1455021404661236,1.7217776998877523,0.3945066199637949,0.0063143111473827,1.3196547774632796,-0.0921990439295768,-0.2048468878492713,-0.2544434182345867,0.469862156547606,-0.252203316334635,0.0460445962846279,0.0,0.0
221,6.438771355897188,6.834170285612345,0.2352440965175628,0.6775986541062594,1.1455021404661236,1.7217776998877523,0.3945066199637949,0.0063143111473827,1.3196547774632796,0.1474272223189473,0.1775557273998856,0.0785127496346831,-0.2686329307034611,0.0954362194053828,-0.1766973696649074,0.0,0.0
222,6.438771355897188,6.834170285612345,0.2352440965175628,0.6775986541062594,1.1455021404661236,1.7217776998877523,0.3945066199637949,0.0063143111473827,1.3196547774632796,0.1922280555590987,-0.1009576186537742,-0.2268808921799063,0.0055040037259459,0.206627527065575,-0.102184468973428,0.0,0.0
223,6.438771355897188,6.834170285612345,0.2352440965175628,0.6775986541062594,1.1455021404661236,1.7217776998877523,0.3945066199637949,0.0063143111473827,1.3196547774632796,-0.177429698780179,0.1305557817220687,0.434303330257535,-0.2417826382443308,-0.1457544820383191,0.3201671849004924,0.0,0.0
224,19.989513884298503,8.32200337946415,0.1835348951537162,1.0321499202400446,0.896708241244778,2.299607853591442,0.1195882118307054,0.0022794620572771,0.9031061612420058,0.0,0.0,0.0,0.0,0.0,0.0,0.0,0.0
225,19.989513884298503,8.32200337946415,0.1835348951537162,1.0321499202400446,0.896708241244778,2.299607853591442,0.1195882118307054,0.0022794620572771,0.9031061612420058,0.2074538223445415,0.1379397561773657,0.1990797203034162,-0.4855146631598472,-0.3116356262005865,0.0796191095374524,0.0,0.0
226,19.989513884298503,8.32200337946415,0.1835348951537162,1.0321499202400446,0.896708241244778,2.299607853591442,0.1195882118307054,0.0022794620572771,0.9031061612420058,0.1227713841944933,-0.2110119324177503,-0.1132101789116859,0.226183246821165,-0.0671441631391644,0.3304968807846308,0.0,0.0
227,19.989513884298503,8.32200337946415,0.1835348951537162,1.0321499202400446,0.896708241244778,2.299607853591442,0.1195882118307054,0.0022794620572771,0.9031061612420058,-0.1073871837928891,0.1656674835830927,0.2881018472835421,-0.021162474527955,0.2797903748229146,-0.1109794180840253,0.0,0.0
228,19.989513884298503,8.32200337946415,0.1835348951537162,1.0321499202400446,0.896708241244778,2.299607853591442,0.1195882118307054,0.0022794620572771,0.9031061612420058,-0.023012095503509,-0.2402142539620399,0.1236454807221889,-0.1347593795508146,0.2447987997904419,-0.2697468456812202,0.0,0.0
229,19.989513884298503,8.32200337946415,0.1835348951537162,1.0321499202400446,0.896708241244778,2.299607853591442,0.1195882118307054,0.0022794620572771,0.9031061612420058,0.0383964702486991,0.2879391610622405,-0.2914642998948693,0.1208852156996727,-0.1076045611873268,0.1392636316828429,0.0,0.0
230,19.989513884298503,8.32200337946415,0.1835348951537162,1.0321499202400446,0.896708241244778,2.299607853591442,0.1195882118307054,0.0022794620572771,0.9031061612420058,0.2918288748711348,-0.0610124906525015,0.392834865488112,-0.3569297827780247,-0.2137533427216112,0.2383862346410751,0.0,0.0
231,19.989513884298503,8.32200337946415,0.1835348951537162,1.0321499202400446,0.896708241244778,2.299607853591442,0.1195882118307054,0.0022794620572771,0.9031061612420058,-0.2371867144480347,0.0156680786982178,-0.1940087135881185,0.4055482354015112,0.1338220956735312,-0.0202339723706245,0.0,0.0
232,19.989513884298503,8.32200337946415,0.1835348951537162,1.0321499202400446,0.896708241244778,2.299607853591442,0.1195882118307054,0.0022794620572771,0.9031061612420058,-0.267209286801517,-0.1826535886153578,0.4750249655917287,0.0423750886693596,-0.284900448936969,-0.1327988309785723,0.0,0.0
233,19.989513884298503,8.32200337946415,0.1835348951537162,1.0321499202400446,0.896708241244778,2.299607853591442,0.1195882118307054,0.0022794620572771,0.9031061612420058,0.2524109870195388,0.1905193576589226,-0.1743374485522508,-0.2122322516515851,0.0626962735317647,0.2648203017190098,0.0,0.0
234,19.989513884298503,8.32200337946415,0.1835348951537162,1.0321499202400446,0.896708241244778,2.299607853591442,0.1195882118307054,0.0022794620572771,0.9031061612420058,0.017144077643752,-0.1162660092115402,0.0104497596621513,0.4530229112133384,0.348929220996797,0.013940214831382,0.0,0.0
235,19.989513884298503,8.32200337946415,0.1835348951537162,1.0321499202400446,0.896708241244778,2.299607853591442,0.1195882118307054,0.0022794620572771,0.9031061612420058,-0.07237203810364,0.1060200288891792,-0.3421407090499997,-0.3103721989318728,-0.0034952571615576,-0.2332886057905852,0.0,0.0
236,19.989513884298503,8.32200337946415,0.1835348951537162,1.0321499202400446,0.896708241244778,2.299607853591442,0.1195882118307054,0.0022794620572771,0.9031061612420058,-0.1379971241578459,-0.032654183730483,-0.0075793601572513,-0.4077451964840293,-0.1711037589237093,-0.0858060764148831,0.0,0.0
237,19.989513884298503,8.32200337946415,0.1835348951537162,1.0321499202400446,0.896708241244778,2.299607853591442,0.1195882118307054,0.0022794620572771,0.9031061612420058,0.082768989354372,0.0405199158936738,0.3312209835276007,0.3317298544570803,0.1758520422503352,0.216457006148994,0.0,0.0
238,19.989513884298503,8.32200337946415,0.1835348951537162,1.0321499202400446,0.896708241244778,2.299607853591442,0.1195882118307054,0.0022794620572771,0.9031061612420058,0.1867859367281198,-0.266265414096415,-0.4796038335189223,-0.0674082050099968,0.1127265668474137,0.1173373864032328,0.0,0.0
239,19.989513884298503,8.32200337946415,0.1835348951537162,1.0321499202400446,0.896708241244778,2.299607853591442,0.1195882118307054,0.0022794620572771,0.9031061612420058,-0.2015843393281102,0.256019470654428,0.1874549631029367,0.1789002614095807,-0.2403388117440044,-0.335316592361778,0.0,0.0
240,19.989513884298503,8.32200337946415,0.1835348951537162,1.0321499202400446,0.896708241244778,2.299607853591442,0.1195882118307054,0.0022794620572771,0.9031061612420058,-0.2168467283248901,-0.2928757667541504,-0.1528197927400469,-0.3161381389945745,0.2995427487418055,0.1828791146166622,0.0,0.0
241,19.989513884298503,8.32200337946415,0.1835348951537162,1.0321499202400446,0.896708241244778,2.299607853591442,0.1195882118307054,0.0022794620572771,0.9031061612420058,0.1622046248987317,0.2257573172450065,0.4458837416023016,0.4233960807323456,-0.0528176320716738,-0.0510298918001353,0.0,0.0
242,19.989513884298503,8.32200337946415,0.1835348951537162,1.0321499202400446,0.896708241244778,2.299607853591442,0.1195882118307054,0.0022794620572771,0.9031061612420058,0.0980669936165213,-0.0011733865365385,-0.359998419880867,-0.1633030734956264,-0.3340102230198681,-0.3265196835622191,0.0,0.0
243,19.989513884298503,8.32200337946415,0.1835348951537162,1.0321499202400446,0.896708241244778,2.299607853591442,0.1195882118307054,0.0022794620572771,0.9031061612420058,-0.113451150432229,0.0659845450893044,0.0354389129206538,0.0830684136599302,0.0136078513227403,0.1069990525022149,0.0,0.0
244,19.989513884298503,8.32200337946415,0.1835348951537162,1.0321499202400446,0.896708241244778,2.299607853591442,0.1195882118307054,0.0022794620572771,0.9031061612420058,-0.0478262744843959,-0.1428751358762383,0.3728746362030506,0.1966329161077737,0.1618196620605886,0.2982366004027426,0.0,0.0
245,19.989513884298503,8.32200337946415,0.1835348951537162,1.0321499202400446,0.896708241244778,2.299607853591442,0.1195882118307054,0.0022794620572771,0.9031061612420058,0.0324418717995286,0.0757567947730422,-0.0402667010203003,-0.0580336302518844,-0.19126708926633,-0.1677578873001038,0.0,0.0
246,19.989513884298503,8.32200337946415,0.1835348951537162,1.0321499202400446,0.896708241244778,2.299607853591442,0.1195882118307054,0.0022794620572771,0.9031061612420058,0.2278296081349253,-0.1511740174144506,0.1416530469432473,0.2947826273739338,-0.1217326512560248,-0.2422684723511338,0.0,0.0
247,19.989513884298503,8.32200337946415,0.1835348951537162,1.0321499202400446,0.896708241244778,2.299607853591442,0.1195882118307054,0.0022794620572771,0.9031061612420058,-0.2824717428535223,0.2159850675612688,-0.4432527255266905,-0.4686754662543535,0.22515907343477,0.0241170367226004,0.0,0.0
248,19.989513884298503,8.32200337946415,0.1835348951537162,1.0321499202400446,0.896708241244778,2.299607853591442,0.1195882118307054,0.0022794620572771,0.9031061612420058,-0.2618047155439854,-0.0548463653773069,0.2237654225900769,-0.105225077830255,-0.0289882341399788,0.1726793032139539,0.0,0.0
249,19.989513884298503,8.32200337946415,0.1835348951537162,1.0321499202400446,0.896708241244778,2.299607853591442,0.1195882118307054,0.0022794620572771,0.9031061612420058,0.2766030410304665,0.0275550965219736,-0.4236286673694849,0.1503566233441233,0.3179249310865998,-0.3046959314495325,0.0,0.0
250,19.989513884298503,8.32200337946415,0.1835348951537162,1.0321499202400446,0.896708241244778,2.299607853591442,0.1195882118307054,0.0022794620572771,0.9031061612420058,0.0630520982667803,-0.2509581411257386,0.2597556859254837,-0.3898973995819688,0.0798419299535453,-0.0292091228999197,0.0,0.0
251,19.989513884298503,8.32200337946415,0.1835348951537162,1.0321499202400446,0.896708241244778,2.299607853591442,0.1195882118307054,0.0022794620572771,0.9031061612420058,-0.0078241657465696,0.2805564125999808,-0.090896856971085,0.3725215615704655,-0.2732664288021624,0.2485570079647004,0.0,0.0
252,19.989513884298503,8.32200337946415,0.1835348951537162,1.0321499202400446,0.896708241244778,2.299607853591442,0.1195882118307054,0.0022794620572771,0.9031061612420058,-0.0921990439295768,-0.2048468878492713,-0.2544434182345867,0.469862156547606,-0.252203316334635,0.0460445962846279,0.0,0.0
253,19.989513884298503,8.32200337946415,0.1835348951537162,1.0321499202400446,0.896708241244778,2.299607853591442,0.1195882118307054,0.0022794620572771,0.9031061612420058,0.1474272223189473,0.1775557273998856,0.0785127496346831,-0.2686329307034611,0.0954362194053828,-0.1766973696649074,0.0,0.0
254,19.989513884298503,8.32200337946415,0.1835348951537162,1.0321499202400446,0.896708241244778,2.299607853591442,0.1195882118307054,0.0022794620572771,0.9031061612420058,0.1922280555590987,-0.1009576186537742,-0.2268808921799063,0.0055040037259459,0.206627527065575,-0.102184468973428,0.0,0.0
255,19.989513884298503,8.32200337946415,0.1835348951537162,1.0321499202400446,0.896708241244778,2.299607853591442,0.1195882118307054,0.0022794620572771,0.9031061612420058,-0.177429698780179,0.1305557817220687,0.434303330257535,-0.2417826382443308,-0.1457544820383191,0.3201671849004924,0.0,0.0
256,17.777522137388587,2.131301181390881,0.2501605999376625,0.8561914548277856,1.0996747680008412,2.4095322728157043,0.5221060805022717,0.001245085411664,0.3271579552383382,0.0,0.0,0.0,0.0,0.0,0.0,0.0,0.0
257,17.777522137388587,2.131301181390881,0.2501605999376625,0.8561914548277856,1.0996747680008412,2.4095322728157043,0.5221060805022717,0.001245085411664,0.3271579552383382,0.2074538223445415,0.1379397561773657,0.1990797203034162,-0.4855146631598472,-0.3116356262005865,0.0796191095374524,0.0,0.0
258,17.777522137388587,2.131301181390881,0.2501605999376625,0.8561914548277856,1.0996747680008412,2.4095322728157043,0.5221060805022717,0.001245085411664,0.3271579552383382,0.1227713841944933,-0.2110119324177503,-0.1132101789116859,0.226183246821165,-0.0671441631391644,0.3304968807846308,0.0,0.0
259,17.777522137388587,2.131301181390881,0.2501605999376625,0.8561914548277856,1.0996747680008412,2.4095322728157043,0.5221060805022717,0.001245085411664,0.3271579552383382,-0.1073871837928891,0.1656674835830927,0.2881018472835421,-0.021162474527955,0.2797903748229146,-0.1109794180840253,0.0,0.0
260,17.777522137388587,2.131301181390881,0.2501605999376625,0.8561914548277856,1.0996747680008412,2.4095322728157043,0.5221060805022717,0.001245085411664,0.3271579552383382,-0.023012095503509,-0.2402142539620399,0.1236454807221889,-0.1347593795508146,0.2447987997904419,-0.2697468456812202,0.0,0.0
261,17.777522137388587,2.131301181390881,0.2501605999376625,0.8561914548277856,1.0996747680008412,2.4095322728157043,0.5221060805022717,0.001245085411664,0.3271579552383382,0.0383964702486991,0.2879391610622405,-0.2914642998948693,0.1208852156996727,-0.1076045611873268,0.1392636316828429,0.0,0.0
262,17.777522137388587,2.131301181390881,0.2501605999376625,0.8561914548277856,1.0996747680008412,2.4095322728157043,0.5221060805022717,0.001245085411664,0.3271579552383382,0.2918288748711348,-0.0610124906525015,0.392834865488112,-0.3569297827780247,-0.2137533427216112,0.2383862346410751,0.0,0.0
263,17.777522137388587,2.131301181390881,0.2501605999376625,0.8561914548277856,1.0996747680008412,2.4095322728157043,0.5221060805022717,0.001245085411664,0.3271579552383382,-0.2371867144480347,0.0156680786982178,-0.1940087135881185,0.4055482354015112,0.1338220956735312,-0.0202339723706245,0.0,0.0
264,17.777522137388587,2.131301181390881,0.2501605999376625,0.8561914548277856,1.0996747680008412,2.4095322728157043,0.5221060805022717,0.001245085411664,0.3271579552383382,-0.267209286801517,-0.1826535886153578,0.4750249655917287,0.0423750886693596,-0.284900448936969,-0.1327988309785723,0.0,0.0
265,17.777522137388587,2.131301181390881,0.2501605999376625,0.8561914548277856,1.0996747680008412,2.4095322728157043,0.5221060805022717,0.001245085411664,0.3271579552383382,0.2524109870195388,0.1905193576589226,-0.1743374485522508,-0.2122322516515851,0.0626962735317647,0.2648203017190098,0.0,0.0
266,17.777522137388587,2.131301181390881,0.2501605999376625,0.8561914548277856,1.0996747680008412,2.4095322728157043,0.5221060805022717,0.001245085411664,0.3271579552383382,0.017144077643752,-0.1162660092115402,0.0104497596621513,0.4530229112133384,0.348929220996797,0.013940214831382,0.0,0.0
267,17.777522137388587,2.131301181390881,0.2501605999376625,0.8561914548277856,1.0996747680008412,2.4095322728157043,0.5221060805022717,0.001245085411664,0.3271579552383382,-0.07237203810364,0.1060200288891792,-0.3421407090499997,-0.3103721989318728,-0.0034952571615576,-0.2332886057905852,0.0,0.0
268,17.777522137388587,2.131301181390881,0.2501605999376625,0.8561914548277856,1.0996747680008412,2.4095322728157043,0.5221060805022717,0.001245085411664,0.3271579552383382,-0.1379971241578459,-0.032654183730483,-0.0075793601572513,-0.4077451964840293,-0.1711037589237093,-0.0858060764148831,0.0,0.0
269,17.777522137388587,2.131301181390881,0.2501605999376625,0.8561914548277856,1.0996747680008412,2.4095322728157043,0.5221060805022717,0.001245085411664,0.3271579552383382,0.082768989354372,0.0405199158936738,0.3312209835276007,0.3317298544570803,0.1758520422503352,0.216457006148994,0.0,0.0
270,17.777522137388587,2.131301181390881,0.2501605999376625,0.8561914548277856,1.0996747680008412,2.4095322728157043,0.5221060805022717,0.001245085411664,0.3271579552383382,0.1867859367281198,-0.266265414096415,-0.4796038335189223,-0.0674082050099968,0.1127265668474137,0.1173373864032328,0.0,0.0
271,17.777522137388587,2.131301181390881,0.2501605999376625,0.8561914548277856,1.0996747680008412,2.4095322728157043,0.5221060805022717,0.001245085411664,0.3271579552383382,-0.2015843393281102,0.256019470654428,0.1874549631029367,0.1789002614095807,-0.2403388117440044,-0.335316592361778,0.0,0.0
272,17.777522137388587,2.131301181390881,0.2501605999376625,0.8561914548277856,1.0996747680008412,2.4095322728157043,0.5221060805022717,0.001245085411664,0.3271579552383382,-0.2168467283248901,-0.2928757667541504,-0.1528197927400469,-0.3161381389945745,0.2995427487418055,0.1828791146166622,0.0,0.0
273,17.777522137388587,2.131301181390881,0.2501605999376625,0.8561914548277856,1.0996747680008412,2.4095322728157043,0.5221060805022717,0.001245085411664,0.3271579552383382,0.1622046248987317,0.2257573172450065,0.4458837416023016,0.4233960807323456,-0.0528176320716738,-0.0510298918001353,0.0,0.0
274,17.777522137388587,2.131301181390881,0.2501605999376625,0.8561914548277856,1.0996747680008412,2.4095322728157043,0.5221060805022717,0.001245085411664,0.3271579552383382,0.0980669936165213,-0.0011733865365385,-0.359998419880867,-0.1633030734956264,-0.3340102230198681,-0.3265196835622191,0.0,0.0
275,17.777522137388587,2.131301181390881,0.2501605999376625,0.8561914548277856,1.0996747680008412,2.4095322728157043,0.5221060805022717,0.001245085411664,0.3271579552383382,-0.113451150432229,0.0659845450893044,0.0354389129206538,0.0830684136599302,0.0136078513227403,0.1069990525022149,0.0,0.0
276,17.777522137388587,2.131301181390881,0.2501605999376625,0.8561914548277856,1.0996747680008412,2.4095322728157043,0.5221060805022717,0.001245085411664,0.3271579552383382,-0.0478262744843959,-0.1428751358762383,0.3728746362030506,0.1966329161077737,0.1618196620605886,0.2982366004027426,0.0,0.0
277,17.777522137388587,2.131301181390881,0.2501605999376625,0.8561914548277856,1.0996747680008412,2.4095322728157043,0.5221060805022717,0.001245085411664,0.3271579552383382,0.0324418717995286,0.0757567947730422,-0.0402667010203003,-0.0580336302518844,-0.19126708926633,-0.1677578873001038,0.0,0.0
278,17.777522137388587,2.131301181390881,0.2501605999376625,0.8561914548277856,1.0996747680008412,2.4095322728157043,0.5221060805022717,0.001245085411664,0.3271579552383382,0.2278296081349253,-0.1511740174144506,0.1416530469432473,0.2947826273739338,-0.1217326512560248,-0.2422684723511338,0.0,0.0
279,17.777522137388587,2.131301181390881,0.2501605999376625,0.8561914548277856,1.0996747680008412,2.4095322728157043,0.5221060805022717,0.001245085411664,0.3271579552383382,-0.2824717428535223,0.2159850675612688,-0.4432527255266905,-0.4686754662543535,0.22515907343477,0.0241170367226004,0.0,0.0
280,17.777522137388587,2.131301181390881,0.2501605999376625,0.8561914548277856,1.0996747680008412,2.4095322728157043,0.5221060805022717,0.001245085411664,0.3271579552383382,-0.2618047155439854,-0.0548463653773069,0.2237654225900769,-0.105225077830255,-0.0289882341399788,0.1726793032139539,0.0,0.0
281,17.777522137388587,2.131301181390881,0.2501605999376625,0.8561914548277856,1.0996747680008412,2.4095322728157043,0.5221060805022717,0.001245085411664,0.3271579552383382,0.2766030410304665,0.0275550965219736,-0.4236286673694849,0.1503566233441233,0.3179249310865998,-0.3046959314495325,0.0,0.0
282,17.777522137388587,2.131301181390881,0.2501605999376625,0.8561914548277856,1.0996747680008412,2.4095322728157043,0.5221060805022717,0.001245085411664,0.3271579552383382,0.0630520982667803,-0.2509581411257386,0.2597556859254837,-0.3898973995819688,0.0798419299535453,-0.0292091228999197,0.0,0.0
283,17.777522137388587,2.131301181390881,0.2501605999376625,0.8561914548277856,1.0996747680008412,2.4095322728157043,0.5221060805022717,0.001245085411664,0.3271579552383382,-0.0078241657465696,0.2805564125999808,-0.090896856971085,0.3725215615704655,-0.2732664288021624,0.2485570079647004,0.0,0.0
284,17.777522137388587,2.131301181390881,0.2501605999376625,0.8561914548277856,1.0996747680008412,2.4095322728157043,0.5221060805022717,0.001245085411664,0.3271579552383382,-0.0921990439295768,-0.2048468878492713,-0.2544434182345867,0.469862156547606,-0.252203316334635,0.0460445962846279,0.0,0.0
285,17.777522137388587,2.131301181390881,0.2501605999376625,0.8561914548277856,1.0996747680008412,2.4095322728157043,0.5221060805022717,0.001245085411664,0.3271579552383382,0.1474272223189473,0.1775557273998856,0.0785127496346831,-0.2686329307034611,0.0954362194053828,-0.1766973696649074,0.0,0.0
286,17.777522137388587,2.131301181390881,0.2501605999376625,0.8561914548277856,1.0996747680008412,2.4095322728157043,0.5221060805022717,0.001245085411664,0.3271579552383382,0.1922280555590987,-0.1009576186537742,-0.2268808921799063,0.0055040037259459,0.206627527065575,-0.102184468973428,0.0,0.0
287,17.777522137388587,2.131301181390881,0.2501605999376625,0.8561914548277856,1.0996747680008412,2.4095322728157043,0.5221060805022717,0.001245085411664,0.3271579552383382,-0.177429698780179,0.1305557817220687,0.434303330257535,-0.2417826382443308,-0.1457544820383191,0.3201671849004924,0.0,0.0
288,7.276705835945904,10.487954502925277,0.1735675823874771,0.8106253236532212,0.956377084599808,1.5817751467227934,0.2423053404316306,0.0359675633037272,5.225092412695219,0.0,0.0,0.0,0.0,0.0,0.0,0.0,0.0
289,7.276705835945904,10.487954502925277,0.1735675823874771,0.8106253236532212,0.956377084599808,1.5817751467227934,0.2423053404316306,0.0359675633037272,5.225092412695219,0.2074538223445415,0.1379397561773657,0.1990797203034162,-0.4855146631598472,-0.3116356262005865,0.0796191095374524,0.0,0.0
290,7.276705835945904,10.487954502925277,0.1735675823874771,0.8106253236532212,0.956377084599808,1.5817751467227934,0.2423053404316306,0.0359675633037272,5.225092412695219,0.1227713841944933,-0.2110119324177503,-0.1132101789116859,0.226183246821165,-0.0671441631391644,0.3304968807846308,0.0,0.0
291,7.276705835945904,10.487954502925277,0.1735675823874771,0.8106253236532212,0.956377084599808,1.5817751467227934,0.2423053404316306,0.0359675633037272,5.225092412695219,-0.1073871837928891,0.1656674835830927,0.2881018472835421,-0.021162474527955,0.2797903748229146,-0.1109794180840253,0.0,0.0
292,7.276705835945904,10.487954502925277,0.1735675823874771,0.8106253236532212,0.956377084599808,1.5817751467227934,0.2423053404316306,0.0359675633037272,5.225092412695219,-0.023012095503509,-0.2402142539620399,0.1236454807221889,-0.1347593795508146,0.2447987997904419,-0.2697468456812202,0.0,0.0
293,7.276705835945904,10.487954502925277,0.1735675823874771,0.8106253236532212,0.956377084599808,1.5817751467227934,0.2423053404316306,0.0359675633037272,5.225092412695219,0.0383964702486991,0.2879391610622405,-0.2914642998948693,0.1208852156996727,-0.1076045611873268,0.1392636316828429,0.0,0.0
294,7.276705835945904,10.487954502925277,0.1735675823874771,0.8106253236532212,0.956377084599808,1.5817751467227934,0.2423053404316306,0.0359675633037272,5.225092412695219,0.2918288748711348,-0.0610124906525015,0.392834865488112,-0.3569297827780247,-0.2137533427216112,0.2383862346410751,0.0,0.0
295,7.276705835945904,10.487954502925277,0.1735675823874771,0.8106253236532212,0.956377084599808,1.5817751467227934,0.2423053404316306,0.0359675633037272,5.225092412695219,-0.2371867144480347,0.0156680786982178,-0.1940087135881185,0.4055482354015112,0.1338220956735312,-0.0202339723706245,0.0,0.0
296,7.276705835945904,10.487954502925277,0.1735675823874771,0.8106253236532212,0.956377084599808,1.5817751467227934,0.2423053404316306,0.0359675633037272,5.225092412695219,-0.267209286801517,-0.1826535886153578,0.4750249655917287,0.0423750886693596,-0.284900448936969,-0.1327988309785723,0.0,0.0
297,7.276705835945904,10.487954502925277,0.1735675823874771,0.8106253236532212,0.956377084599808,1.5817751467227934,0.2423053404316306,0.0359675633037272,5.225092412695219,0.2524109870195388,0.1905193576589226,-0.1743374485522508,-0.2122322516515851,0.0626962735317647,0.2648203017190098,0.0,0.0
298,7.276705835945904,10.487954502925277,0.1735675823874771,0.8106253236532212,0.956377084599808,1.5817751467227934,0.2423053404316306,0.0359675633037272,5.225092412695219,0.017144077643752,-0.1162660092115402,0.0104497596621513,0.4530229112133384,0.348929220996797,0.013940214831382,0.0,0.0
299,7.276705835945904,10.487954502925277,0.1735675823874771,0.8106253236532212,0.956377084599808,1.5817751467227934,0.2423053404316306,0.0359675633037272,5.225092412695219,-0.07237203810364,0.1060200288891792,-0.3421407090499997,-0.3103721989318728,-0.0034952571615576,-0.2332886057905852,0.0,0.0
300,7.276705835945904,10.487954502925277,0.1735675823874771,0.8106253236532212,0.956377084599808,1.5817751467227934,0.2423053404316306,0.0359675633037272,5.225092412695219,-0.1379971241578459,-0.032654183730483,-0.0075793601572513,-0.4077451964840293,-0.1711037589237093,-0.0858060764148831,0.0,0.0
301,7.276705835945904,10.487954502925277,0.1735675823874771,0.8106253236532212,0.956377084599808,1.5817751467227934,0.2423053404316306,0.0359675633037272,5.225092412695219,0.082768989354372,0.0405199158936738,0.3312209835276007,0.3317298544570803,0.1758520422503352,0.216457006148994,0.0,0.0
302,7.276705835945904,10.487954502925277,0.1735675823874771,0.8106253236532212,0.956377084599808,1.5817751467227934,0.2423053404316306,0.0359675633037272,5.225092412695219,0.1867859367281198,-0.266265414096415,-0.4796038335189223,-0.0674082050099968,0.1127265668474137,0.1173373864032328,0.0,0.0
303,7.276705835945904,10.487954502925277,0.1735675823874771,0.8106253236532212,0.956377084599808,1.5817751467227934,0.2423053404316306,0.0359675633037272,5.225092412695219,-0.2015843393281102,0.256019470654428,0.1874549631029367,0.1789002614095807,-0.2403388117440044,-0.335316592361778,0.0,0.0
304,7.276705835945904,10.487954502925277,0.1735675823874771,0.8106253236532212,0.956377084599808,1.5817751467227934,0.2423053404316306,0.0359675633037272,5.225092412695219,-0.2168467283248901,-0.2928757667541504,-0.1528197927400469,-0.3161381389945745,0.2995427487418055,0.1828791146166622,0.0,0.0
305,7.276705835945904,10.487954502925277,0.1735675823874771,0.8106253236532212,0.956377084599808,1.5817751467227934,0.2423053404316306,0.0359675633037272,5.225092412695219,0.1622046248987317,0.2257573172450065,0.4458837416023016,0.4233960807323456,-0.0528176320716738,-0.0510298918001353,0.0,0.0
306,7.276705835945904,10.487954502925277,0.1735675823874771,0.8106253236532212,0.956377084599808,1.5817751467227934,0.2423053404316306,0.0359675633037272,5.225092412695219,0.0980669936165213,-0.0011733865365385,-0.359998419880867,-0.1633030734956264,-0.3340102230198681,-0.3265196835622191,0.0,0.0
307,7.276705835945904,10.487954502925277,0.1735675823874771,0.8106253236532212,0.956377084599808,1.5817751467227934,0.2423053404316306,0.0359675633037272,5.225092412695219,-0.113451150432229,0.0659845450893044,0.0354389129206538,0.0830684136599302,0.0136078513227403,0.1069990525022149,0.0,0.0
308,7.276705835945904,10.487954502925277,0.1735675823874771,0.8106253236532212,0.956377084599808,1.5817751467227934,0.2423053404316306,0.0359675633037272,5.225092412695219,-0.0478262744843959,-0.1428751358762383,0.3728746362030506,0.1966329161077737,0.1618196620605886,0.2982366004027426,0.0,0.0
309,7.276705835945904,10.487954502925277,0.1735675823874771,0.8106253236532212,0.956377084599808,1.5817751467227934,0.2423053404316306,0.0359675633037272,5.225092412695219,0.0324418717995286,0.0757567947730422,-0.0402667010203003,-0.0580336302518844,-0.19126708926633,-0.1677578873001038,0.0,0.0
310,7.276705835945904,10.487954502925277,0.1735675823874771,0.8106253236532212,0.956377084599808,1.5817751467227934,0.2423053404316306,0.0359675633037272,5.225092412695219,0.2278296081349253,-0.1511740174144506,0.1416530469432473,0.2947826273739338,-0.1217326512560248,-0.2422684723511338,0.0,0.0
311,7.276705835945904,10.487954502925277,0.1735675823874771,0.8106253236532212,0.956377084599808,1.5817751467227934,0.2423053404316306,0.0359675633037272,5.225092412695219,-0.2824717428535223,0.2159850675612688,-0.4432527255266905,-0.4686754662543535,0.22515907343477,0.0241170367226004,0.0,0.0
312,7.276705835945904,10.487954502925277,0.1735675823874771,0.8106253236532212,0.956377084599808,1.5817751467227934,0.2423053404316306,0.0359675633037272,5.225092412695219,-0.2618047155439854,-0.0548463653773069,0.2237654225900769,-0.105225077830255,-0.0289882341399788,0.1726793032139539,0.0,0.0
313,7.276705835945904,10.487954502925277,0.1735675823874771,0.8106253236532212,0.956377084599808,1.5817751467227934,0.2423053404316306,0.0359675633037272,5.225092412695219,0.2766030410304665,0.0275550965219736,-0.4236286673694849,0.1503566233441233,0.3179249310865998,-0.3046959314495325,0.0,0.0
314,7.276705835945904,10.487954502925277,0.1735675823874771,0.8106253236532212,0.956377084599808,1.5817751467227934,0.2423053404316306,0.0359675633037272,5.225092412695219,0.0630520982667803,-0.2509581411257386,0.2597556859254837,-0.3898973995819688,0.0798419299535453,-0.0292091228999197,0.0,0.0
315,7.276705835945904,10.487954502925277,0.1735675823874771,0.8106253236532212,0.956377084599808,1.5817751467227934,0.2423053404316306,0.0359675633037272,5.225092412695219,-0.0078241657465696,0.2805564125999808,-0.090896856971085,0.3725215615704655,-0.2732664288021624,0.2485570079647004,0.0,0.0
316,7.276705835945904,10.487954502925277,0.1735675823874771,0.8106253236532212,0.956377084599808,1.5817751467227934,0.2423053404316306,0.0359675633037272,5.225092412695219,-0.0921990439295768,-0.2048468878492713,-0.2544434182345867,0.469862156547606,-0.252203316334635,0.0460445962846279,0.0,0.0
317,7.276705835945904,10.487954502925277,0.1735675823874771,0.8106253236532212,0.956377084599808,1.5817751467227934,0.2423053404316306,0.0359675633037272,5.225092412695219,0.1474272223189473,0.1775557273998856,0.0785127496346831,-0.2686329307034611,0.0954362194053828,-0.1766973696649074,0.0,0.0
318,7.276705835945904,10.487954502925277,0.1735675823874771,0.8106253236532212,0.956377084599808,1.5817751467227934,0.2423053404316306,0.0359675633037272,5.225092412695219,0.1922280555590987,-0.1009576186537742,-0.2268808921799063,0.0055040037259459,0.206627527065575,-0.102184468973428,0.0,0.0
319,7.276705835945904,10.487954502925277,0.1735675823874771,0.8106253236532212,0.956377084599808,1.5817751467227934,0.2423053404316306,0.0359675633037272,5.225092412695219,-0.177429698780179,0.1305557817220687,0.434303330257535,-0.2417826382443308,-0.1457544820383191,0.3201671849004924,0.0,0.0
320,4.531099002808332,4.888701669871807,0.2972149971779436,1.0014717958867552,0.8017918572295457,2.0841229274868964,0.3672069629654288,0.0049677121160075,1.7455368587438111,0.0,0.0,0.0,0.0,0.0,0.0,0.0,0.0
321,4.531099002808332,4.888701669871807,0.2972149971779436,1.0014717958867552,0.8017918572295457,2.0841229274868964,0.3672069629654288,0.0049677121160075,1.7455368587438111,0.2074538223445415,0.1379397561773657,0.1990797203034162,-0.4855146631598472,-0.3116356262005865,0.0796191095374524,0.0,0.0
322,4.531099002808332,4.888701669871807,0.2972149971779436,1.0014717958867552,0.8017918572295457,2.0841229274868964,0.3672069629654288,0.0049677121160075,1.7455368587438111,0.1227713841944933,-0.2110119324177503,-0.1132101789116859,0.226183246821165,-0.0671441631391644,0.3304968807846308,0.0,0.0
323,4.531099002808332,4.888701669871807,0.2972149971779436,1.0014717958867552,0.8017918572295457,2.0841229274868964,0.3672069629654288,0.0049677121160075,1.7455368587438111,-0.1073871837928891,0.1656674835830927,0.2881018472835421,-0.021162474527955,0.2797903748229146,-0.1109794180840253,0.0,0.0
324,4.531099002808332,4.888701669871807,0.2972149971779436,1.0014717958867552,0.8017918572295457,2.0841229274868964,0.3672069629654288,0.0049677121160075,1.7455368587438111,-0.023012095503509,-0.2402142539620399,0.1236454807221889,-0.1347593795508146,0.2447987997904419,-0.2697468456812202,0.0,0.0
325,4.531099002808332,4.888701669871807,0.2972149971779436,1.0014717958867552,0.8017918572295457,2.0841229274868964,0.3672069629654288,0.0049677121160075,1.7455368587438111,0.0383964702486991,0.2879391610622405,-0.2914642998948693,0.1208852156996727,-0.1076045611873268,0.1392636316828429,0.0,0.0
326,4.531099002808332,4.888701669871807,0.2972149971779436,1.0014717958867552,0.8017918572295457,2.0841229274868964,0.3672069629654288,0.0049677121160075,1.7455368587438111,0.2918288748711348,-0.0610124906525015,0.392834865488112,-0.3569297827780247,-0.2137533427216112,0.2383862346410751,0.0,0.0
327,4.531099002808332,4.888701669871807,0.2972149971779436,1.0014717958867552,0.8017918572295457,2.0841229274868964,0.3672069629654288,0.0049677121160075,1.7455368587438111,-0.2371867144480347,0.0156680786982178,-0.1940087135881185,0.4055482354015112,0.1338220956735312,-0.0202339723706245,0.0,0.0
328,4.531099002808332,4.888701669871807,0.2972149971779436,1.0014717958867552,0.8017918572295457,2.0841229274868964,0.3672069629654288,0.0049677121160075,1.7455368587438111,-0.267209286801517,-0.1826535886153578,0.4750249655917287,0.0423750886693596,-0.284900448936969,-0.1327988309785723,0.0,0.0
329,4.531099002808332,4.888701669871807,0.2972149971779436,1.0014717958867552,0.8017918572295457,2.0841229274868964,0.3672069629654288,0.0049677121160075,1.7455368587438111,0.2524109870195388,0.1905193576589226,-0.1743374485522508,-0.2122322516515851,0.0626962735317647,0.2648203017190098,0.0,0.0
330,4.531099002808332,4.888701669871807,0.2972149971779436,1.0014717958867552,0.8017918572295457,2.0841229274868964,0.3672069629654288,0.0049677121160075,1.7455368587438111,0.017144077643752,-0.1162660092115402,0.0104497596621513,0.4530229112133384,0.348929220996797,0.013940214831382,0.0,0.0
331,4.531099002808332,4.888701669871807,0.2972149971779436,1.0014717958867552,0.8017918572295457,2.0841229274868964,0.3672069629654288,0.0049677121160075,1.7455368587438111,-0.07237203810364,0.1060200288891792,-0.3421407090499997,-0.3103721989318728,-0.0034952571615576,-0.2332886057905852,0.0,0.0
332,4.531099002808332,4.888701669871807,0.2972149971779436,1.0014717958867552,0.8017918572295457,2.0841229274868964,0.3672069629654288,0.0049677121160075,1.7455368587438111,-0.1379971241578459,-0.032654183730483,-0.0075793601572513,-0.4077451964840293,-0.1711037589237093,-0.0858060764148831,0.0,0.0
333,4.531099002808332,4.888701669871807,0.2972149971779436,1.0014717958867552,0.8017918572295457,2.0841229274868964,0.3672069629654288,0.0049677121160075,1.7455368587438111,0.082768989354372,0.0405199158936738,0.3312209835276007,0.3317298544570803,0.1758520422503352,0.216457006148994,0.0,0.0
334,4.531099002808332,4.888701669871807,0.2972149971779436,1.0014717958867552,0.8017918572295457,2.0841229274868964,0.3672069629654288,0.0049677121160075,1.7455368587438111,0.1867859367281198,-0.266265414096415,-0.4796038335189223,-0.0674082050099968,0.1127265668474137,0.1173373864032328,0.0,0.0
335,4.531099002808332,4.888701669871807,0.2972149971779436,1.0014717958867552,0.8017918572295457,2.0841229274868964,0.3672069629654288,0.0049677121160075,1.7455368587438111,-0.2015843393281102,0.256019470654428,0.1874549631029367,0.1789002614095807,-0.2403388117440044,-0.335316592361778,0.0,0.0
336,4.531099002808332,4.888701669871807,0.2972149971779436,1.0014717958867552,0.8017918572295457,2.0841229274868964,0.3672069629654288,0.0049677121160075,1.7455368587438111,-0.2168467283248901,-0.2928757667541504,-0.1528197927400469,-0.3161381389945745,0.2995427487418055,0.1828791146166622,0.0,0.0
337,4.531099002808332,4.888701669871807,0.2972149971779436,1.0014717958867552,0.8017918572295457,2.0841229274868964,0.3672069629654288,0.0049677121160075,1.7455368587438111,0.1622046248987317,0.2257573172450065,0.4458837416023016,0.4233960807323456,-0.0528176320716738,-0.0510298918001353,0.0,0.0
338,4.531099002808332,4.888701669871807,0.2972149971779436,1.0014717958867552,0.8017918572295457,2.0841229274868964,0.3672069629654288,0.0049677121160075,1.7455368587438111,0.0980669936165213,-0.0011733865365385,-0.359998419880867,-0.1633030734956264,-0.3340102230198681,-0.3265196835622191,0.0,0.0
339,4.531099002808332,4.888701669871807,0.2972149971779436,1.0014717958867552,0.8017918572295457,2.0841229274868964,0.3672069629654288,0.0049677121160075,1.7455368587438111,-0.113451150432229,0.0659845450893044,0.0354389129206538,0.0830684136599302,0.0136078513227403,0.1069990525022149,0.0,0.0
340,4.531099002808332,4.888701669871807,0.2972149971779436,1.0014717958867552,0.8017918572295457,2.0841229274868964,0.3672069629654288,0.0049677121160075,1.7455368587438111,-0.0478262744843959,-0.1428751358762383,0.3728746362030506,0.1966329161077737,0.1618196620605886,0.2982366004027426,0.0,0.0
341,4.531099002808332,4.888701669871807,0.2972149971779436,1.0014717958867552,0.8017918572295457,2.0841229274868964,0.3672069629654288,0.0049677121160075,1.7455368587438111,0.0324418717995286,0.0757567947730422,-0.0402667010203003,-0.0580336302518844,-0.19126708926633,-0.1677578873001038,0.0,0.0
342,4.531099002808332,4.888701669871807,0.2972149971779436,1.0014717958867552,0.8017918572295457,2.0841229274868964,0.3672069629654288,0.0049677121160075,1.7455368587438111,0.2278296081349253,-0.1511740174144506,0.1416530469432473,0.2947826273739338,-0.1217326512560248,-0.2422684723511338,0.0,0.0
343,4.531099002808332,4.888701669871807,0.2972149971779436,1.0014717958867552,0.8017918572295457,2.0841229274868964,0.3672069629654288,0.0049677121160075,1.7455368587438111,-0.2824717428535223,0.2159850675612688,-0.4432527255266905,-0.4686754662543535,0.22515907343477,0.0241170367226004,0.0,0.0
344,4.531099002808332,4.888701669871807,0.2972149971779436,1.0014717958867552,0.8017918572295457,2.0841229274868964,0.3672069629654288,0.0049677121160075,1.7455368587438111,-0.2618047155439854,-0.0548463653773069,0.2237654225900769,-0.105225077830255,-0.0289882341399788,0.1726793032139539,0.0,0.0
345,4.531099002808332,4.888701669871807,0.2972149971779436,1.0014717958867552,0.8017918572295457,2.0841229274868964,0.3672069629654288,0.0049677121160075,1.7455368587438111,0.2766030410304665,0.0275550965219736,-0.4236286673694849,0.1503566233441233,0.3179249310865998,-0.3046959314495325,0.0,0.0
346,4.531099002808332,4.888701669871807,0.2972149971779436,1.0014717958867552,0.8017918572295457,2.0841229274868964,0.3672069629654288,0.0049677121160075,1.7455368587438111,0.0630520982667803,-0.2509581411257386,0.2597556859254837,-0.3898973995819688,0.0798419299535453,-0.0292091228999197,0.0,0.0
347,4.531099002808332,4.888701669871807,0.2972149971779436,1.0014717958867552,0.8017918572295457,2.0841229274868964,0.3672069629654288,0.0049677121160075,1.7455368587438111,-0.0078241657465696,0.2805564125999808,-0.090896856971085,0.3725215615704655,-0.2732664288021624,0.2485570079647004,0.0,0.0
348,4.531099002808332,4.888701669871807,0.2972149971779436,1.0014717958867552,0.8017918572295457,2.0841229274868964,0.3672069629654288,0.0049677121160075,1.7455368587438111,-0.0921990439295768,-0.2048468878492713,-0.2544434182345867,0.469862156547606,-0.252203316334635,0.0460445962846279,0.0,0.0
349,4.531099002808332,4.888701669871807,0.2972149971779436,1.0014717958867552,0.8017918572295457,2.0841229274868964,0.3672069629654288,0.0049677121160075,1.7455368587438111,0.1474272223189473,0.1775557273998856,0.0785127496346831,-0.2686329307034611,0.0954362194053828,-0.1766973696649074,0.0,0.0
350,4.531099002808332,4.888701669871807,0.2972149971779436,1.0014717958867552,0.8017918572295457,2.0841229274868964,0.3672069629654288,0.0049677121160075,1.7455368587438111,0.1922280555590987,-0.1009576186537742,-0.2268808921799063,0.0055040037259459,0.206627527065575,-0.102184468973428,0.0,0.0
351,4.531099002808332,4.888701669871807,0.2972149971779436,1.0014717958867552,0.8017918572295457,2.0841229274868964,0.3672069629654288,0.0049677121160075,1.7455368587438111,-0.177429698780179,0.1305557817220687,0.434303330257535,-0.2417826382443308,-0.1457544820383191,0.3201671849004924,0.0,0.0
352,12.36000410001725,7.777237098664045,0.2189251399971544,0.659054983407259,1.0575931347906589,2.7118743315339087,0.1470060937106609,0.0017943003176137,1.1944971503114712,0.0,0.0,0.0,0.0,0.0,0.0,0.0,0.0
353,12.36000410001725,7.777237098664045,0.2189251399971544,0.659054983407259,1.0575931347906589,2.7118743315339087,0.1470060937106609,0.0017943003176137,1.1944971503114712,0.2074538223445415,0.1379397561773657,0.1990797203034162,-0.4855146631598472,-0.3116356262005865,0.0796191095374524,0.0,0.0
354,12.36000410001725,7.777237098664045,0.2189251399971544,0.659054983407259,1.0575931347906589,2.7118743315339087,0.1470060937106609,0.0017943003176137,1.1944971503114712,0.1227713841944933,-0.2110119324177503,-0.1132101789116859,0.226183246821165,-0.0671441631391644,0.3304968807846308,0.0,0.0
355,12.36000410001725,7.777237098664045,0.2189251399971544,0.659054983407259,1.0575931347906589,2.7118743315339087,0.1470060937106609,0.0017943003176137,1.1944971503114712,-0.1073871837928891,0.1656674835830927,0.2881018472835421,-0.021162474527955,0.2797903748229146,-0.1109794180840253,0.0,0.0
356,12.36000410001725,7.777237098664045,0.2189251399971544,0.659054983407259,1.0575931347906589,2.7118743315339087,0.1470060937106609,0.0017943003176137,1.1944971503114712,-0.023012095503509,-0.2402142539620399,0.1236454807221889,-0.1347593795508146,0.2447987997904419,-0.2697468456812202,0.0,0.0
357,12.36000410001725,7.777237098664045,0.2189251399971544,0.659054983407259,1.0575931347906589,2.7118743315339087,0.1470060937106609,0.0017943003176137,1.1944971503114712,0.0383964702486991,0.2879391610622405,-0.2914642998948693,0.1208852156996727,-0.1076045611873268,0.1392636316828429,0.0,0.0
358,12.36000410001725,7.777237098664045,0.2189251399971544,0.659054983407259,1.0575931347906589,2.7118743315339087,0.1470060937106609,0.0017943003176137,1.1944971503114712,0.2918288748711348,-0.0610124906525015,0.392834865488112,-0.3569297827780247,-0.2137533427216112,0.2383862346410751,0.0,0.0
359,12.36000410001725,7.777237098664045,0.2189251399971544,0.659054983407259,1.0575931347906589,2.7118743315339087,0.1470060937106609,0.0017943003176137,1.1944971503114712,-0.2371867144480347,0.0156680786982178,-0.1940087135881185,0.4055482354015112,0.1338220956735312,-0.0202339723706245,0.0,0.0
360,12.36000410001725,7.777237098664045,0.2189251399971544,0.659054983407259,1.0575931347906589,2.7118743315339087,0.1470060937106609,0.0017943003176137,1.1944971503114712,-0.267209286801517,-0.1826535886153578,0.4750249655917287,0.0423750886693596,-0.284900448936969,-0.1327988309785723,0.0,0.0
361,12.36000410001725,7.777237098664045,0.2189251399971544,0.659054983407259,1.0575931347906589,2.7118743315339087,0.1470060937106609,0.0017943003176137,1.1944971503114712,0.2524109870195388,0.1905193576589226,-0.1743374485522508,-0.2122322516515851,0.0626962735317647,0.2648203017190098,0.0,0.0
362,12.36000410001725,7.777237098664045,0.2189251399971544,0.659054983407259,1.0575931347906589,2.7118743315339087,0.1470060937106609,0.0017943003176137,1.1944971503114712,0.017144077643752,-0.1162660092115402,0.0104497596621513,0.4530229112133384,0.348929220996797,0.013940214831382,0.0,0.0
363,12.36000410001725,7.777237098664045,0.2189251399971544,0.659054983407259,1.0575931347906589,2.7118743315339087,0.1470060937106609,0.0017943003176137,1.1944971503114712,-0.07237203810364,0.1060200288891792,-0.3421407090499997,-0.3103721989318728,-0.0034952571615576,-0.2332886057905852,0.0,0.0
364,12.36000410001725,7.777237098664045,0.2189251399971544,0.659054983407259,1.0575931347906589,2.7118743315339087,0.1470060937106609,0.0017943003176137,1.1944971503114712,-0.1379971241578459,-0.032654183730483,-0.0075793601572513,-0.4077451964840293,-0.1711037589237093,-0.0858060764148831,0.0,0.0
365,12.36000410001725,7.777237098664045,0.2189251399971544,0.659054983407259,1.0575931347906589,2.7118743315339087,0.1470060937106609,0.0017943003176137,1.1944971503114712,0.082768989354372,0.0405199158936738,0.3312209835276007,0.3317298544570803,0.1758520422503352,0.216457006148994,0.0,0.0
366,12.36000410001725,7.777237098664045,0.2189251399971544,0.659054983407259,1.0575931347906589,2.7118743315339087,0.1470060937106609,0.0017943003176137,1.1944971503114712,0.1867859367281198,-0.266265414096415,-0.4796038335189223,-0.0674082050099968,0.1127265668474137,0.1173373864032328,0.0,0.0
367,12.36000410001725,7.777237098664045,0.2189251399971544,0.659054983407259,1.0575931347906589,2.7118743315339087,0.1470060937106609,0.0017943003176137,1.1944971503114712,-0.2015843393281102,0.256019470654428,0.1874549631029367,0.1789002614095807,-0.2403388117440044,-0.335316592361778,0.0,0.0
368,12.36000410001725,7.777237098664045,0.2189251399971544,0.659054983407259,1.0575931347906589,2.7118743315339087,0.1470060937106609,0.0017943003176137,1.1944971503114712,-0.2168467283248901,-0.2928757667541504,-0.1528197927400469,-0.3161381389945745,0.2995427487418055,0.1828791146166622,0.0,0.0
369,12.36000410001725,7.777237098664045,0.2189251399971544,0.659054983407259,1.0575931347906589,2.7118743315339087,0.1470060937106609,0.0017943003176137,1.1944971503114712,0.1622046248987317,0.2257573172450065,0.4458837416023016,0.4233960807323456,-0.0528176320716738,-0.0510298918001353,0.0,0.0
370,12.36000410001725,7.777237098664045,0.2189251399971544,0.659054983407259,1.0575931347906589,2.7118743315339087,0.1470060937106609,0.0017943003176137,1.1944971503114712,0.0980669936165213,-0.0011733865365385,-0.359998419880867,-0.1633030734956264,-0.3340102230198681,-0.3265196835622191,0.0,0.0
371,12.36000410001725,7.777237098664045,0.2189251399971544,0.659054983407259,1.0575931347906589,2.7118743315339087,0.1470060937106609,0.0017943003176137,1.1944971503114712,-0.113451150432229,0.0659845450893044,0.0354389129206538,0.0830684136599302,0.0136078513227403,0.1069990525022149,0.0,0.0
372,12.36000410001725,7.777237098664045,0.2189251399971544,0.659054983407259,1.0575931347906589,2.7118743315339087,0.1470060937106609,0.0017943003176137,1.1944971503114712,-0.0478262744843959,-0.1428751358762383,0.3728746362030506,0.1966329161077737,0.1618196620605886,0.2982366004027426,0.0,0.0
373,12.36000410001725,7.777237098664045,0.2189251399971544,0.659054983407259,1.0575931347906589,2.7118743315339087,0.1470060937106609,0.0017943003176137,1.1944971503114712,0.0324418717995286,0.0757567947730422,-0.0402667010203003,-0.0580336302518844,-0.19126708926633,-0.1677578873001038,0.0,0.0
374,12.36000410001725,7.777237098664045,0.2189251399971544,0.659054983407259,1.0575931347906589,2.7118743315339087,0.1470060937106609,0.0017943003176137,1.1944971503114712,0.2278296081349253,-0.1511740174144506,0.1416530469432473,0.2947826273739338,-0.1217326512560248,-0.2422684723511338,0.0,0.0
375,12.36000410001725,7.777237098664045,0.2189251399971544,0.659054983407259,1.0575931347906589,2.7118743315339087,0.1470060937106609,0.0017943003176137,1.1944971503114712,-0.2824717428535223,0.2159850675612688,-0.4432527255266905,-0.4686754662543535,0.22515907343477,0.0241170367226004,0.0,0.0
376,12.36000410001725,7.777237098664045,0.2189251399971544,0.659054983407259,1.0575931347906589,2.7118743315339087,0.1470060937106609,0.0017943003176137,1.1944971503114712,-0.2618047155439854,-0.0548463653773069,0.2237654225900769,-0.105225077830255,-0.0289882341399788,0.1726793032139539,0.0,0.0
377,12.36000410001725,7.777237098664045,0.2189251399971544,0.659054983407259,1.0575931347906589,2.7118743315339087,0.1470060937106609,0.0017943003176137,1.1944971503114712,0.2766030410304665,0.0275550965219736,-0.4236286673694849,0.1503566233441233,0.3179249310865998,-0.3046959314495325,0.0,0.0
378,12.36000410001725,7.777237098664045,0.2189251399971544,0.659054983407259,1.0575931347906589,2.7118743315339087,0.1470060937106609,0.0017943003176137,1.1944971503114712,0.0630520982667803,-0.2509581411257386,0.2597556859254837,-0.3898973995819688,0.0798419299535453,-0.0292091228999197,0.0,0.0
379,12.36000410001725,7.777237098664045,0.2189251399971544,0.659054983407259,1.0575931347906589,2.7118743315339087,0.1470060937106609,0.0017943003176137,1.1944971503114712,-0.0078241657465696,0.2805564125999808,-0.090896856971085,0.3725215615704655,-0.2732664288021624,0.2485570079647004,0.0,0.0
380,12.36000410001725,7.777237098664045,0.2189251399971544,0.659054983407259,1.0575931347906589,2.7118743315339087,0.1470060937106609,0.0017943003176137,1.1944971503114712,-0.0921990439295768,-0.2048468878492713,-0.2544434182345867,0.469862156547606,-0.252203316334635,0.0460445962846279,0.0,0.0
381,12.36000410001725,7.777237098664045,0.2189251399971544,0.659054983407259,1.0575931347906589,2.7118743315339087,0.1470060937106609,0.0017943003176137,1.1944971503114712,0.1474272223189473,0.1775557273998856,0.0785127496346831,-0.2686329307034611,0.0954362194053828,-0.1766973696649074,0.0,0.0
382,12.36000410001725,7.777237098664045,0.2189251399971544,0.659054983407259,1.0575931347906589,2.7118743315339087,0.1470060937106609,0.0017943003176137,1.1944971503114712,0.1922280555590987,-0.1009576186537742,-0.2268808921799063,0.0055040037259459,0.206627527065575,-0.102184468973428,0.0,0.0
383,12.36000410001725,7.777237098664045,0.2189251399971544,0.659054983407259,1.0575931347906589,2.7118743315339087,0.1470060937106609,0.0017943003176137,1.1944971503114712,-0.177429698780179,0.1305557817220687,0.434303330257535,-0.2417826382443308,-0.1457544820383191,0.3201671849004924,0.0,0.0
384,13.528054711408911,5.948615547269583,0.1946494766138494,0.7237904246896506,1.0170062203891574,2.3986545160412787,0.3420480198226869,0.007918527040188,2.031134627911536,0.0,0.0,0.0,0.0,0.0,0.0,0.0,0.0
385,13.528054711408911,5.948615547269583,0.1946494766138494,0.7237904246896506,1.0170062203891574,2.3986545160412787,0.3420480198226869,0.007918527040188,2.031134627911536,0.2074538223445415,0.1379397561773657,0.1990797203034162,-0.4855146631598472,-0.3116356262005865,0.0796191095374524,0.0,0.0
386,13.528054711408911,5.948615547269583,0.1946494766138494,0.7237904246896506,1.0170062203891574,2.3986545160412787,0.3420480198226869,0.007918527040188,2.031134627911536,0.1227713841944933,-0.2110119324177503,-0.1132101789116859,0.226183246821165,-0.0671441631391644,0.3304968807846308,0.0,0.0
387,13.528054711408911,5.948615547269583,0.1946494766138494,0.7237904246896506,1.0170062203891574,2.3986545160412787,0.3420480198226869,0.007918527040188,2.031134627911536,-0.1073871837928891,0.1656674835830927,0.2881018472835421,-0.021162474527955,0.2797903748229146,-0.1109794180840253,0.0,0.0
388,13.528054711408911,5.948615547269583,0.1946494766138494,0.7237904246896506,1.0170062203891574,2.3986545160412787,0.3420480198226869,0.007918527040188,2.031134627911536,-0.023012095503509,-0.2402142539620399,0.1236454807221889,-0.1347593795508146,0.2447987997904419,-0.2697468456812202,0.0,0.0
389,13.528054711408911,5.948615547269583,0.1946494766138494,0.7237904246896506,1.0170062203891574,2.3986545160412787,0.3420480198226869,0.007918527040188,2.031134627911536,0.0383964702486991,0.2879391610622405,-0.2914642998948693,0.1208852156996727,-0.1076045611873268,0.1392636316828429,0.0,0.0
390,13.528054711408911,5.948615547269583,0.1946494766138494,0.7237904246896506,1.0170062203891574,2.3986545160412787,0.3420480198226869,0.007918527040188,2.031134627911536,0.2918288748711348,-0.0610124906525015,0.392834865488112,-0.3569297827780247,-0.2137533427216112,0.2383862346410751,0.0,0.0
391,13.528054711408911,5.948615547269583,0.1946494766138494,0.7237904246896506,1.0170062203891574,2.3986545160412787,0.3420480198226869,0.007918527040188,2.031134627911536,-0.2371867144480347,0.0156680786982178,-0.1940087135881185,0.4055482354015112,0.1338220956735312,-0.0202339723706245,0.0,0.0
392,13.528054711408911,5.948615547269583,0.1946494766138494,0.7237904246896506,1.0170062203891574,2.3986545160412787,0.3420480198226869,0.007918527040188,2.031134627911536,-0.267209286801517,-0.1826535886153578,0.4750249655917287,0.0423750886693596,-0.284900448936969,-0.1327988309785723,0.0,0.0
393,13.528054711408911,5.948615547269583,0.1946494766138494,0.7237904246896506,1.0170062203891574,2.3986545160412787,0.3420480198226869,0.007918527040188,2.031134627911536,0.2524109870195388,0.1905193576589226,-0.1743374485522508,-0.2122322516515851,0.0626962735317647,0.2648203017190098,0.0,0.0
394,13.528054711408911,5.948615547269583,0.1946494766138494,0.7237904246896506,1.0170062203891574,2.3986545160412787,0.3420480198226869,0.007918527040188,2.031134627911536,0.017144077643752,-0.1162660092115402,0.0104497596621513,0.4530229112133384,0.348929220996797,0.013940214831382,0.0,0.0
395,13.528054711408911,5.948615547269583,0.1946494766138494,0.7237904246896506,1.0170062203891574,2.3986545160412787,0.3420480198226869,0.007918527040188,2.031134627911536,-0.07237203810364,0.1060200288891792,-0.3421407090499997,-0.3103721989318728,-0.0034952571615576,-0.2332886057905852,0.0,0.0
396,13.528054711408911,5.948615547269583,0.1946494766138494,0.7237904246896506,1.0170062203891574,2.3986545160412787,0.3420480198226869,0.007918527040188,2.031134627911536,-0.1379971241578459,-0.032654183730483,-0.0075793601572513,-0.4077451964840293,-0.1711037589237093,-0.0858060764148831,0.0,0.0
397,13.528054711408911,5.948615547269583,0.1946494766138494,0.7237904246896506,1.0170062203891574,2.3986545160412787,0.3420480198226869,0.007918527040188,2.031134627911536,0.082768989354372,0.0405199158936738,0.3312209835276007,0.3317298544570803,0.1758520422503352,0.216457006148994,0.0,0.0
398,13.528054711408911,5.948615547269583,0.1946494766138494,0.7237904246896506,1.0170062203891574,2.3986545160412787,0.3420480198226869,0.007918527040188,2.031134627911536,0.1867859367281198,-0.266265414096415,-0.4796038335189223,-0.0674082050099968,0.1127265668474137,0.1173373864032328,0.0,0.0
399,13.528054711408911,5.948615547269583,0.1946494766138494,0.7237904246896506,1.0170062203891574,2.3986545160412787,0.3420480198226869,0.007918527040188,2.031134627911536,-0.2015843393281102,0.256019470654428,0.1874549631029367,0.1789002614095807,-0.2403388117440044,-0.335316592361778,0.0,0.0
400,13.528054711408911,5.948615547269583,0.1946494766138494,0.7237904246896506,1.0170062203891574,2.3986545160412787,0.3420480198226869,0.007918527040188,2.031134627911536,-0.2168467283248901,-0.2928757667541504,-0.1528197927400469,-0.3161381389945745,0.2995427487418055,0.1828791146166622,0.0,0.0
401,13.528054711408911,5.948615547269583,0.1946494766138494,0.7237904246896506,1.0170062203891574,2.3986545160412787,0.3420480198226869,0.007918527040188,2.031134627911536,0.1622046248987317,0.2257573172450065,0.4458837416023016,0.4233960807323456,-0.0528176320716738,-0.0510298918001353,0.0,0.0
402,13.528054711408911,5.948615547269583,0.1946494766138494,0.7237904246896506,1.0170062203891574,2.3986545160412787,0.3420480198226869,0.007918527040188,2.031134627911536,0.0980669936165213,-0.0011733865365385,-0.359998419880867,-0.1633030734956264,-0.3340102230198681,-0.3265196835622191,0.0,0.0
403,13.528054711408911,5.948615547269583,0.1946494766138494,0.7237904246896506,1.0170062203891574,2.3986545160412787,0.3420480198226869,0.007918527040188,2.031134627911536,-0.113451150432229,0.0659845450893044,0.0354389129206538,0.0830684136599302,0.0136078513227403,0.1069990525022149,0.0,0.0
404,13.528054711408911,5.948615547269583,0.1946494766138494,0.7237904246896506,1.0170062203891574,2.3986545160412787,0.3420480198226869,0.007918527040188,2.031134627911536,-0.0478262744843959,-0.1428751358762383,0.3728746362030506,0.1966329161077737,0.1618196620605886,0.2982366004027426,0.0,0.0
405,13.528054711408911,5.948615547269583,0.1946494766138494,0.7237904246896506,1.0170062203891574,2.3986545160412787,0.3420480198226869,0.007918527040188,2.031134627911536,0.0324418717995286,0.0757567947730422,-0.0402667010203003,-0.0580336302518844,-0.19126708926633,-0.1677578873001038,0.0,0.0
406,13.528054711408911,5.948615547269583,0.1946494766138494,0.7237904246896506,1.0170062203891574,2.3986545160412787,0.3420480198226869,0.007918527040188,2.031134627911536,0.2278296081349253,-0.1511740174144506,0.1416530469432473,0.2947826273739338,-0.1217326512560248,-0.2422684723511338,0.0,0.0
407,13.528054711408911,5.948615547269583,0.1946494766138494,0.7237904246896506,1.0170062203891574,2.3986545160412787,0.3420480198226869,0.007918527040188,2.031134627911536,-0.2824717428535223,0.2159850675612688,-0.4432527255266905,-0.4686754662543535,0.22515907343477,0.0241170367226004,0.0,0.0
408,13.528054711408911,5.948615547269583,0.1946494766138494,0.7237904246896506,1.0170062203891574,2.3986545160412787,0.3420480198226869,0.007918527040188,2.031134627911536,-0.2618047155439854,-0.0548463653773069,0.2237654225900769,-0.105225077830255,-0.0289882341399788,0.1726793032139539,0.0,0.0
409,13.528054711408911,5.948615547269583,0.1946494766138494,0.7237904246896506,1.0170062203891574,2.3986545160412787,0.3420480198226869,0.007918527040188,2.031134627911536,0.2766030410304665,0.0275550965219736,-0.4236286673694849,0.1503566233441233,0.3179249310865998,-0.3046959314495325,0.0,0.0
410,13.528054711408911,5.948615547269583,0.1946494766138494,0.7237904246896506,1.0170062203891574,2.3986545160412787,0.3420480198226869,0.007918527040188,2.031134627911536,0.0630520982667803,-0.2509581411257386,0.2597556859254837,-0.3898973995819688,0.0798419299535453,-0.0292091228999197,0.0,0.0
411,13.528054711408911,5.948615547269583,0.1946494766138494,0.7237904246896506,1.0170062203891574,2.3986545160412787,0.3420480198226869,0.007918527040188,2.031134627911536,-0.0078241657465696,0.2805564125999808,-0.090896856971085,0.3725215615704655,-0.2732664288021624,0.2485570079647004,0.0,0.0
412,13.528054711408911,5.948615547269583,0.1946494766138494,0.7237904246896506,1.0170062203891574,2.3986545160412787,0.3420480198226869,0.007918527040188,2.031134627911536,-0.0921990439295768,-0.2048468878492713,-0.2544434182345867,0.469862156547606,-0.252203316334635,0.0460445962846279,0.0,0.0
413,13.528054711408911,5.948615547269583,0.1946494766138494,0.7237904246896506,1.0170062203891574,2.3986545160412787,0.3420480198226869,0.007918527040188,2.031134627911536,0.1474272223189473,0.1775557273998856,0.0785127496346831,-0.2686329307034611,0.0954362194053828,-0.1766973696649074,0.0,0.0
414,13.528054711408911,5.948615547269583,0.1946494766138494,0.7237904246896506,1.0170062203891574,2.3986545160412787,0.3420480198226869,0.007918527040188,2.031134627911536,0.1922280555590987,-0.1009576186537742,-0.2268808921799063,0.0055040037259459,0.206627527065575,-0.102184468973428,0.0,0.0
415,13.528054711408911,5.948615547269583,0.1946494766138494,0.7237904246896506,1.0170062203891574,2.3986545160412787,0.3420480198226869,0.007918527040188,2.031134627911536,-0.177429698780179,0.1305557817220687,0.434303330257535,-0.2417826382443308,-0.1457544820383191,0.3201671849004924,0.0,0.0
416,3.24993128888309,9.461464293301104,0.2564988459926098,0.9656456153839827,0.8140458484645933,1.6209732189774513,0.0622483507730066,0.0032807303608802,0.6248114831266894,0.0,0.0,0.0,0.0,0.0,0.0,0.0,0.0
417,3.24993128888309,9.461464293301104,0.2564988459926098,0.9656456153839827,0.8140458484645933,1.6209732189774513,0.0622483507730066,0.0032807303608802,0.6248114831266894,0.2074538223445415,0.1379397561773657,0.1990797203034162,-0.4855146631598472,-0.3116356262005865,0.0796191095374524,0.0,0.0
418,3.24993128888309,9.461464293301104,0.2564988459926098,0.9656456153839827,0.8140458484645933,1.6209732189774513,0.0622483507730066,0.0032807303608802,0.6248114831266894,0.1227713841944933,-0.2110119324177503,-0.1132101789116859,0.226183246821165,-0.0671441631391644,0.3304968807846308,0.0,0.0
419,3.24993128888309,9.461464293301104,0.2564988459926098,0.9656456153839827,0.8140458484645933,1.6209732189774513,0.0622483507730066,0.0032807303608802,0.6248114831266894,-0.1073871837928891,0.1656674835830927,0.2881018472835421,-0.021162474527955,0.2797903748229146,-0.1109794180840253,0.0,0.0
420,3.24993128888309,9.461464293301104,0.2564988459926098,0.9656456153839827,0.8140458484645933,1.6209732189774513,0.0622483507730066,0.0032807303608802,0.6248114831266894,-0.023012095503509,-0.2402142539620399,0.1236454807221889,-0.1347593795508146,0.2447987997904419,-0.2697468456812202,0.0,0.0
421,3.24993128888309,9.461464293301104,0.2564988459926098,0.9656456153839827,0.8140458484645933,1.6209732189774513,0.0622483507730066,0.0032807303608802,0.6248114831266894,0.0383964702486991,0.2879391610622405,-0.2914642998948693,0.1208852156996727,-0.1076045611873268,0.1392636316828429,0.0,0.0
422,3.24993128888309,9.461464293301104,0.2564988459926098,0.9656456153839827,0.8140458484645933,1.6209732189774513,0.0622483507730066,0.0032807303608802,0.6248114831266894,0.2918288748711348,-0.0610124906525015,0.392834865488112,-0.3569297827780247,-0.2137533427216112,0.2383862346410751,0.0,0.0
423,3.24993128888309,9.461464293301104,0.2564988459926098,0.9656456153839827,0.8140458484645933,1.6209732189774513,0.0622483507730066,0.0032807303608802,0.6248114831266894,-0.2371867144480347,0.0156680786982178,-0.1940087135881185,0.4055482354015112,0.1338220956735312,-0.0202339723706245,0.0,0.0
424,3.24993128888309,9.461464293301104,0.2564988459926098,0.9656456153839827,0.8140458484645933,1.6209732189774513,0.0622483507730066,0.0032807303608802,0.6248114831266894,-0.267209286801517,-0.1826535886153578,0.4750249655917287,0.0423750886693596,-0.284900448936969,-0.1327988309785723,0.0,0.0
425,3.24993128888309,9.461464293301104,0.2564988459926098,0.9656456153839827,0.8140458484645933,1.6209732189774513,0.0622483507730066,0.0032807303608802,0.6248114831266894,0.2524109870195388,0.1905193576589226,-0.1743374485522508,-0.2122322516515851,0.0626962735317647,0.2648203017190098,0.0,0.0
426,3.24993128888309,9.461464293301104,0.2564988459926098,0.9656456153839827,0.8140458484645933,1.6209732189774513,0.0622483507730066,0.0032807303608802,0.6248114831266894,0.017144077643752,-0.1162660092115402,0.0104497596621513,0.4530229112133384,0.348929220996797,0.013940214831382,0.0,0.0
427,3.24993128888309,9.461464293301104,0.2564988459926098,0.9656456153839827,0.8140458484645933,1.6209732189774513,0.0622483507730066,0.0032807303608802,0.6248114831266894,-0.07237203810364,0.1060200288891792,-0.3421407090499997,-0.3103721989318728,-0.0034952571615576,-0.2332886057905852,0.0,0.0
428,3.24993128888309,9.461464293301104,0.2564988459926098,0.9656456153839827,0.8140458484645933,1.6209732189774513,0.0622483507730066,0.0032807303608802,0.6248114831266894,-0.1379971241578459,-0.032654183730483,-0.0075793601572513,-0.4077451964840293,-0.1711037589237093,-0.0858060764148831,0.0,0.0
429,3.24993128888309,9.461464293301104,0.2564988459926098,0.9656456153839827,0.8140458484645933,1.6209732189774513,0.0622483507730066,0.0032807303608802,0.6248114831266894,0.082768989354372,0.0405199158936738,0.3312209835276007,0.3317298544570803,0.1758520422503352,0.216457006148994,0.0,0.0
430,3.24993128888309,9.461464293301104,0.2564988459926098,0.9656456153839827,0.8140458484645933,1.6209732189774513,0.0622483507730066,0.0032807303608802,0.6248114831266894,0.1867859367281198,-0.266265414096415,-0.4796038335189223,-0.0674082050099968,0.1127265668474137,0.1173373864032328,0.0,0.0
431,3.24993128888309,9.461464293301104,0.2564988459926098,0.9656456153839827,0.8140458484645933,1.6209732189774513,0.0622483507730066,0.0032807303608802,0.6248114831266894,-0.2015843393281102,0.256019470654428,0.1874549631029367,0.1789002614095807,-0.2403388117440044,-0.335316592361778,0.0,0.0
432,3.24993128888309,9.461464293301104,0.2564988459926098,0.9656456153839827,0.8140458484645933,1.6209732189774513,0.0622483507730066,0.0032807303608802,0.6248114831266894,-0.2168467283248901,-0.2928757667541504,-0.1528197927400469,-0.3161381389945745,0.2995427487418055,0.1828791146166622,0.0,0.0
433,3.24993128888309,9.461464293301104,0.2564988459926098,0.9656456153839827,0.8140458484645933,1.6209732189774513,0.0622483507730066,0.0032807303608802,0.6248114831266894,0.1622046248987317,0.2257573172450065,0.4458837416023016,0.4233960807323456,-0.0528176320716738,-0.0510298918001353,0.0,0.0
434,3.24993128888309,9.461464293301104,0.2564988459926098,0.9656456153839827,0.8140458484645933,1.6209732189774513,0.0622483507730066,0.0032807303608802,0.6248114831266894,0.0980669936165213,-0.0011733865365385,-0.359998419880867,-0.1633030734956264,-0.3340102230198681,-0.3265196835622191,0.0,0.0
435,3.24993128888309,9.461464293301104,0.2564988459926098,0.9656456153839827,0.8140458484645933,1.6209732189774513,0.0622483507730066,0.0032807303608802,0.6248114831266894,-0.113451150432229,0.0659845450893044,0.0354389129206538,0.0830684136599302,0.0136078513227403,0.1069990525022149,0.0,0.0
436,3.24993128888309,9.461464293301104,0.2564988459926098,0.9656456153839827,0.8140458484645933,1.6209732189774513,0.0622483507730066,0.0032807303608802,0.6248114831266894,-0.0478262744843959,-0.1428751358762383,0.3728746362030506,0.1966329161077737,0.1618196620605886,0.2982366004027426,0.0,0.0
437,3.24993128888309,9.461464293301104,0.2564988459926098,0.9656456153839827,0.8140458484645933,1.6209732189774513,0.0622483507730066,0.0032807303608802,0.6248114831266894,0.0324418717995286,0.0757567947730422,-0.0402667010203003,-0.0580336302518844,-0.19126708926633,-0.1677578873001038,0.0,0.0
438,3.24993128888309,9.461464293301104,0.2564988459926098,0.9656456153839827,0.8140458484645933,1.6209732189774513,0.0622483507730066,0.0032807303608802,0.6248114831266894,0.2278296081349253,-0.1511740174144506,0.1416530469432473,0.2947826273739338,-0.1217326512560248,-0.2422684723511338,0.0,0.0
439,3.24993128888309,9.461464293301104,0.2564988459926098,0.9656456153839827,0.8140458484645933,1.6209732189774513,0.0622483507730066,0.0032807303608802,0.6248114831266894,-0.2824717428535223,0.2159850675612688,-0.4432527255266905,-0.4686754662543535,0.22515907343477,0.0241170367226004,0.0,0.0
440,3.24993128888309,9.461464293301104,0.2564988459926098,0.9656456153839827,0.8140458484645933,1.6209732189774513,0.0622483507730066,0.0032807303608802,0.6248114831266894,-0.2618047155439854,-0.0548463653773069,0.2237654225900769,-0.105225077830255,-0.0289882341399788,0.1726793032139539,0.0,0.0
441,3.24993128888309,9.461464293301104,0.2564988459926098,0.9656456153839827,0.8140458484645933,1.6209732189774513,0.0622483507730066,0.0032807303608802,0.6248114831266894,0.2766030410304665,0.0275550965219736,-0.4236286673694849,0.1503566233441233,0.3179249310865998,-0.3046959314495325,0.0,0.0
442,3.24993128888309,9.461464293301104,0.2564988459926098,0.9656456153839827,0.8140458484645933,1.6209732189774513,0.0622483507730066,0.0032807303608802,0.6248114831266894,0.0630520982667803,-0.2509581411257386,0.2597556859254837,-0.3898973995819688,0.0798419299535453,-0.0292091228999197,0.0,0.0
443,3.24993128888309,9.461464293301104,0.2564988459926098,0.9656456153839827,0.8140458484645933,1.6209732189774513,0.0622483507730066,0.0032807303608802,0.6248114831266894,-0.0078241657465696,0.2805564125999808,-0.090896856971085,0.3725215615704655,-0.2732664288021624,0.2485570079647004,0.0,0.0
444,3.24993128888309,9.461464293301104,0.2564988459926098,0.9656456153839827,0.8140458484645933,1.6209732189774513,0.0622483507730066,0.0032807303608802,0.6248114831266894,-0.0921990439295768,-0.2048468878492713,-0.2544434182345867,0.469862156547606,-0.252203316334635,0.0460445962846279,0.0,0.0
445,3.24993128888309,9.461464293301104,0.2564988459926098,0.9656456153839827,0.8140458484645933,1.6209732189774513,0.0622483507730066,0.0032807303608802,0.6248114831266894,0.1474272223189473,0.1775557273998856,0.0785127496346831,-0.2686329307034611,0.0954362194053828,-0.1766973696649074,0.0,0.0
446,3.24993128888309,9.461464293301104,0.2564988459926098,0.9656456153839827,0.8140458484645933,1.6209732189774513,0.0622483507730066,0.0032807303608802,0.6248114831266894,0.1922280555590987,-0.1009576186537742,-0.2268808921799063,0.0055040037259459,0.206627527065575,-0.102184468973428,0.0,0.0
447,3.24993128888309,9.461464293301104,0.2564988459926098,0.9656456153839827,0.8140458484645933,1.6209732189774513,0.0622483507730066,0.0032807303608802,0.6248114831266894,-0.177429698780179,0.1305557817220687,0.434303330257535,-0.2417826382443308,-0.1457544820383191,0.3201671849004924,0.0,0.0
448,8.519623334519565,3.864432385191322,0.2146013691835105,0.7691320735961199,0.8844602455850691,1.9201963782310485,0.4373920873738825,0.0006811449955969,0.3795065183824457,0.0,0.0,0.0,0.0,0.0,0.0,0.0,0.0
449,8.519623334519565,3.864432385191322,0.2146013691835105,0.7691320735961199,0.8844602455850691,1.9201963782310485,0.4373920873738825,0.0006811449955969,0.3795065183824457,0.2074538223445415,0.1379397561773657,0.1990797203034162,-0.4855146631598472,-0.3116356262005865,0.0796191095374524,0.0,0.0
450,8.519623334519565,3.864432385191322,0.2146013691835105,0.7691320735961199,0.8844602455850691,1.9201963782310485,0.4373920873738825,0.0006811449955969,0.3795065183824457,0.1227713841944933,-0.2110119324177503,-0.1132101789116859,0.226183246821165,-0.0671441631391644,0.3304968807846308,0.0,0.0
451,8.519623334519565,3.864432385191322,0.2146013691835105,0.7691320735961199,0.8844602455850691,1.9201963782310485,0.4373920873738825,0.0006811449955969,0.3795065183824457,-0.1073871837928891,0.1656674835830927,0.2881018472835421,-0.021162474527955,0.2797903748229146,-0.1109794180840253,0.0,0.0
452,8.519623334519565,3.864432385191322,0.2146013691835105,0.7691320735961199,0.8844602455850691,1.9201963782310485,0.4373920873738825,0.0006811449955969,0.3795065183824457,-0.023012095503509,-0.2402142539620399,0.1236454807221889,-0.1347593795508146,0.2447987997904419,-0.2697468456812202,0.0,0.0
453,8.519623334519565,3.864432385191322,0.2146013691835105,0.7691320735961199,0.8844602455850691,1.9201963782310485,0.4373920873738825,0.0006811449955969,0.3795065183824457,0.0383964702486991,0.2879391610622405,-0.2914642998948693,0.1208852156996727,-0.1076045611873268,0.1392636316828429,0.0,0.0
454,8.519623334519565,3.864432385191322,0.2146013691835105,0.7691320735961199,0.8844602455850691,1.9201963782310485,0.4373920873738825,0.0006811449955969,0.3795065183824457,0.2918288748711348,-0.0610124906525015,0.392834865488112,-0.3569297827780247,-0.2137533427216112,0.2383862346410751,0.0,0.0
455,8.519623334519565,3.864432385191322,0.2146013691835105,0.7691320735961199,0.8844602455850691,1.9201963782310485,0.4373920873738825,0.0006811449955969,0.3795065183824457,-0.2371867144480347,0.0156680786982178,-0.1940087135881185,0.4055482354015112,0.1338220956735312,-0.0202339723706245,0.0,0.0
456,8.519623334519565,3.864432385191322,0.2146013691835105,0.7691320735961199,0.8844602455850691,1.9201963782310485,0.4373920873738825,0.0006811449955969,0.3795065183824457,-0.267209286801517,-0.1826535886153578,0.4750249655917287,0.0423750886693596,-0.284900448936969,-0.1327988309785723,0.0,0.0
457,8.519623334519565,3.864432385191322,0.2146013691835105,0.7691320735961199,0.8844602455850691,1.9201963782310485,0.4373920873738825,0.0006811449955969,0.3795065183824457,0.2524109870195388,0.1905193576589226,-0.1743374485522508,-0.2122322516515851,0.0626962735317647,0.2648203017190098,0.0,0.0
458,8.519623334519565,3.864432385191322,0.2146013691835105,0.7691320735961199,0.8844602455850691,1.9201963782310485,0.4373920873738825,0.0006811449955969,0.3795065183824457,0.017144077643752,-0.1162660092115402,0.0104497596621513,0.4530229112133384,0.348929220996797,0.013940214831382,0.0,0.0
459,8.519623334519565,3.864432385191322,0.2146013691835105,0.7691320735961199,0.8844602455850691,1.9201963782310485,0.4373920873738825,0.0006811449955969,0.3795065183824457,-0.07237203810364,0.1060200288891792,-0.3421407090499997,-0.3103721989318728,-0.0034952571615576,-0.2332886057905852,0.0,0.0
460,8.519623334519565,3.864432385191322,0.2146013691835105,0.7691320735961199,0.8844602455850691,1.9201963782310485,0.4373920873738825,0.0006811449955969,0.3795065183824457,-0.1379971241578459,-0.032654183730483,-0.0075793601572513,-0.4077451964840293,-0.1711037589237093,-0.0858060764148831,0.0,0.0
461,8.519623334519565,3.864432385191322,0.2146013691835105,0.7691320735961199,0.8844602455850691,1.9201963782310485,0.4373920873738825,0.0006811449955969,0.3795065183824457,0.082768989354372,0.0405199158936738,0.3312209835276007,0.3317298544570803,0.1758520422503352,0.216457006148994,0.0,0.0
462,8.519623334519565,3.864432385191322,0.2146013691835105,0.7691320735961199,0.8844602455850691,1.9201963782310485,0.4373920873738825,0.0006811449955969,0.3795065183824457,0.1867859367281198,-0.266265414096415,-0.4796038335189223,-0.0674082050099968,0.1127265668474137,0.1173373864032328,0.0,0.0
463,8.519623334519565,3.864432385191322,0.2146013691835105,0.7691320735961199,0.8844602455850691,1.9201963782310485,0.4373920873738825,0.0006811449955969,0.3795065183824457,-0.2015843393281102,0.256019470654428,0.1874549631029367,0.1789002614095807,-0.2403388117440044,-0.335316592361778,0.0,0.0
464,8.519623334519565,3.864432385191322,0.2146013691835105,0.7691320735961199,0.8844602455850691,1.9201963782310485,0.4373920873738825,0.0006811449955969,0.3795065183824457,-0.2168467283248901,-0.2928757667541504,-0.1528197927400469,-0.3161381389945745,0.2995427487418055,0.1828791146166622,0.0,0.0
465,8.519623334519565,3.864432385191322,0.2146013691835105,0.7691320735961199,0.8844602455850691,1.9201963782310485,0.4373920873738825,0.0006811449955969,0.3795065183824457,0.1622046248987317,0.2257573172450065,0.4458837416023016,0.4233960807323456,-0.0528176320716738,-0.0510298918001353,0.0,0.0
466,8.519623334519565,3.864432385191322,0.2146013691835105,0.7691320735961199,0.8844602455850691,1.9201963782310485,0.4373920873738825,0.0006811449955969,0.3795065183824457,0.0980669936165213,-0.0011733865365385,-0.359998419880867,-0.1633030734956264,-0.3340102230198681,-0.3265196835622191,0.0,0.0
467,8.519623334519565,3.864432385191322,0.2146013691835105,0.7691320735961199,0.8844602455850691,1.9201963782310485,0.4373920873738825,0.0006811449955969,0.3795065183824457,-0.113451150432229,0.0659845450893044,0.0354389129206538,0.0830684136599302,0.0136078513227403,0.1069990525022149,0.0,0.0
468,8.519623334519565,3.864432385191322,0.2146013691835105,0.7691320735961199,0.8844602455850691,1.9201963782310485,0.4373920873738825,0.0006811449955969,0.3795065183824457,-0.0478262744843959,-0.1428751358762383,0.3728746362030506,0.1966329161077737,0.1618196620605886,0.2982366004027426,0.0,0.0
469,8.519623334519565,3.864432385191322,0.2146013691835105,0.7691320735961199,0.8844602455850691,1.9201963782310485,0.4373920873738825,0.0006811449955969,0.3795065183824457,0.0324418717995286,0.0757567947730422,-0.0402667010203003,-0.0580336302518844,-0.19126708926633,-0.1677578873001038,0.0,0.0
470,8.519623334519565,3.864432385191322,0.2146013691835105,0.7691320735961199,0.8844602455850691,1.9201963782310485,0.4373920873738825,0.0006811449955969,0.3795065183824457,0.2278296081349253,-0.1511740174144506,0.1416530469432473,0.2947826273739338,-0.1217326512560248,-0.2422684723511338,0.0,0.0
471,8.519623334519565,3.864432385191322,0.2146013691835105,0.7691320735961199,0.8844602455850691,1.9201963782310485,0.4373920873738825,0.0006811449955969,0.3795065183824457,-0.2824717428535223,0.2159850675612688,-0.4432527255266905,-0.4686754662543535,0.22515907343477,0.0241170367226004,0.0,0.0
472,8.519623334519565,3.864432385191322,0.2146013691835105,0.7691320735961199,0.8844602455850691,1.9201963782310485,0.4373920873738825,0.0006811449955969,0.3795065183824457,-0.2618047155439854,-0.0548463653773069,0.2237654225900769,-0.105225077830255,-0.0289882341399788,0.1726793032139539,0.0,0.0
473,8.519623334519565,3.864432385191322,0.2146013691835105,0.7691320735961199,0.8844602455850691,1.9201963782310485,0.4373920873738825,0.0006811449955969,0.3795065183824457,0.2766030410304665,0.0275550965219736,-0.4236286673694849,0.1503566233441233,0.3179249310865998,-0.3046959314495325,0.0,0.0
474,8.519623334519565,3.864432385191322,0.2146013691835105,0.7691320735961199,0.8844602455850691,1.9201963782310485,0.4373920873738825,0.0006811449955969,0.3795065183824457,0.0630520982667803,-0.2509581411257386,0.2597556859254837,-0.3898973995819688,0.0798419299535453,-0.0292091228999197,0.0,0.0
475,8.519623334519565,3.864432385191322,0.2146013691835105,0.7691320735961199,0.8844602455850691,1.9201963782310485,0.4373920873738825,0.0006811449955969,0.3795065183824457,-0.0078241657465696,0.2805564125999808,-0.090896856971085,0.3725215615704655,-0.2732664288021624,0.2485570079647004,0.0,0.0
476,8.519623334519565,3.864432385191322,0.2146013691835105,0.7691320735961199,0.8844602455850691,1.9201963782310485,0.4373920873738825,0.0006811449955969,0.3795065183824457,-0.0921990439295768,-0.2048468878492713,-0.2544434182345867,0.469862156547606,-0.252203316334635,0.0460445962846279,0.0,0.0
477,8.519623334519565,3.864432385191322,0.2146013691835105,0.7691320735961199,0.8844602455850691,1.9201963782310485,0.4373920873738825,0.0006811449955969,0.3795065183824457,0.1474272223189473,0.1775557273998856,0.0785127496346831,-0.2686329307034611,0.0954362194053828,-0.1766973696649074,0.0,0.0
478,8.519623334519565,3.864432385191322,0.2146013691835105,0.7691320735961199,0.8844602455850691,1.9201963782310485,0.4373920873738825,0.0006811449955969,0.3795065183824457,0.1922280555590987,-0.1009576186537742,-0.2268808921799063,0.0055040037259459,0.206627527065575,-0.102184468973428,0.0,0.0
479,8.519623334519565,3.864432385191322,0.2146013691835105,0.7691320735961199,0.8844602455850691,1.9201963782310485,0.4373920873738825,0.0006811449955969,0.3795065183824457,-0.177429698780179,0.1305557817220687,0.434303330257535,-0.2417826382443308,-0.1457544820383191,0.3201671849004924,0.0,0.0
480,16.719657961279154,11.59661972709,0.2741191255580634,0.9140879455953836,1.1999241043813529,2.8978711903095244,0.2171942002139985,0.0225583316079384,2.7416109009718355,0.0,0.0,0.0,0.0,0.0,0.0,0.0,0.0
481,16.719657961279154,11.59661972709,0.2741191255580634,0.9140879455953836,1.1999241043813529,2.8978711903095244,0.2171942002139985,0.0225583316079384,2.7416109009718355,0.2074538223445415,0.1379397561773657,0.1990797203034162,-0.4855146631598472,-0.3116356262005865,0.0796191095374524,0.0,0.0
482,16.719657961279154,11.59661972709,0.2741191255580634,0.9140879455953836,1.1999241043813529,2.8978711903095244,0.2171942002139985,0.0225583316079384,2.7416109009718355,0.1227713841944933,-0.2110119324177503,-0.1132101789116859,0.226183246821165,-0.0671441631391644,0.3304968807846308,0.0,0.0
483,16.719657961279154,11.59661972709,0.2741191255580634,0.9140879455953836,1.1999241043813529,2.8978711903095244,0.2171942002139985,0.0225583316079384,2.7416109009718355,-0.1073871837928891,0.1656674835830927,0.2881018472835421,-0.021162474527955,0.2797903748229146,-0.1109794180840253,0.0,0.0
484,16.719657961279154,11.59661972709,0.2741191255580634,0.9140879455953836,1.1999241043813529,2.8978711903095244,0.2171942002139985,0.0225583316079384,2.7416109009718355,-0.023012095503509,-0.2402142539620399,0.1236454807221889,-0.1347593795508146,0.2447987997904419,-0.2697468456812202,0.0,0.0
485,16.719657961279154,11.59661972709,0.2741191255580634,0.9140879455953836,1.1999241043813529,2.8978711903095244,0.2171942002139985,0.0225583316079384,2.7416109009718355,0.0383964702486991,0.2879391610622405,-0.2914642998948693,0.1208852156996727,-0.1076045611873268,0.1392636316828429,0.0,0.0
486,16.719657961279154,11.59661972709,0.2741191255580634,0.9140879455953836,1.1999241043813529,2.8978711903095244,0.2171942002139985,0.0225583316079384,2.7416109009718355,0.2918288748711348,-0.0610124906525015,0.392834865488112,-0.3569297827780247,-0.2137533427216112,0.2383862346410751,0.0,0.0
487,16.719657961279154,11.59661972709,0.2741191255580634,0.9140879455953836,1.1999241043813529,2.8978711903095244,0.2171942002139985,0.0225583316079384,2.7416109009718355,-0.2371867144480347,0.0156680786982178,-0.1940087135881185,0.4055482354015112,0.1338220956735312,-0.0202339723706245,0.0,0.0
488,16.719657961279154,11.59661972709,0.2741191255580634,0.9140879455953836,1.1999241043813529,2.8978711903095244,0.2171942002139985,0.0225583316079384,2.7416109009718355,-0.267209286801517,-0.1826535886153578,0.4750249655917287,0.0423750886693596,-0.284900448936969,-0.1327988309785723,0.0,0.0
489,16.719657961279154,11.59661972709,0.2741191255580634,0.9140879455953836,1.1999241043813529,2.8978711903095244,0.2171942002139985,0.0225583316079384,2.7416109009718355,0.2524109870195388,0.1905193576589226,-0.1743374485522508,-0.2122322516515851,0.0626962735317647,0.2648203017190098,0.0,0.0
490,16.719657961279154,11.59661972709,0.2741191255580634,0.9140879455953836,1.1999241043813529,2.8978711903095244,0.2171942002139985,0.0225583316079384,2.7416109009718355,0.017144077643752,-0.1162660092115402,0.0104497596621513,0.4530229112133384,0.348929220996797,0.013940214831382,0.0,0.0
491,16.719657961279154,11.59661972709,0.2741191255580634,0.9140879455953836,1.1999241043813529,2.8978711903095244,0.2171942002139985,0.0225583316079384,2.7416109009718355,-0.07237203810364,0.1060200288891792,-0.3421407090499997,-0.3103721989318728,-0.0034952571615576,-0.2332886057905852,0.0,0.0
492,16.719657961279154,11.59661972709,0.2741191255580634,0.9140879455953836,1.1999241043813529,2.8978711903095244,0.2171942002139985,0.0225583316079384,2.7416109009718355,-0.1379971241578459,-0.032654183730483,-0.0075793601572513,-0.4077451964840293,-0.1711037589237093,-0.0858060764148831,0.0,0.0
493,16.719657961279154,11.59661972709,0.2741191255580634,0.9140879455953836,1.1999241043813529,2.8978711903095244,0.2171942002139985,0.0225583316079384,2.7416109009718355,0.082768989354372,0.0405199158936738,0.3312209835276007,0.3317298544570803,0.1758520422503352,0.216457006148994,0.0,0.0
494,16.719657961279154,11.59661972709,0.2741191255580634,0.9140879455953836,1.1999241043813529,2.8978711903095244,0.2171942002139985,0.0225583316079384,2.7416109009718355,0.1867859367281198,-0.266265414096415,-0.4796038335189223,-0.0674082050099968,0.1127265668474137,0.1173373864032328,0.0,0.0
495,16.719657961279154,11.59661972709,0.2741191255580634,0.9140879455953836,1.1999241043813529,2.8978711903095244,0.2171942002139985,0.0225583316079384,2.7416109009718355,-0.2015843393281102,0.256019470654428,0.1874549631029367,0.1789002614095807,-0.2403388117440044,-0.335316592361778,0.0,0.0
496,16.719657961279154,11.59661972709,0.2741191255580634,0.9140879455953836,1.1999241043813529,2.8978711903095244,0.2171942002139985,0.0225583316079384,2.7416109009718355,-0.2168467283248901,-0.2928757667541504,-0.1528197927400469,-0.3161381389945745,0.2995427487418055,0.1828791146166622,0.0,0.0
497,16.719657961279154,11.59661972709,0.2741191255580634,0.9140879455953836,1.1999241043813529,2.8978711903095244,0.2171942002139985,0.0225583316079384,2.7416109009718355,0.1622046248987317,0.2257573172450065,0.4458837416023016,0.4233960807323456,-0.0528176320716738,-0.0510298918001353,0.0,0.0
498,16.719657961279154,11.59661972709,0.2741191255580634,0.9140879455953836,1.1999241043813529,2.8978711903095244,0.2171942002139985,0.0225583316079384,2.7416109009718355,0.0980669936165213,-0.0011733865365385,-0.359998419880867,-0.1633030734956264,-0.3340102230198681,-0.3265196835622191,0.0,0.0
499,16.719657961279154,11.59661972709,0.2741191255580634,0.9140879455953836,1.1999241043813529,2.8978711903095244,0.2171942002139985,0.0225583316079384,2.7416109009718355,-0.113451150432229,0.0659845450893044,0.0354389129206538,0.0830684136599302,0.0136078513227403,0.1069990525022149,0.0,0.0
500,16.719657961279154,11.59661972709,0.2741191255580634,0.9140879455953836,1.1999241043813529,2.8978711903095244,0.2171942002139985,0.0225583316079384,2.7416109009718355,-0.0478262744843959,-0.1428751358762383,0.3728746362030506,0.1966329161077737,0.1618196620605886,0.2982366004027426,0.0,0.0
501,16.719657961279154,11.59661972709,0.2741191255580634,0.9140879455953836,1.1999241043813529,2.8978711903095244,0.2171942002139985,0.0225583316079384,2.7416109009718355,0.0324418717995286,0.0757567947730422,-0.0402667010203003,-0.0580336302518844,-0.19126708926633,-0.1677578873001038,0.0,0.0
502,16.719657961279154,11.59661972709,0.2741191255580634,0.9140879455953836,1.1999241043813529,2.8978711903095244,0.2171942002139985,0.0225583316079384,2.7416109009718355,0.2278296081349253,-0.1511740174144506,0.1416530469432473,0.2947826273739338,-0.1217326512560248,-0.2422684723511338,0.0,0.0
503,16.719657961279154,11.59661972709,0.2741191255580634,0.9140879455953836,1.1999241043813529,2.8978711903095244,0.2171942002139985,0.0225583316079384,2.7416109009718355,-0.2824717428535223,0.2159850675612688,-0.4432527255266905,-0.4686754662543535,0.22515907343477,0.0241170367226004,0.0,0.0
504,16.719657961279154,11.59661972709,0.2741191255580634,0.9140879455953836,1.1999241043813529,2.8978711903095244,0.2171942002139985,0.0225583316079384,2.7416109009718355,-0.2618047155439854,-0.0548463653773069,0.2237654225900769,-0.105225077830255,-0.0289882341399788,0.1726793032139539,0.0,0.0
505,16.719657961279154,11.59661972709,0.2741191255580634,0.9140879455953836,1.1999241043813529,2.8978711903095244,0.2171942002139985,0.0225583316079384,2.7416109009718355,0.2766030410304665,0.0275550965219736,-0.4236286673694849,0.1503566233441233,0.3179249310865998,-0.3046959314495325,0.0,0.0
506,16.719657961279154,11.59661972709,0.2741191255580634,0.9140879455953836,1.1999241043813529,2.8978711903095244,0.2171942002139985,0.0225583316079384,2.7416109009718355,0.0630520982667803,-0.2509581411257386,0.2597556859254837,-0.3898973995819688,0.0798419299535453,-0.0292091228999197,0.0,0.0
507,16.719657961279154,11.59661972709,0.2741191255580634,0.9140879455953836,1.1999241043813529,2.8978711903095244,0.2171942002139985,0.0225583316079384,2.7416109009718355,-0.0078241657465696,0.2805564125999808,-0.090896856971085,0.3725215615704655,-0.2732664288021624,0.2485570079647004,0.0,0.0
508,16.719657961279154,11.59661972709,0.2741191255580634,0.9140879455953836,1.1999241043813529,2.8978711903095244,0.2171942002139985,0.0225583316079384,2.7416109009718355,-0.0921990439295768,-0.2048468878492713,-0.2544434182345867,0.469862156547606,-0.252203316334635,0.0460445962846279,0.0,0.0
509,16.719657961279154,11.59661972709,0.2741191255580634,0.9140879455953836,1.1999241043813529,2.8978711903095244,0.2171942002139985,0.0225583316079384,2.7416109009718355,0.1474272223189473,0.1775557273998856,0.0785127496346831,-0.2686329307034611,0.0954362194053828,-0.1766973696649074,0.0,0.0
510,16.719657961279154,11.59661972709,0.2741191255580634,0.9140879455953836,1.1999241043813529,2.8978711903095244,0.2171942002139985,0.0225583316079384,2.7416109009718355,0.1922280555590987,-0.1009576186537742,-0.2268808921799063,0.0055040037259459,0.206627527065575,-0.102184468973428,0.0,0.0
511,16.719657961279154,11.59661972709,0.2741191255580634,0.9140879455953836,1.1999241043813529,2.8978711903095244,0.2171942002139985,0.0225583316079384,2.7416109009718355,-0.177429698780179,0.1305557817220687,0.434303330257535,-0.2417826382443308,-0.1457544820383191,0.3201671849004924,0.0,0.0
512,15.77864890370518,5.285276090353728,0.2015814154487103,0.7440153457522393,0.9466516594961284,2.582262398958206,0.1138813421502709,0.0010515533216438,1.0737053234494556,-0.1863419827446341,-0.2360303172133863,-0.3045278687216342,0.3456749751605093,0.1848789394423365,-0.0785711556561291,0.0,0.0
513,14.97923979755491,5.902212121337652,0.2209737071290612,1.0217713459581137,1.0468114446792751,2.647713592410088,0.2009484343603253,0.0011139107642051,0.9379624943537558,-0.2294044632241129,0.1100848529599607,-0.0842839305475354,0.4005785712972283,0.031599533919245,-0.2038102458789944,0.0,0.0
514,7.546346994899213,5.238912887498737,0.2938927294127643,0.6673909372091293,0.75,1.976228255271912,0.0618376632221042,0.0005,0.9356839036812842,-0.0166193425655365,-0.1152699999287724,0.0635961375571787,0.2126120676286518,-0.0774620591793209,0.35,0.0,0.0
515,14.219440233819189,5.64447268806398,0.2194964053440839,1.032620892688632,1.0726295979414135,2.704528435230255,0.1818202970921993,0.001325167467244,0.7654102217600258,-0.2637317150384188,-0.223543581828475,-0.1035124712437391,-0.2693107189983129,-0.1785763892363757,0.11301453573443,0.0,0.0
516,7.457126887217164,12.0,0.1709738000027835,0.830995441943407,1.0877561204843222,1.9356210599541663,0.3806158249266446,0.0013112728793665,0.3603186841875121,-0.3,-0.2436982831098139,-0.0807493123412132,-0.1310177424922585,-0.2133614680618047,0.1359945103321224,0.0,0.0
517,17.133153334110975,4.709398990869522,0.2005210938479751,0.7238880126029253,0.9298507087323814,2.495919270515442,0.1311997406370937,0.0008747810701311,0.9821650871922484,-0.0942103794626891,-0.2008074893541634,-0.3331222253851592,0.0632797168754041,0.279063156440854,0.3308019502591341,0.0,0.0
518,10.731519136317074,3.774031851813197,0.2275946210648864,0.7363721391707659,1.0008024942576883,1.6414126777052878,0.1886299712397158,0.006399333367394,1.2278135597815116,-0.1996039432995021,-0.0751821521222591,-0.4219030981138348,0.0393832412734627,-0.2513133366834372,-0.258550837021321,0.0,0.0
519,15.537273826897144,5.192137930169702,0.1990741971485317,0.7370842393785715,0.9556859594676644,2.5486164897680283,0.1503259321860968,0.0008505671029178,1.1460569893995758,-0.3,-0.0210896365866065,0.0858726125024259,0.2817519456334412,0.2482041673492639,-0.2304772965572774,0.0,0.0
520,15.363230802230538,5.762120120972395,0.1893241332951933,0.7282786898761988,0.9382449939195068,2.558266337513924,0.120787828862667,0.0007043262693758,1.3407838202867208,-0.1713418329767882,-0.1150673435032367,0.2141514924354851,-0.4495724683441222,0.0478718638606369,0.2770536436848342,0.0,0.0
521,16.564778110049666,4.944721150398255,0.1981691920012235,0.7131772376447916,0.9500338251180946,2.4458331297039986,0.1373329330794513,0.0009035486874233,1.0109809274576196,-0.3,-0.2061448319032788,0.0674120834469795,-0.1236800450831651,-0.1419967661984265,0.1202314483597875,0.0,0.0
522,17.315406905673445,5.345006112381816,0.1946711732178926,0.7390927141457796,0.9641065281573684,2.52808193564415,0.1016615789756178,0.001091562903232,1.0189046107351625,-0.2406954258196055,0.1695189723484218,-0.1458442904986441,0.3896130978502333,0.0102312724161893,-0.2391455342527478,0.0,0.0
523,10.107721825689078,3.323361507430673,0.2387915962044149,0.7319726327806712,0.9924073915332556,1.7590721803307532,0.230683266185224,0.0046692600939293,1.328537263325936,-0.2446867815591394,-0.1988787994422018,-0.0269853416830301,-0.008618034645915,-0.2626931069027632,0.1087511363308876,0.0,0.0
524,16.35119545005262,5.520744698494672,0.1971088712140918,0.7069608161449432,0.926440244531259,2.533301755964756,0.1077762163430452,0.001017028271317,1.0925012592251906,0.0356334902197122,-0.1274575525894761,0.2229198660328984,-0.298173774369061,0.1477206776365638,-0.2288024996537715,0.0,0.0
525,11.566088783554733,3.485046815872193,0.2295294950444251,0.7776532312035561,1.032367698121816,1.6323377115726467,0.2367542977631092,0.0043594149429037,1.4136832207914496,-0.1447345518171787,-0.3,-0.2462353236414492,0.352927121501416,0.1125304183326661,-0.0948088728357106,0.0,0.0
526,16.897303059473636,5.562859348580242,0.2024864426214248,0.7200980829596519,0.952284681295976,2.504996800839901,0.1269044115021824,0.0007622053101042,1.2449000209656658,0.1270829446837305,-0.229031336735934,-0.1515354409068822,0.2056356800347566,0.0716778829116374,0.0213892370723187,0.0,0.0
527,15.676271953806282,4.731406966224313,0.1918312856063246,0.7348091328740121,0.933700115583837,2.620611455440521,0.1434056814946234,0.0009757836583564,0.9318995469255004,-0.1715560036003589,-0.0979384400881826,0.144754669945687,-0.1192736754752695,0.2621715498585254,-0.0403156506232917,0.0,0.0
528,5.776510718278587,5.052911446616053,0.2955575881823897,0.6500000000000001,0.7807487004306167,1.982132356107235,0.0949383959174156,0.0005,0.7208948440243425,-0.2192370630204677,-0.0604090622663497,-0.5,-0.0196753111854195,-0.301950071381405,-0.3127327863462269,0.0,0.0
529,6.852779095433652,4.239037242904305,0.2868488615114241,0.6720629092305899,0.75,2.064518312692642,0.05,0.0006005073720438,0.9630173969846476,-0.0389427095800638,0.2531793009638786,0.3290223159454763,-0.0385661796294152,0.2836775844190269,-0.2476080988496541,0.0,0.0
530,9.038886193297802,12.0,0.1775288877282292,0.8325546129941941,1.0724197115153074,1.9548618040680883,0.4021426732838153,0.0019163281583366,0.3116190829379626,-0.3,-0.0020879869870841,0.1739752800390124,0.2429276881366968,0.2365688144303857,-0.1884899266157299,0.0,0.0
531,6.521577456407249,4.571776318550111,0.2932011972352862,0.6620032791346312,0.7561637581922114,2.020071139216423,0.0593567737750709,0.0005,0.750178624346365,0.2113143828883767,-0.0371372607685625,0.2800238201208412,-0.1469264343194663,0.2238883539512753,0.115005350684747,0.0,0.0
532,16.126192745268344,5.392209459468722,0.1900839001525193,0.73236950096488,0.954180632237345,2.4392795602083206,0.1338709240965545,0.001075366320272,1.2229850814460237,0.0169292538799345,-0.0988242416158318,0.0421042256988585,0.1085511132515966,-0.0591865324433893,0.2821652453262359,0.0,0.0
533,5.246281001120805,6.685702746734023,0.2572702306754887,0.9944668187052011,1.0879773109965023,1.5796177624464034,0.0970727029442787,0.0007189446219208,0.5731058935849155,-0.2833329059444368,-0.2104200843125581,0.054385864958167,-0.1483692701160907,-0.1929084082935005,0.1848021542001516,0.0,0.0
534,16.508608872145416,5.734470095485449,0.1925060344532132,0.7424778371155262,0.9279275298155844,2.599209154844284,0.1524736000783741,0.0006976214405612,0.9300763984068828,0.1687710766978561,-0.2005451973415911,0.2409637959487736,0.4616617898084223,0.2064213744886218,0.0755926968455314,0.0,0.0
535,13.426425260379911,5.726796840876341,0.2315344545062631,1.0202609612494706,1.0650997943859546,2.6555197204351426,0.1492915686033666,0.001290479273265,0.9814363282418136,-0.3,0.2008999424614012,-0.3923937901109457,-0.3500797000527382,0.3126941972933709,-0.0100427768193185,0.0,0.0
536,14.703565410785377,11.421413603425028,0.2683154247783124,0.7705325206369162,1.1080522960871455,2.299342557609081,0.3338427475653588,0.003629395761034,0.521098759143097,-0.2381286876238882,0.2029790496714413,-0.3676935036480426,-0.2935618754476309,0.3483781415577978,0.0588218972645699,0.0,0.0
537,16.619564471505583,5.238022935763001,0.2022558609377593,0.7332973734438419,0.9660298679061232,2.6163707084655763,0.1220126154646277,0.0008711646568754,1.0776208747401117,-0.0035571183599531,-0.2594970063082873,0.5,-0.1530619175545871,-0.2367116796802729,-0.1383669189028442,0.0,0.0
538,16.229265510104597,11.61352811269462,0.2658932923372835,0.7604373680800199,1.1357722857445478,2.3658975585103037,0.3450057976134121,0.0022069582248432,0.4157604598718876,-0.1123895942978561,-0.2333042347356677,0.3993694777786731,0.1395427537709474,0.1218242803402244,0.2774372262526303,0.0,0.0
539,6.552587862536312,3.432826744765044,0.2203537117976695,0.8236914559751749,0.9463909220602365,2.143251256287098,0.2231610277481377,0.0102102762062953,1.1296001827672402,-0.2280444743223488,-0.2068053996786475,0.0129942183382809,-0.049068093355745,-0.35,0.1293140202369541,0.0,0.0
540,6.792152451612056,4.577211472764612,0.2257820556022226,0.8171426809728146,0.942214876063168,2.178596567332745,0.2732030298933386,0.0083035439290522,0.873891516809028,-0.1433133138120174,0.0231840684302151,-0.4710768407024443,-0.4338494879938662,-0.3489743184465914,0.0083602052833885,0.0,0.0
541,8.864699629992247,11.502202104777098,0.1716787774704397,0.8173858745098114,1.0801377798914908,1.921024825394153,0.3726046019233763,0.0018388318109557,0.3589448672662327,-0.1177172457128763,-0.2023533088825643,0.3440249283239245,0.4084054093062877,0.35,-0.0559872564282268,0.0,0.0
542,8.475887240618468,11.917721278592945,0.1761175114713609,0.8425154412388801,1.0926051967274395,1.9055260756015775,0.4044662066921591,0.0019793316959615,0.3218311654540838,0.2946223189607262,-0.1705282884389162,-0.0575971765257418,0.4787849097885192,-0.0780623528882861,-0.0962817917875945,0.0,0.0
543,5.958629448711872,4.486151713132858,0.2858076843183487,0.6500000000000001,0.75,1.9737818276286123,0.0654002666659653,0.0005,0.7732921355385763,-0.009491195552051,0.041455676972866,-0.0773019997403025,-0.0694392200186848,0.0608228925839066,0.0029538565389811,0.0,0.0
544,15.853886565417053,5.791350183263421,0.1950692407552153,0.7089439734071493,0.9567118117287756,2.472822360634804,0.1413720365427434,0.0008631658492493,1.327622206393029,0.0249116844758391,-0.1517135681658983,-0.4596424501575529,-0.0521425587497651,-0.0237585428413003,-0.0734415341205894,0.0,0.0
545,7.015080392733216,4.290001876279712,0.2974554495707154,0.678750179156661,0.75,2.0754006306529047,0.060753605980426,0.0006704766060284,0.7287982107928173,-0.0934351846352219,-0.2584871735796332,0.2861807803809643,0.0434344042837619,0.0919410815853625,0.2945639693550765,0.0,0.0
546,7.480154722109437,4.769840994477272,0.2874109342053532,0.658586776778102,0.75,2.133788582444191,0.0963540067151188,0.0005460160420094,0.7533404572318828,-0.085213248476386,-0.1242642006240784,0.3816107810474932,0.336903471853584,-0.35,0.0102995631303638,0.0,0.0
547,16.31840425416827,5.095739149302244,0.1983195805314928,0.7313203881233931,0.9574293530490248,2.489069611251354,0.1132075564935803,0.0006802928110758,1.1392249442954383,-0.1231348842009902,-0.1438397568203508,0.3166365272924304,0.402560733705759,0.35,-0.0127302470747381,0.0,0.0
548,7.529164158366621,12.0,0.1800921534523368,0.8416916542500258,1.0978208045773208,1.7812249662280082,0.4132410322502255,0.0018218891858249,0.3056208028298805,-0.2159850304685533,-0.3,-0.2027738938853144,0.3567270078510046,0.1579400841686874,-0.0455998102705925,0.0,0.0
549,11.057622354999184,3.5234939675778154,0.2311572746235877,0.7489442771971226,0.9900645436998456,1.738705513715744,0.1860810747183859,0.0040735953505958,1.434072378116198,-0.190523949611932,-0.0166849505603313,0.218755379486829,-0.3796539902128279,0.0186030599828809,0.23595314588584,0.0,0.0
550,8.200969945602118,12.0,0.1747144346375018,0.8526287286132574,1.06988996110484,1.9179163489937785,0.3946420691162348,0.0015636166771512,0.3401764634405369,0.3,-0.2012599197886884,0.3190004157274961,-0.3640882180631161,-0.0795807198174297,0.206862470537424,0.0,0.0
551,15.6143208636716,4.685625313967466,0.1905043700560927,0.7038941213190556,0.9456208440754562,2.513985849380493,0.1154742499813437,0.0010356645855993,0.9227327390781364,-0.2156960676424205,0.1360253064148127,0.083171322401613,-0.054275562968105,-0.2173059346452355,-0.1315243991166353,0.0,0.0
552,11.95909748569131,10.234553541243075,0.2511221033129841,0.8559739492535592,0.7922221301682294,2.8166249830126766,0.3639661530405282,0.0039465506059107,0.4190681266737025,0.3,-0.1582092903815209,-0.0433008120395243,0.3689227393083274,0.0136836634743958,-0.0987389561235904,0.0,0.0
553,10.48606408443302,3.308962861821055,0.2308324673362076,0.7599830845296384,1.0238806289881468,1.7876667972207068,0.1846948341093957,0.0042075238679532,1.4053129898058812,-0.2590895026735961,0.149422297809273,-0.2251881310716271,0.4202237815782428,0.0244869966749102,-0.2304375041536986,0.0,0.0
554,16.38300858519971,11.703189726546409,0.2765001549296081,0.7537387556284666,1.1484331255406142,2.354991642832756,0.3333938831277191,0.002567113730128,0.5560608758089688,-0.2554801716171205,-0.1437061826884746,-0.0010165411792695,-0.1105517999641597,-0.2866237194575369,0.1390068256054073,0.0,0.0
555,14.15616892710328,5.750595618784428,0.2213717583943158,1.05,1.0305515882447362,2.594949704170227,0.1651033958233893,0.0014064877894489,0.7547981643710897,-0.2675282559581101,-0.0128046545684337,0.1786664401367306,0.3752085152640939,0.2288230834938585,-0.2392844596933573,0.0,0.0
556,6.506253289319576,5.038049221411347,0.2862583707548677,0.6826738684624434,0.75,2.0430535400509835,0.079113217331469,0.0005075648036245,0.9373408185916652,-0.185722320780158,0.1402326713986695,0.5,-0.344169085137546,-0.1922275911215692,-0.1047749343384057,0.0,0.0
557,7.582548863179982,4.206583155319095,0.2971610482405871,0.6500000000000001,0.7765711471494288,2.122439896464348,0.0658930793218314,0.0006491302142488,0.7066895362827743,0.3,-0.1843598974831402,-0.0953991682268679,0.4583953975699842,0.0231192567329853,-0.0374153337907046,0.0,0.0
558,6.904285523183644,5.00531013906002,0.2916055626761167,0.6695790796130896,0.7603413050360978,2.083749682843685,0.0902780345082283,0.0005645471192625,0.7650443963776145,0.2589889860525727,0.2275629637911916,-0.3089916697144508,-0.2776578579470515,0.0977399543598294,0.3499549045190214,0.0,0.0
559,7.267917027808727,11.822780601307748,0.1781267874769866,0.8339436737895012,1.0665183969140053,1.7722994771003724,0.3730936887674033,0.0013525744478405,0.3202447053685666,-0.0548165553286671,-0.2567871697470545,0.1292999075166881,-0.4626625660993159,-0.0544371791370212,-0.2345416255146264,0.0,0.0
560,15.620313513725996,5.497975173592567,0.190730845657736,0.7382279033064842,0.9592992899492384,2.595359687268734,0.1259345372393727,0.0009100796973863,1.173051898384632,-0.1746319199278951,-0.2555669318251312,-0.1987095432356,0.2938426406309009,0.160790859542787,-0.0567723949626088,0.0,0.0
561,14.820983092859388,5.963735078275204,0.2240171485919505,1.0162036286443472,1.0324590751323848,2.660857469260693,0.1822833016887307,0.000997153671465,0.845221056944619,-0.2410873228088021,0.1444942607693374,-0.1732311599887907,0.4854577660746872,0.0399337610937655,-0.2532407180927694,0.0,0.0
562,7.677545589581133,5.067237475886941,0.2908419531699269,0.6609673835039139,0.75,1.9630638470053676,0.0507370707578956,0.0005,0.698323298555954,-0.0285334686487913,-0.1484462339803576,-0.0190216864645481,0.1628867055103182,-0.0701039044950157,0.2679978659581393,0.0,0.0
563,14.350560143217445,5.621620425954461,0.2303391048297286,1.026399491712451,1.0599811306390912,2.691410662710667,0.2014078271389007,0.001517079392324,1.0111851112539134,-0.2517920594215393,-0.2026658383011818,0.0072291927225887,-0.1851322466321289,-0.2016730007659644,0.2245293661635369,0.0,0.0
564,7.5839309504255645,12.0,0.1757232822533697,0.836384757310152,1.0734202304296196,1.9480122474431991,0.3685650330968201,0.0014906101208393,0.2716231447512967,-0.292493181142956,-0.2633004037030041,0.0299937208928167,-0.2278963561914861,-0.1587648602873087,0.2170552467089146,0.0,0.0
565,17.260035539008676,4.874035360664129,0.187964483269304,0.7298544749766589,0.9425148186776786,2.5082634803652764,0.149866132158786,0.0010264590722217,1.31356879862351,-0.1095194732509553,-0.1663556468524038,-0.4157386694103479,0.1932051988691091,0.2402050055116415,0.2143575445432216,0.0,0.0
566,10.577856640592218,3.724237877503038,0.2401437779031693,0.7423968276530505,0.9881375474631786,1.6290420784950252,0.1997290759719908,0.00549306490412,1.3559361465834256,-0.2146945679448545,-0.1083423186689615,-0.5,-0.0553835948370397,-0.2911475676130503,-0.2754354183077812,0.0,0.0
567,15.383533189482986,4.991149367019534,0.1943169635530561,0.7437036587148905,0.9700210126731544,2.5361989572644235,0.130736227761954,0.0007551825145863,1.04783897816235,-0.3,-0.0003037662282586,0.1916950618848204,0.4109719000384211,0.303792251003906,-0.1781013799160719,0.0,0.0
568,15.485792489424348,5.625598344206811,0.2001670310676098,0.734511433377862,0.9239098505917936,2.571360512316227,0.1002752755582332,0.0007998322182433,1.0030278200648648,-0.1596509404443204,-0.0814723766595125,0.2918487285822629,-0.3432040107250214,-0.0077162160389125,0.1917011715844273,0.0,0.0
569,16.687279050573707,4.657023175805807,0.1951181844625622,0.7196121310144663,0.9626986817903816,2.458974260687828,0.1474798849038779,0.0010613042792244,1.3384241176873024,-0.3,-0.2266038410291075,-0.0271562460623681,-0.2405953817255794,-0.102162539023906,0.2330925841666758,0.0,0.0
570,17.148452546820046,5.442859411612153,0.1977144001219422,0.7446490689069033,0.9514424825850872,2.5149144152998923,0.1194051234051585,0.0009379393200701,1.1172671401153975,-0.2526303443871438,0.1894742183648049,-0.2453359504416585,0.4966870830580592,0.0490894271004945,-0.2176933230776339,0.0,0.0
571,9.940828213505448,3.5700381707400086,0.2279412154018879,0.7377487098127604,1.0067433459609747,1.7459516605138776,0.2176803232356906,0.004141382227971,1.2017157741690574,-0.2327773941345512,-0.2328695774562657,0.0443824756331741,-0.1276451488770544,-0.3172897184323519,0.0596825954336673,0.0,0.0
572,16.188896607421338,5.281109508872032,0.1923518210280687,0.7003293018341065,0.9390886217113584,2.545695690751076,0.1282865952700376,0.0008811041348935,1.209162977285843,0.0509506185650825,-0.0938786532506346,0.2942863167636096,-0.2368469302169978,0.1708172854110598,-0.2472938996236771,0.0,0.0
573,11.403728650659325,3.3942165456712248,0.2420784354642033,0.7716164448857308,1.0180160753019154,1.6446850335001943,0.2266058582067489,0.0038984674742549,1.2954647021761283,-0.1600245010703802,-0.3,-0.3457283608987927,0.2810533849149942,0.1051722674034535,-0.0408107557129115,0.0,0.0
574,17.015487627200784,5.838848948851227,0.1899296026065945,0.7141436955332756,0.9666371152158826,2.492628947496414,0.1091621259227395,0.0008444849873616,0.9420996082641866,0.112022613979876,-0.2090105847381055,-0.2461078862659633,0.2676632465980947,0.0633436519820243,0.1018275288268923,0.0,0.0
575,15.794517811797558,4.856202192232013,0.1965809717226773,0.7294318895936013,0.9210525495037436,2.608197036445141,0.1564110277034342,0.0011182452689683,1.250805085102201,-0.1564701160043478,-0.1319716527946293,0.2224477795138955,-0.1932543844729662,0.2862596335131675,-0.1561222317963838,0.0,0.0
576,5.903474067375064,5.129939508438111,0.2879461651641875,0.6556388649642468,0.75,2.055283078670502,0.0883125565014779,0.0006614279481993,0.8287054096530103,-0.2382138926982879,-0.1195958028919994,-0.5,0.0927000911533832,-0.2739512063842266,-0.2210919403880834,0.0,0.0
577,7.125068999305367,4.162522446364164,0.2949476524934172,0.670746173709631,0.7676968447007239,1.9908973752856256,0.05,0.0005,0.7547934745858187,-0.0267134095877408,0.3,0.3688611637614667,-0.1507932705618441,0.2793152545969933,-0.3373407574109733,0.0,0.0
578,8.955480563417076,12.0,0.17,0.8218742325156927,1.0862867157608271,1.8333831313848492,0.3955130501650273,0.0013717777198797,0.275551237832102,-0.3,0.0499218301847577,0.1691883442923426,0.3553051537647843,0.2253080339953302,-0.2191596040558069,0.0,0.0
579,6.293958553001285,4.645261810347438,0.3,0.6816949668228627,0.75,2.141832526743412,0.0527414556592702,0.0005563582680233,0.9701161280773504,0.1990752949789166,-0.0965547643750905,0.260585902351886,-0.2591555885411798,0.2430202887021005,0.1397082164604216,0.0,0.0
580,15.971635119505226,5.314614394307137,0.1980724808827042,0.7396894858926535,0.9191084370352328,2.557847759306431,0.1403847259655594,0.0007525882483185,0.9249927775495774,0.002159382674843,-0.0499701954983174,-0.0219821349345147,0.1759724531136453,-0.0469415121916681,0.3066816106718033,0.0,0.0
581,5.232596805132926,6.763957561552525,0.2497690179090947,0.9721588732302188,1.1238934638015925,1.4613322781920433,0.1035712840594351,0.0008229069843293,0.6355723274350398,-0.275308913256973,-0.2662433589734136,0.0049504970759153,-0.2156423119828105,-0.2130245828609913,0.1544420240651816,0.0,0.0
582,16.707002579905094,5.806875318661332,0.1995194905567914,0.7287828070372343,0.9451672166325152,2.5284067491889,0.1589836325496435,0.0010216943181092,1.216864627062061,0.1835311664231121,-0.2565728710144758,0.325451075900346,0.5,0.1794067493081092,-0.0138304144106805,0.0,0.0
583,13.48505881961435,5.655052516236902,0.2230586006842553,1.024943860143423,1.045328653184697,2.7258519112467767,0.1557866092026233,0.001082074036524,0.8784301099578544,-0.3,0.2495495927855372,-0.3211938142031431,-0.4173506786301732,0.3160722872987389,0.0814115687087178,0.0,0.0
584,14.539125005975365,11.493827943876386,0.2754393468376249,0.7568520002365112,1.1405868570953608,2.4204886989593506,0.3403515211865305,0.0023808650207985,0.4177348799923425,-0.2562609449364244,0.2627626552954316,-0.3513434468209743,-0.3613602634891867,0.3450000515524298,0.0281507773995399,0.0,0.0
585,16.59599776826799,5.166269489377737,0.1936695746339857,0.7379889255017043,0.934339264500886,2.494757281959057,0.1285070838592946,0.0009327449988459,1.2627654994158133,0.0078292604349553,-0.3,0.5,-0.0854667913354933,-0.2096970544997602,-0.1136645342484116,0.0,0.0
586,16.420007621869445,11.53594216927886,0.2739923353038728,0.7677425658106805,1.112619552746415,2.2924230951070785,0.3515181117504835,0.0034482268260403,0.5241089779059063,-0.0942409637086093,-0.2850739679150283,0.36259515568614,0.0717423078045249,0.1419404549077153,0.35,0.0,0.0
587,6.603569553978741,3.5110724423080684,0.2127420628301799,0.8013745855391026,0.967012200674042,2.217005504846573,0.2296592655405402,0.0091524225277187,0.971164398685956,-0.2394406345970928,-0.147252453636378,-0.0159406880848109,0.0185290907882153,-0.35,0.0395808814931661,0.0,0.0
588,6.911737963929772,4.504231201857328,0.2173059814099222,0.8064475132972002,0.9713729436174036,2.249168981432915,0.266572147924453,0.0128940406479082,1.0365279527790674,-0.1589277638196945,-0.024994835101068,-0.5,-0.5,-0.35,-0.0810633861552923,0.0,0.0
589,9.12961196888238,11.575696785375476,0.1786924874182791,0.8370686372369528,1.0518232579529283,1.8507321964502332,0.3659887116029858,0.0016314735936889,0.2911206629662617,-0.1088503253906965,-0.1459595331922173,0.2618990383669734,0.5,0.35,0.0354656476136297,0.0,0.0
590,8.382881832011044,11.99474015161395,0.17,0.8588352878540755,1.0660755582880228,1.786719094455242,0.3978388795442879,0.0013281037336968,0.2669303574925505,0.3,-0.1143388083614408,-0.0050959096290171,0.3660305354557931,-0.0737000230662524,-0.0717659075632691,0.0,0.0
591,5.72141049478203,4.409646109864116,0.2937960390992462,0.6500000000000001,0.7599511970635504,2.0921215236186983,0.0587881600484251,0.0005380960588509,0.9406870533017728,-0.0183417361602187,-0.0069275189526379,-0.0156003857776522,0.0431119005382061,0.0328240275867283,-0.0274077160209417,0.0,0.0
592,15.731415673345328,5.362954160943628,0.1945640261538327,0.7273178423196077,0.926878870345652,2.509350621163845,0.1073690208606421,0.0006778783070461,1.2753973072242697,0.0316174513623118,-0.1825075252577662,-0.5,-0.1982926022075116,0.0329775623977184,-0.1092797898091375,0.0,0.0
593,6.892626759782434,4.455750985071063,0.298905208614096,0.6500000000000001,0.7702983465828002,2.111922663092613,0.0872484082914888,0.0005436166722207,0.6958442670991084,-0.1137159476950764,-0.231958060786128,0.3492999538779259,0.1672382509708404,0.0238772130385041,0.3304447608552873,0.0,0.0
594,7.567000138536096,5.166591814160347,0.2859004646863788,0.6777135757356882,0.7657707756366581,2.097187082231045,0.0553288967534899,0.0006672772830582,0.7772056043627279,-0.0920078790932894,-0.0454027609415352,0.4841488998569548,0.2807513711415231,-0.3340111902300268,-0.0176966078225523,0.0,0.0
595,16.40523241147399,4.886635243147611,0.1987636607117951,0.7024435035139323,0.9324185653533786,2.45247433412075,0.1317427645251155,0.0008599866936313,1.1685562685944038,-0.1029168687388301,-0.2303013870231807,0.2533305406197905,0.4363666376471519,0.3395075698886067,0.0152464593555778,0.0,0.0
596,7.691692994497717,12.0,0.1795564143981785,0.8233184474855662,1.0713597217909991,1.8166267594099044,0.3872431592270732,0.0020050753112133,0.2883966502508945,-0.2091875111125409,-0.2414005501046777,-0.3109040993079543,0.3005308599025011,0.1005499166622757,-0.0028593939375132,0.0,0.0
597,11.220168993845585,3.131567762419581,0.2325766208522021,0.7785673868656159,1.0142285027559843,1.7741128025650976,0.2195853837020695,0.0046183856636485,1.3610934077890449,-0.2107399067468941,-0.0997518733665347,0.2764692795462906,-0.3458040283061564,0.0882899844683706,0.1931932650301605,0.0,0.0
598,8.002815633825957,12.0,0.1732344898037612,0.8335025918036699,1.098882260095328,1.8824471704959869,0.3756699524819851,0.0013861709458906,0.3615666575403378,0.3,-0.2286458828933537,0.4272953704744577,-0.5,-0.133425298595801,0.2260108021348714,0.0,0.0
599,15.416148749180138,5.118553411215544,0.1909788632836193,0.7327701603174209,0.9172381977830082,2.4785111802220343,0.1569418153539299,0.0009518054206397,0.9868050112528456,-0.1954107775501906,0.1592124526239931,0.0256221716664731,0.069572341684252,-0.1442581119071692,-0.15063019490242,0.0,0.0
600,12.117193105965852,10.738970376551151,0.2515969021938741,0.8848508408367635,0.819734834689647,2.7571521420478824,0.3454327742755413,0.0040628463676095,0.3919337765630673,0.3,-0.1273831013180315,-0.1629061835445463,0.4250949244014919,-0.0554264226928353,-0.1416158681958914,0.0,0.0
601,10.644141901992262,3.216899971291423,0.2293521827939897,0.7408562896847726,0.9940182723551988,1.728198720216751,0.2257217733375728,0.0044713836432595,1.3219213838081472,-0.2793974456302821,0.1228216082565486,-0.1564384322240948,0.3863538479432463,0.0822693195343017,-0.1875334333740174,0.0,0.0
602,16.189287353381516,11.232752688601613,0.2779191633094102,0.7833627178817988,1.123451740220189,2.414397097766399,0.3068972479738295,0.0024329188023149,0.5857699063044591,-0.2623003567121923,-0.222599648348987,0.1184021029807627,0.0356224477477371,-0.35,0.119725824708119,0.0,0.0
603,13.962465498000384,5.883678711950779,0.2208363305725157,1.0335350483506918,1.056195154644549,2.654350401580334,0.1991045786626636,0.0013789927365508,0.8000217631722003,-0.2473358014114201,0.0737287583872675,0.1097300139442086,0.251336519010365,0.2822755144294351,-0.2200383079331368,0.0,0.0
604,6.379348637796938,4.909809339419008,0.2867026449505239,0.6537978249937296,0.7584492235668003,1.9824571671485904,0.05,0.0005,0.9139887788691438,-0.1788976086527109,0.0646812632493675,0.4581854091212153,-0.1980390241369605,-0.1234639500342309,-0.0687924924809485,0.0,0.0
605,7.455626952536404,4.672470236942172,0.2956503506511449,0.662883871331811,0.750086931919679,2.061836562335491,0.0848670252226292,0.0005614938519806,0.6848582765569483,0.3,-0.1012343634478747,-0.0208047428168356,0.3345675772987306,-0.0333476273752748,-0.0734326247852295,0.0,0.0
606,6.995564563162625,5.101923128962516,0.2930550955086946,0.6500000000000001,0.75,2.1442728167772294,0.0567718926817178,0.0006453747742633,0.8011308561301028,0.2523124509528279,0.254994354531169,-0.1950661896169185,-0.2215298595651984,0.1697415669877082,0.35,0.0,0.0
607,7.359213326908648,11.313520411774515,0.1776217724699527,0.8523168732225895,1.0955339249074458,1.832829565823078,0.3990897289477289,0.0016027027638424,0.3334181489340251,-0.034505723632872,-0.2800327211916447,0.054870317261666,-0.496488323751837,-0.1072355478052049,-0.2626509974896908,0.0,0.0
608,15.885228086449208,5.424471319839358,0.1993136822830885,0.733925588682294,0.9412140007987618,2.521744612455368,0.1175612921826541,0.0007829541658422,0.9644622559379088,-0.1961399481073021,-0.3,-0.2842851563170552,0.36157510869205,0.1494108774475753,-0.0932863108031452,0.0,0.0
609,14.940570839010178,6.036724522337318,0.2168969179674983,1.029517524242401,1.0513879098985344,2.7340023292303086,0.1738959805108606,0.001400153968215,1.018851301925364,-0.2398268243148922,0.1961073856651783,-0.2441557910479605,0.4178846145235002,0.0591925879344344,-0.2186349896490574,0.0,0.0
610,7.440324520729482,5.143733906000852,0.2984494346283376,0.683644927635789,0.7784348083343356,2.0848193783760074,0.05,0.0006020312970466,0.8608380336681252,-0.007009060755372,-0.0966419966630637,0.0447673566639423,0.2306212355196475,-0.0419935282673686,0.35,0.0,0.0
611,14.257552619688212,5.544610726088285,0.222243987615779,1.0187108241915703,1.0232230833861975,2.569937846183777,0.1930240607820451,0.0010541125909035,0.8526613680915078,-0.2530623458325863,-0.262289748955518,0.0577309210784733,-0.2527074601314962,-0.2061699131075293,0.1289534305054695,0.0,0.0
612,7.560366498008371,12.0,0.17,0.8170619360357523,1.0587113317362964,1.829720900595188,0.3770521467551588,0.0017649746924616,0.3160029243996731,-0.3,-0.2150771087408065,0.0351438921131193,-0.1151179492659866,-0.1858909966982901,0.1216619512457401,0.0,0.0
613,17.095597385019065,4.801648503914476,0.1964442488964647,0.7401654406189919,0.9580676749739796,2.6268375420570376,0.1583684665709734,0.0006944221074329,1.04184345211613,-0.1040266790650784,-0.2228104998618364,-0.3973011941462755,0.0805861004069447,0.2437176780365407,0.3155946047957986,0.0,0.0
614,10.628836234100165,3.6459646962583054,0.2321512556131929,0.7440948800444603,1.0257413547635077,1.6993801254630083,0.2082199590280652,0.0047549691228366,1.1569388788423036,-0.1889656767211854,-0.164579692069441,-0.5,0.0573927501402795,-0.2787833457011729,-0.2411353769339621,0.0,0.0
615,15.57427320331335,5.068762794137001,0.2018218500874936,0.7270179198980331,0.9298857509884982,2.4653906954526903,0.139242102690041,0.0010713368663789,1.3073925610704338,-0.3,0.0481370051242411,0.1514710059389472,0.2983548635244369,0.2835491843465715,-0.2144326555617153,0.0,0.0
616,15.472106059603394,5.547334356233478,0.1920716934833675,0.7361889307498932,0.9495942986849696,2.449741223931313,0.1087655864097177,0.0008877133474381,1.1208237365883218,-0.1820018962584436,-0.022320345763117,0.2389636268466711,-0.4556453343853354,0.012526850618422,0.2932453613318502,0.0,0.0
617,16.532719190977513,4.734627414122224,0.202725919765234,0.7029234181642532,0.9378581913001836,2.5801262639164926,0.1559845009818673,0.0006716285991684,1.0227755082140266,-0.3,-0.2787736653797328,-0.0878807634674012,-0.1283463147841393,-0.1145267609357834,0.1375171296298504,0.0,0.0
618,17.207088220976296,5.514594563096762,0.1905944214820862,0.7253467082381249,0.9214388126973062,2.5886745207309723,0.1278918937407434,0.000866180244548,1.007250003406397,-0.2302630152963102,0.1374956090301275,-0.1720485560968518,0.3842437028139829,0.0455767545755952,-0.2542057974319904,0.0,0.0
619,10.139224036186931,3.497642120718956,0.2365238260779529,0.7480625607967377,1.0342155614644288,1.672471340239048,0.2261811699159443,0.0062807582134581,1.589110702997711,-0.2348922529108822,-0.1735263347625732,0.1268702277727425,-0.0153940253518521,-0.2901635820213705,0.0942888040598482,0.0,0.0
620,16.461184260472656,5.357596821710468,0.1998564871922135,0.7230273065716029,0.9613990482743828,2.4754089236855505,0.1199165617115795,0.0008086947162643,0.9352290147355216,0.0260548670589923,-0.1426850116364657,0.3321256260387599,-0.3042462940700352,0.1753141977526247,-0.2129933780673891,0.0,0.0
621,11.5306897489354,3.3172159675508737,0.234086167018488,0.7639306627064943,0.996549194354564,1.7152515857219697,0.2182208329997956,0.0058519437603773,1.4647893124643003,-0.1553762792497873,-0.2710917047895491,-0.317089398689568,0.3482605054602027,0.0770618911758065,-0.0771405898723751,0.0,0.0
622,16.787870821729303,5.765335973352194,0.1984096202183515,0.7098208258897066,0.9332606597598642,2.610962786614895,0.100788537543267,0.0009586912418204,1.2017963113299586,0.136908577568829,-0.1530275088921189,-0.2621839715354144,0.2002659393288195,0.0440848251413553,0.0064347144849598,0.0,0.0
623,15.711114279851316,4.929200753569603,0.1895635861471295,0.7427428111582994,0.9518979625627398,2.4893959121704103,0.1480222187936306,0.0007268139187612,1.0883127123118772,-0.1611019581109285,-0.1805604321956634,0.2142111206427216,-0.1260493205115199,0.2976396156083792,-0.0548837291188538,0.0,0.0
624,5.736728206686675,5.1808983527123935,0.3,0.650173284739256,0.75,2.066915282189846,0.0692665635608136,0.0005723674261481,0.7473055763444968,-0.2229098578244447,-0.1531552301980555,-0.4249273630417883,-0.0129216388054192,-0.2665431239884346,-0.2971774498783052,0.0,0.0
625,6.958245268724859,4.362341275811195,0.2899544925082474,0.6650667305886746,0.7803585084713995,2.0024829909801483,0.0522527664527296,0.0005,0.8252271224866357,-0.0419902396202087,0.3,0.2581209146603942,-0.0332184115797281,0.2561456440668553,-0.2336389135047793,0.0,0.0
626,9.07811213221401,12.0,0.1739434071604162,0.8155506229251623,1.0736258630901576,1.821777031481266,0.4136650342307985,0.0015212270691445,0.3637519422256321,-0.3,0.0299345465227961,0.0633686897717416,0.24757233152166,0.2011623359546065,-0.2051747949440032,0.0,0.0
627,6.416667991690337,4.479456001892686,0.2875323898509144,0.6751633479893208,0.7541048588789999,2.1301797918081284,0.05,0.0006370123432124,0.7234652344771929,0.2141742760464549,-0.0624888960421085,0.3495318027585745,-0.1408758872747421,0.2514198244474828,0.0982147389482706,0.0,0.0
628,16.089750349223614,5.487459539622068,0.1952728616852313,0.7455530072301626,0.931760213110596,2.568680204987526,0.1594319777563214,0.0008554067395201,1.2380554757687168,0.0138633944280445,-0.0835976007096469,0.0669623962044715,0.1153051313012838,-0.0868410516921431,0.2976109922323375,0.0,0.0
629,5.350633621364832,6.78564495369792,0.2603757910050452,0.9774393910467624,1.1095452398769556,1.472211700797081,0.0928974462486803,0.0009657145344239,0.4794887523599183,-0.2870401041023433,-0.2458176234550774,-0.1008705374412238,-0.1430218477360904,-0.1573788810651749,0.1988809272293001,0.0,0.0
630,16.54449469551444,5.595345674082637,0.1889204980954528,0.735505095884204,0.959516251657158,2.51750098156929,0.1408294741064309,0.0008768901994026,1.1117761830090964,0.1716093413271009,-0.2765482070446014,0.2147067136317491,0.4663060868531465,0.2340763560831546,0.0592942735478281,0.0,0.0
631,13.32262934871018,5.5923644121736285,0.2258657029118388,1.031077280372381,1.03267768820934,2.714993076205254,0.1674423536658286,0.0009608510554632,0.96939508340561,-0.3,0.2835211160257458,-0.2385786992125213,-0.3440288066677749,0.2771642086580395,-0.0272198317088186,0.0,0.0
632,14.670392938666046,11.219008077308535,0.2626465804331004,0.7633722794055939,1.1532376804500817,2.432118156611919,0.3529301145300269,0.002703360876724,0.553432608803447,-0.2409921478517352,0.2823315151557326,-0.2518532044254243,-0.3101867659948766,0.35,0.0417899982966482,0.0,0.0
633,16.72732671942562,5.040309393405915,0.1986704177957028,0.7443011925667524,0.9199900878556072,2.5063397841453554,0.1113050783239305,0.0010957387889933,0.9453446315071656,-0.0074667398817837,-0.3,0.4439349243417382,-0.1710933990776538,-0.2643666650298982,-0.154797041747719,0.0,0.0
634,16.26188127364963,11.776746797561646,0.2689989458825439,0.7734333743453026,1.1269678925424813,2.280814247906208,0.3417671210318803,0.002962552460143,0.4737139420966189,-0.1093446818254888,-0.2519330690167844,0.2848992512561381,0.1222143975831568,0.0862947568669915,0.2916611570809036,0.0,0.0
635,6.4453821872919805,3.600737565383315,0.2255425805795937,0.8068515283167362,0.9543605404701084,2.2053496578335765,0.2496586684510111,0.0081187481411785,1.064100923413111,-0.224362446013838,-0.1680584011338651,0.0786289731413125,-0.0649898592382669,-0.3307805311456322,0.1446280694734305,0.0,0.0
636,6.757866970039904,4.407542772591114,0.2201132819242775,0.8003261909037829,0.9570336546674372,2.260004539191723,0.2539920668490231,0.0111693396573336,0.9505783772603692,-0.1472046075314283,-0.0054379228726029,-0.4507922764495015,-0.4504747195169329,-0.35,-0.0085621041227131,0.0,0.0
637,8.975801449865102,11.327850388363004,0.17,0.830358443364501,1.0644839690029622,1.861614366352558,0.3831885427609086,0.0014591552871027,0.3224551969164141,-0.1205463041961193,-0.1803494818434119,0.1842045112513005,0.390374268759042,0.35,-0.0725269669573754,0.0,0.0
638,8.509616013616323,12.0,0.1792231092266738,0.8535426979511976,1.0534140103887766,1.7758164403438568,0.4075922735221683,0.0014712829512791,0.3580183358759121,0.2983259741887449,-0.0811299315579235,-0.0764610286429524,0.4614568939059972,-0.050530416291207,-0.0824443059898913,0.0,0.0
639,5.8480842015147205,4.696174645796418,0.2909966088902205,0.6500000000000001,0.7742896491643041,2.0812654344439507,0.05,0.0006167357044745,0.711367962004454,-0.0064151740148663,-0.0277717812694609,0.0838939831964671,-0.0853613262064754,0.0254159489460289,0.0186543489284813,0.0,0.0
640,15.774927552267908,5.741277854889631,0.1960013432689011,0.7390578293353319,0.9284634716380388,2.488393722474575,0.1426032158546149,0.0010645527696281,1.112413296223954,-0.0121929460912942,-0.221065530963242,-0.4304967960342765,-0.1887787288799882,-0.0290015215612948,-0.1444092217758298,0.0,0.0
641,7.063149749785661,4.388780257105827,0.2887460932578891,0.6500000000000001,0.7684601671043784,2.1329659360647204,0.0659695751406252,0.0005050025969002,0.8901098227513838,-0.0495245390832424,-0.2164631011784076,0.3019884316809475,0.1793455625884235,0.0858368235565721,0.35,0.0,0.0
642,7.523766605406999,4.785539866611361,0.3,0.6646376419216394,0.7676089615523816,2.076217051446438,0.090317909233272,0.0005,0.9031044320216214,-0.0480657527223229,-0.0553321558870375,0.3517378804832697,0.2938694460690021,-0.35,0.0812952337358146,0.0,0.0
643,16.234987767264247,4.960289302840829,0.1934798721916973,0.7132122969776392,0.9308339576236904,2.473504474997521,0.1106871269270777,0.0009255970394669,0.9286130129638904,-0.1669763360023498,-0.1862841592691838,0.3015506239049136,0.4462759976647794,0.35,-0.083744181042537,0.0,0.0
644,7.434615937657654,12.0,0.17,0.8356004259735346,1.0695839486327023,1.8436655176877972,0.4081439225003123,0.0014292977132969,0.364473299635287,-0.1451287652291357,-0.2782459278032184,-0.2628570506907999,0.3101772286556661,0.1625600852780044,-0.1011117530856281,0.0,0.0
645,11.121272171139715,3.500608205795288,0.2380174529604613,0.7670690883398057,1.0157832447253168,1.7471517325043675,0.1845003195293247,0.0055869038858446,1.1733107642980325,-0.2546796637885272,-0.0826505784764886,0.1438852255046367,-0.3338292228430509,0.0262992742732167,0.2914468253385275,0.0,0.0
646,8.260170985497535,12.0,0.1717466507069766,0.8225096650868654,1.0973275245632976,1.9094756233692167,0.3968088029325008,0.0019448830687717,0.283973593263475,0.2499580882899462,-0.2403439425565302,0.3798108136095106,-0.4972088916040957,-0.0714000420179218,0.2623714242987334,0.0,0.0
647,15.515323866717516,4.746967783942819,0.2012951421763748,0.7459793841838837,0.9190139645040036,2.451539804756641,0.1216260025277733,0.0007867311286182,1.1328629288317424,-0.1516029554195702,0.2015673083849251,0.1573197231069207,0.079526348747313,-0.2062951374147087,-0.1869900956191122,0.0,0.0
648,11.859903792515397,10.210628673806786,0.2502128547154367,0.8740234400331974,0.8179870767686517,2.784191031932831,0.3691803483664989,0.0028991359576507,0.4990738198006873,0.2860195031203329,-0.0891880564279854,-0.0254030979797244,0.4130762537568808,0.0066103624887764,-0.0439786833412945,0.0,0.0
649,10.5448964144662,3.433888703584671,0.2395646700683981,0.7538736204504968,0.9955977334622294,1.701237415552139,0.1859241251461207,0.005403523404517,1.1513779042372745,-0.2152332313992082,0.1070699805580079,-0.1981270465441048,0.3767515053041279,0.0202438226304948,-0.2851718193888664,0.0,0.0
650,16.446298388987778,11.763786059617996,0.2638603236485273,0.7958541675955058,1.12187228555046,2.441425785243511,0.330875685159117,0.003410029575673,0.4634573664043571,-0.2183870662339031,-0.2131510425880551,-0.0196373818069696,0.0256245755031704,-0.2982574375029653,0.0842264705877751,0.0,0.0
651,14.061432707682252,5.660043233260512,0.2261733710624277,1.021853645786643,1.0579429061282426,2.6273788945078853,0.1590687288530171,0.0011410010384629,0.9281503192530328,-0.3,0.029124448724091,0.152333969976753,0.2383071279712021,0.2202655861396342,-0.1845396752599626,0.0,0.0
652,6.422650944106281,5.1360814653337,0.3,0.6500000000000001,0.7600585441980511,1.961500503063202,0.0775303449854254,0.00066850907763,0.7864970416810554,-0.1148116683885455,0.1012699728570878,0.5,-0.2101022989116609,-0.1855311739966273,-0.0340321410577744,0.0,0.0
653,7.625798457823694,4.153448370099067,0.2902627853900194,0.6738416310697795,0.75,2.0828797037005424,0.0607944246195256,0.0005221456218196,0.8619007404068937,0.2725082745552062,-0.1186986191533505,-0.1590227554365992,0.3250098495185375,0.0287082932889461,-0.1081936976555735,0.0,0.0
654,6.951983894072473,4.868821186944842,0.2945961893647909,0.6514894080907107,0.75,2.1233029175996783,0.0964314464479684,0.0005,0.9185957310341222,0.1881475161463022,0.2661053322851658,-0.2369333317689597,-0.2313951827399432,0.1077817161437123,0.2792225804366171,0.0,0.0
655,7.188763458840549,11.835124047845602,0.17,0.840070040255785,1.0939245978388936,1.8538594720959665,0.3752624252997338,0.0017232068782182,0.2606249196431991,0.0093309343904257,-0.3,0.1921948749944567,-0.5,-0.0452567041721194,-0.1637833438850939,0.0,0.0
656,15.721828507706524,5.435241086408496,0.1995487401220947,0.7081770353019238,0.9327565772999078,2.562169010281563,0.1279821474477648,0.0006911378424283,0.9776982206501856,-0.2455243945866823,-0.3,-0.2736022676713764,0.4307205937989056,0.1678602664973586,-0.111779534574598,0.0,0.0
657,14.759829529970885,6.05217717550695,0.222976509321481,1.05,1.059858632862568,2.5736614675521854,0.1887848808988928,0.001239927694039,1.0393406644254133,-0.1769943003058433,0.1864259977228939,-0.233379631601274,0.349261051081121,0.0441731387395412,-0.198261457696557,0.0,0.0
658,7.611934552937746,5.088731615990401,0.2957901987895369,0.6548535304367542,0.7699645102322101,2.0502543555498125,0.05,0.0006818976453618,0.8316424329895948,0.0423227841183542,-0.0794220573753118,0.0551920344121754,0.2063382996059954,-0.0584740804806351,0.3230234055239707,0.0,0.0
659,14.447617663443088,5.494291322678327,0.2176288092177361,1.0444563136845828,1.0316801077723503,2.7246068328619004,0.1997116238623857,0.0011904471055252,0.8284674071771145,-0.3,-0.2450181112959981,0.0680621664226055,-0.2293088525533676,-0.1931192998103797,0.169537473635748,0.0,0.0
660,7.665403611846268,12.0,0.17,0.8425038179755211,1.046865930637345,1.867190667808056,0.362878546807915,0.0020275992320259,0.3261404795272432,-0.2553457759134471,-0.2247582999430596,0.0458239480108022,-0.1809290086850524,-0.1654574735034257,0.1465575178135187,0.0,0.0
661,17.21891556020826,4.859142172709108,0.2025543009806424,0.7117692149728536,0.969899596363306,2.469448301196098,0.1472268212772905,0.0007986951593283,1.0690227129878895,-0.1533608602769672,-0.2324399774037301,-0.3865276951156556,0.1469190895371139,0.2346198554765433,0.2848889204766601,0.0,0.0
662,10.532287885546683,3.6239213906228542,0.229461558811739,0.7724880587905646,1.0139090342614798,1.6678634832501409,0.2008450226671993,0.0041386682582859,1.1377288021994392,-0.2517991594858467,-0.1473078423812985,-0.5,0.0779788617417216,-0.3011855254881084,-0.2049503215439617,0.0,0.0
663,15.460557074658574,5.042027375102043,0.1971761958494782,0.7015788447111845,0.941731576949358,2.6170143113136293,0.1363054568134248,0.0009316222725039,1.2779771045580874,-0.2656203682981432,0.0653567323833703,0.1617995908670127,0.2768844316340983,0.2946156625598669,-0.2486143558956682,0.0,0.0
664,15.562445456385612,5.612302733585239,0.1913262761782855,0.7163960242718458,0.951354057446122,2.586163789987564,0.106781947389245,0.0010187651527653,1.2024294700910634,-0.2304923206306993,-0.0125435819551348,0.2282039442099631,-0.3869399622268974,-0.0024771313499659,0.2629160874970257,0.0,0.0
665,16.641515807658433,4.794903749600053,0.1961359856821596,0.72566739551723,0.936085158823058,2.515784304320812,0.1495333888195455,0.0007732670339167,1.0909854642912074,-0.2703750625289977,-0.2690485983341932,-0.0985581509023904,-0.1975844420492649,-0.0960620773937553,0.16183633454144,0.0,0.0
666,17.107146777659654,5.495042028278112,0.1928042344249785,0.7025995752662421,0.9232122700363398,2.458111329674721,0.117703369744122,0.0007546811341874,0.9361573193716948,-0.1817197302170098,0.12012159172073,-0.1823742895014584,0.3607524959929287,0.0586120733805001,-0.2889340590070933,0.0,0.0
667,10.021938654221596,3.4733975440263745,0.2406895983170717,0.7678581767529249,1.0324554035905749,1.731141424834728,0.2129312797263264,0.0054561096155663,1.4677030143501435,-0.2968819917105138,-0.1908482401035726,0.1164620161056518,0.0089706763625144,-0.3066596014611422,0.1309435163941234,0.0,0.0
668,16.28559404734522,5.370856214687228,0.1991415457271039,0.7424189762175083,0.9665476086102426,2.608879790246487,0.1256529492139816,0.0007145988627735,1.009388812506494,0.0880436591729521,-0.1329601582288742,0.3213686038181185,-0.3706719280406833,0.1662010882105678,-0.1920271422956138,0.0,0.0
669,11.337929547354578,3.3351583186537024,0.2275266938980668,0.741490075558424,0.991414139477536,1.653864175200462,0.2209246934205293,0.0051769151607857,1.5904753793085034,-0.2039169696941971,-0.2613147273436189,-0.3277639533765614,0.4141533709131181,0.0974799396339804,-0.0960573280099779,0.0,0.0
670,16.954137300141156,5.713117422908544,0.2005889724310487,0.7322641284167767,0.9383953155241906,2.483445045053959,0.1147261479124426,0.0010847496040293,1.1235173349067125,0.0748669311851262,-0.1703496158011257,-0.2725070445239544,0.2218181343376636,0.0551667780913412,0.0465654428340494,0.0,0.0
671,15.89566402796656,4.881665161252021,0.1936988827787339,0.7233480032384396,0.946749827088788,2.545017697691917,0.1575211951322853,0.0008216672906119,1.023367806579098,-0.1126138837561011,-0.1979342479370534,0.2038057417236268,-0.1467280340380966,0.2752527228035033,-0.1009014795161783,0.0,0.0
672,5.924714666642249,4.809313512220978,0.2866306002095341,0.6500000000000001,0.75,2.093979062974453,0.05,0.0005,0.9558506025634088,-0.2736020397171378,-0.1356314415223896,-0.5,-0.0262593286484479,-0.2026108281332999,-0.2074150251671671,0.0,0.0
673,6.983736986108124,4.445425857231021,0.295226936142519,0.6773780023753644,0.7787559760753066,1.9755466001033783,0.0911088806018233,0.0006149464191379,0.7198367783182533,0.0153192815557122,0.2893831835500895,0.3055341572873294,-0.0432595367915928,0.1922020458523184,-0.3234020596630871,0.0,0.0
674,8.88984732646495,12.0,0.1725021410468966,0.8287422665208578,1.075228389048949,1.848827680170536,0.3887533027492463,0.0018694415616021,0.2890881437483407,-0.267288164421916,0.072711070485413,0.1958812572434544,0.2378388446196913,0.2652020049281418,-0.2327993889208883,0.0,0.0
675,6.390897928513587,4.403164651244879,0.2976799817934632,0.6641880015432835,0.7522747099343687,2.1032302688360214,0.0801857490092515,0.0005,0.8405817020716662,0.1567330243438482,-0.07376487390697,0.3012266508676112,-0.1531149654276669,0.1873991492018103,0.1258381317649036,0.0,0.0
676,15.972694255784155,5.561114099994303,0.1967569154340774,0.7331025645583868,0.9302266981434076,2.547745502114296,0.1204834954813122,0.0009046311354019,1.066951340063414,0.0713039247505366,-0.0676809712909162,0.0188357721455395,0.1020999382250011,-0.1508047476317733,0.3244961037989705,0.0,0.0
677,5.111159245595337,6.404593363776803,0.2500483011223376,0.9891969511806964,1.111325741233304,1.4932768262624738,0.1179033983685076,0.0006053931526713,0.6061424025024992,-0.3,-0.2839535489715636,0.0318205578625202,-0.1531954804435372,-0.0934038977865129,0.1719946145024151,0.0,0.0
678,16.661272494122386,5.528374445438385,0.203079284517467,0.7462445917576551,0.957735743863508,2.496555973291397,0.1021115116029977,0.0008293098204489,1.276685955490448,0.1143007475249469,-0.2321084871143102,0.2622984840907156,0.4565279408358037,0.1700668254829942,-0.0316993413604796,0.0,0.0
679,13.56182542964816,5.970687748491764,0.2204132432486862,1.0180306441485882,1.0342112096138298,2.736047896265984,0.1922104474902153,0.0015325856561144,0.7611491014317961,-0.2696663059405982,0.2740129789039493,-0.3703559984266757,-0.3562232364341616,0.3411547605507076,0.0637730617523193,0.0,0.0
680,14.55368170488626,11.740610926598311,0.2766939729265869,0.7743124574422836,1.1516761504467576,2.4111832191348075,0.3167615380510687,0.0028618644552766,0.4819891068950934,-0.2916554874144494,0.2652893396392464,-0.3894250728935003,-0.3000569984689355,0.3199178223814815,0.0145358061864972,0.0,0.0
681,16.488059707917273,4.807206807658076,0.1933293520610779,0.7310743819922209,0.9217458698730916,2.527405041217804,0.1316505599580705,0.0006861986701346,1.203876902567682,0.049868321288377,-0.3,0.4857197873853147,-0.1578441798873245,-0.2003568941038102,-0.1275416484773159,0.0,0.0
682,16.378870785273612,11.257725717499852,0.2703716057028621,0.7611572466492653,1.1252121040876957,2.259869108021259,0.3058365172892809,0.0027989263364625,0.549632680141968,-0.0587605444081127,-0.294347456138581,0.4230348124355078,0.1343649621680379,0.0223195332624018,0.35,0.0,0.0
683,6.684927476644516,3.827010335028172,0.215326484625414,0.8184142656624318,0.9559220769107342,2.226404712498188,0.2697735158726573,0.0129629442902346,0.8418327330476736,-0.2817765097729862,-0.1565249312035739,0.0359564065374434,-0.0551676871068775,-0.2668170755319297,0.0535121892187744,0.0,0.0
684,6.946200022362174,4.183906793221832,0.2185606070049107,0.8133142197877169,0.9588390909116716,2.2870681883692745,0.2340320365317166,0.0090804247395185,1.1959797333478204,-0.089789617203176,-0.0207682943567633,-0.493291808385402,-0.4403895574621856,-0.3124853577781468,-0.0989397031273692,0.0,0.0
685,9.001498934701084,11.858883401751518,0.1783522644095123,0.8195603444427252,1.0628534213695675,1.83467821007967,0.4192151409760117,0.0020130440294899,0.2775532428159799,-0.1711330161318183,-0.141731943167746,0.322513107098639,0.4036681041494012,0.3326126955319196,0.0178513534944504,0.0,0.0
686,8.321561324074864,12.0,0.17,0.8418437179774046,1.0550445515848696,1.802866854429245,0.3873867173679173,0.0018099239763683,0.2799321030974236,0.2409901924431323,-0.125312159422785,-0.0345031309314072,0.4737400089018047,0.0134134222492575,-0.0539584439694881,0.0,0.0
687,5.822665079459548,4.167833300679922,0.2963804613303393,0.6534769515693188,0.7724842193573713,2.0543160430789,0.0750401530787348,0.0005,0.8154449525896451,0.0442505340725183,-0.0179015073068439,-0.05350485060364,-0.0756716937571764,-0.038516106583178,-0.0098303119316697,0.0,0.0
688,15.6435205995664,5.641094502806664,0.1929583999346941,0.7447310125380755,0.942815081583336,2.5007967202663424,0.1534625775925815,0.0009598448468002,1.2161605589859583,-0.0241194181144237,-0.1867175543233752,-0.5,-0.1245967590622603,-0.067909472528845,-0.1268560514114797,0.0,0.0
689,6.931681506820023,4.139746146649122,0.2995971166037022,0.6500000000000001,0.7558117770496756,2.1453217731118204,0.05,0.0005,0.8027174969481539,-0.0376235965937376,-0.2361691005080938,0.3902313143759965,0.1046167217940092,0.1405063176788389,0.3126380792595445,0.0,0.0
690,7.681753661818803,4.919731590524316,0.2891694791160523,0.6711754520088434,0.7802565147578716,2.06388170003891,0.0785068532451987,0.0005,0.673585863139158,-0.0363697095438838,-0.0344393297620117,0.4350603516586125,0.3531298848800361,-0.3404210561197251,-8.129325695336933e-05,0.0,0.0
691,16.393036113940177,5.245629830285907,0.1965302092920988,0.7195303790718317,0.9164815108291804,2.461122007191181,0.1291247689351439,0.0010339757898076,1.2256774536226156,-0.1786995824128389,-0.2193373571746051,0.1901074000075459,0.375062437877059,0.35,0.0331236766111105,0.0,0.0
692,7.588069582730531,11.924167724326251,0.177950787743181,0.8303253669887781,1.056919079085812,1.8567744331955909,0.3972869640216231,0.0016651095374048,0.2750042601707722,-0.1602070181854069,-0.2439370899572968,-0.3743043877556919,0.4193155820667744,0.1709597486965358,-0.0167898013796657,0.0,0.0
693,11.274665069542824,3.373455532640219,0.2332685283478349,0.7611993070840836,1.0301183751784264,1.760307419657707,0.2038625261373818,0.0062925654878971,1.5702002188723336,-0.2395758555494249,-0.1022877759262919,0.2272035727836191,-0.4535144338198006,0.0021534635797142,0.1794931574184447,0.0,0.0
694,8.133019183278083,12.0,0.1765035046692938,0.8163707173615694,1.0829915572609752,1.8963462797999384,0.4086183711886406,0.0017108921024391,0.313365898115483,0.2652539984844624,-0.2193559473641216,0.4680523270368576,-0.3929927571862936,-0.0945695398952811,0.239888698361814,0.0,0.0
695,15.388232811167835,4.835440606996418,0.1887454123578965,0.7392632865905762,0.9316779972016812,2.4384572800397875,0.1031861861422658,0.0006704771279992,1.0350749873147642,-0.166871688131243,0.1685013388730585,0.0522019637934863,-0.0366428932361304,-0.1988871826920658,-0.1370140812024474,0.0,0.0
696,12.027066985033454,10.384661604091525,0.2532634682085365,0.8677174557745457,0.8053229539487512,2.796596777021885,0.3516633862257003,0.0033739815756572,0.3735691774932529,0.2741232992894947,-0.1096558653451502,-0.1023959846980869,0.3190554264746606,-0.0007975884787738,-0.1239781432375312,0.0,0.0
697,10.71213774867356,3.459070947021246,0.2287212146580219,0.7473479053378106,1.009933610642329,1.713596364676952,0.1986858373694121,0.0060922773765698,1.5256090648774865,-0.20331149642542,0.1405481940619647,-0.104260660521686,0.5,0.0434133167527616,-0.1696656489111483,0.0,0.0
698,16.324084423817695,11.5534444950521,0.2747110840842128,0.7903710564523936,1.1075372194703668,2.4290931797027584,0.3511607478000224,0.003002847361039,0.5078326585550175,-0.2066557852663099,-0.2470739006325602,0.0805558353848755,-0.0719122207723557,-0.2741116230543702,0.1021723339874297,0.0,0.0
699,13.939140600822864,5.600850257650018,0.2231307171385735,1.0161683876365424,1.0706078400481491,2.6149995402097703,0.1491639161296188,0.0009713988509945,0.8388647733403337,-0.3,0.0492555682584643,0.0802615028247237,0.370297063998878,0.2118659189660101,-0.2378538215067237,0.0,0.0
700,6.304674751386046,5.188232958316803,0.2883692105293273,0.6500000000000001,0.774410900870338,1.974606305062771,0.0950451327487826,0.000603374910344,0.8711904532455197,-0.1299107395783066,0.0807069948725402,0.4285424860194325,-0.2591673984006047,-0.1456315105780959,-0.0549234282318502,0.0,0.0
701,7.507900950387119,4.356766914576292,0.2950193820212036,0.6799692362695933,0.75,2.0960326449871065,0.05,0.0005,0.7903958645979963,0.2875817888528108,-0.0852076340429484,-0.0588254116661846,0.4071218307130039,-0.0269375174045562,-0.0597937402036041,0.0,0.0
702,7.1146310872584575,4.855347326770425,0.2898470167193561,0.6573705547600985,0.75,2.1101704619526864,0.0761476426571607,0.0005,0.6945658987649167,0.2034242818057537,0.232221613034606,-0.1430655791610479,-0.2839755632355809,0.053112218266353,0.35,0.0,0.0
703,7.351331966742872,11.672817659378053,0.179916159529984,0.8453564617931842,1.0795730522666127,1.8407742000818248,0.3851696412824094,0.0019269560612246,0.3496094658883576,-0.0059730103611945,-0.3,0.1152033655904233,-0.4226167409308254,-0.0063487494494765,-0.2763286947086453,0.0,0.0
704,15.806068937145174,5.512844750285149,0.1924248338699341,0.7158570520728826,0.9678225411940364,2.440923244535923,0.1194959563575684,0.0010310895678639,1.1510513237646087,-0.2332985401600599,-0.2730437453985214,-0.2093895964510738,0.3181248044036329,0.1398651260826736,-0.0220483259484172,0.0,0.0
705,14.988283504731951,5.973912613093853,0.2315628095727414,1.0356196669638158,1.0239487113654613,2.695187018454075,0.1802834692783653,0.0011263966975888,0.8342056306149667,-0.1959742729961872,0.1270708055868744,-0.1840046563372016,0.4620601022988558,0.0485394334699958,-0.2898989320509135,0.0,0.0
706,7.483579712696374,5.016336140409112,0.2876911716300994,0.6500000000000001,0.7527177681326866,2.1236409147381785,0.05,0.0005,0.7180811894134482,0.030080350421369,-0.1385596669055521,-0.0294435287825763,0.0937418215535581,-0.0472095754630863,0.2983229509871453,0.0,0.0
707,14.173935996629298,5.566027048602701,0.2252404721327126,1.048773412913084,1.051458304256201,2.6507529885172847,0.1912066574208438,0.0013431329327953,1.046050471915123,-0.2969577752128243,-0.1928330448232591,-0.0030993895232677,-0.1165091126784682,-0.2122472696527839,0.200206663383171,0.0,0.0
708,7.465618192106485,12.0,0.1774477460730821,0.8591984822005033,1.0853050920870155,1.7965303552150726,0.3712527001276612,0.0012963839114324,0.2649762098318068,-0.2473249230198562,-0.2807236589267849,0.019310834929347,-0.2484815239906311,-0.1777064586635679,0.1769210204910487,0.0,0.0
709,17.158890560790898,4.935628911107779,0.1955406049802899,0.7100859487950801,0.9306168892979622,2.539641328632832,0.1556150509417057,0.0008919278882258,1.2733905356743598,-0.1681341867037117,-0.1838326603844761,-0.4265148261748254,0.2146748586185276,0.2547323054615408,0.2603711061347276,0.0,0.0
710,10.687680633626876,3.696920526400208,0.2369625354006886,0.7621684411466122,1.000035901704803,1.786570845723152,0.20921540658921,0.0063154598866128,1.3859195904143264,-0.2598100184686482,-0.0985093099437653,-0.5,0.0104270350933074,-0.2741748652160167,-0.2964051557034254,0.0,0.0
711,15.475076121166348,4.968514974042773,0.1891878550160676,0.7208871560394764,0.9581357519030572,2.498586733996868,0.1446901459619402,0.0008692243416497,1.0648866426163108,-0.2508636275790632,0.0095825855992734,0.1813638192228973,0.3446395120583475,0.2912338479720055,-0.1591888343393802,0.0,0.0
712,15.373095039613546,5.685292747616768,0.1989376852490008,0.7060911909639835,0.9221897585839032,2.512925168931484,0.115151072461158,0.0006963342139089,0.941149194800224,-0.2191093970574438,-0.0643556452207267,0.3026057534851133,-0.3197122027538717,0.0009046832378953,0.2382151518389582,0.0,0.0
713,16.591925539411605,4.721400465816259,0.1880371788930148,0.744984634667635,0.9644059120696038,2.5893056402206422,0.1579175057634711,0.0009212515911404,1.2483440482486117,-0.2885104596354068,-0.2094333408214151,-0.0164816886931657,-0.2649605129286647,-0.1230727376658469,0.19250408186391,0.0,0.0
714,17.270752043165267,5.418031758442521,0.2013907606255263,0.7192797269523143,0.949734853193164,2.579490383684635,0.1260760353319346,0.0010772480577405,1.208504900430183,-0.1931192394979297,0.1799543284401297,-0.2350128747709095,0.4279809387587011,0.0384996233955025,-0.1992033305633813,0.0,0.0
715,10.044670489951969,3.5498934041708705,0.2335654400803148,0.7661662602722645,1.008463862830773,1.6092921559810636,0.2213191660679876,0.0047717209655397,1.2923132732040568,-0.2787366006933152,-0.2424428273811936,0.0547878572344779,-0.0584060778096318,-0.294410616301,0.039304600553587,0.0,0.0
716,16.377764673382043,5.29846992790699,0.1911529510494321,0.729099494740367,0.934006095316261,2.490211966753006,0.1171617155708372,0.0009972448314677,1.1145952658298095,0.0969074364826083,-0.0767083634622395,0.3050460020825267,-0.2583995547145605,0.1853290580529719,-0.2834834179412573,0.0,0.0
717,11.57431344691664,3.4068848513066765,0.235027890857309,0.7457985244840384,1.0231116951685395,1.7720617838501929,0.2124191547743976,0.0044082466098315,1.201013536751843,-0.2195348652675748,-0.3,-0.3350509707815945,0.3017326995916665,0.0862154346164316,-0.0066322866361588,0.0,0.0
718,16.83594329595566,5.790730280056596,0.1935755023799836,0.7399589295238257,0.961541920211166,2.554159546494484,0.1062384690903127,0.0007460183956027,1.0009080863075943,0.066013141348958,-0.2185840330123901,-0.2357821501791477,0.3340898243710398,0.0508004833608865,0.0769275030866265,0.0,0.0
719,15.632143469005822,4.803391410037875,0.2021747207935899,0.7006648753732443,0.9261346767861396,2.4745859110951423,0.1490194401890039,0.0009890199843591,1.3372676232183385,-0.0970125674530863,-0.1414913443699479,0.2328559938631951,-0.2591480220668017,0.3032478632181883,-0.1254197749793529,0.0,0.0
720,5.837869114317,5.2797545555979015,0.2861853318776935,0.668269653737545,0.756252051115036,2.1293559538125995,0.0706118333153426,0.0005,0.8966222447385965,-0.2937541356012225,-0.1106984218619763,-0.4540758525952696,0.0301112728565931,-0.2549171301685273,-0.2423941081538796,0.0,0.0
721,6.896908964700996,4.312337614223361,0.2967385978810489,0.6590041390061379,0.7545886824969202,2.0109289866089823,0.0575816816464066,0.0005924513420451,0.6711000542180293,0.0221534645631909,0.256889324594289,0.2423106002621352,-0.0769323897548019,0.2646954847872257,-0.2883809215165674,0.0,0.0
722,9.012318354435266,11.911576997116208,0.1710516662068665,0.8576191566735506,1.0462394503299146,1.813336529016495,0.4077501368336379,0.0019542825965223,0.3054403626971448,-0.2469414850026369,-0.0121019317656755,0.0932387549057602,0.3842101300880313,0.2082432935740798,-0.2599320763256401,0.0,0.0
723,6.513351425565779,4.495223536342382,0.2981859088208526,0.6500000000000001,0.7806608194950968,2.0677336270213127,0.05,0.0005,0.88302209880467,0.1500668066293001,0.0068490024581551,0.3646150430478155,-0.2767885023541748,0.2556707227174192,0.1529518352989106,0.0,0.0
724,16.170848975256085,5.464505115523934,0.1962812342874706,0.7034794489890337,0.9600628968011587,2.584251789987088,0.1544489727541804,0.0010896916117283,1.0311066424758066,0.0509527150802314,-0.1491519160307944,0.1270483830757439,0.24842709062621,-0.0968597684726119,0.35,0.0,0.0
725,5.309330952391028,6.913848403468728,0.2515294384080916,1.0075701520442963,1.0837868980485943,1.5297768860459326,0.0914296513982117,0.0007035299575616,0.5891734668300559,-0.3,-0.2067475515268743,-0.0259977257251739,-0.2768248735740781,-0.1665362584553659,0.1281256370004267,0.0,0.0
726,16.49874325029552,5.6566194772720335,0.2016592227246612,0.7173685468584299,0.9321183547507972,2.459929570734501,0.1431173937022685,0.0007056506077589,1.3250020154200894,0.1344507883004844,-0.210570265777409,0.1538991458155215,0.5,0.2273568413835018,-0.0114457433111965,0.0,0.0
727,13.399279198497537,5.504796661436558,0.2209496949613094,1.0371567750573158,1.059218765784055,2.69942771679163,0.173714605346322,0.0012657213042426,0.7948285958049401,-0.2765033744685351,0.244874258056283,-0.3127244421839714,-0.3898519456014037,0.2715521270986646,0.0435615188628435,0.0,0.0
728,14.747402529008689,11.343865256756544,0.2772305926192552,0.7934392578303814,1.1275387677904218,2.350564873576164,0.3582648089900613,0.0036777129554723,0.4616542082003046,-0.3,0.2404147131443024,-0.2697482607513666,-0.4463615076616406,0.35,-0.0292007592394948,0.0,0.0
729,16.681763544715942,5.01630670838058,0.1919091551810503,0.7021974959522486,0.9482335483711212,2.466779734432697,0.112655555140227,0.0008524927569436,1.1597547133806374,0.0566225868053734,-0.2760615476220846,0.4168766698800027,-0.0341934739239513,-0.2537096465751528,-0.083778404995799,0.0,0.0
730,16.22077557269484,11.686125745251775,0.2718526023223996,0.7795311169922352,1.1535681932922452,2.320367339611053,0.3393618834018707,0.002232377764232,0.5653608969126955,-0.0384921506233513,-0.2095930530466139,0.3035227496176958,0.0780597636476159,0.0915146305020898,0.35,0.0,0.0
731,6.526849251389503,3.661256076395512,0.2148509695991873,0.7887903089523316,0.9269032143950462,2.286909898877144,0.2437381062284112,0.0100143151166918,0.8712549539767099,-0.2885210195593536,-0.2370935979969799,0.1049642733670771,-0.0215162918157875,-0.3246993106100708,0.0736218245271593,0.0,0.0
732,6.854921118281782,4.35448580943048,0.2190668136503547,0.7941880844086409,0.9313232578616588,2.22757044506073,0.252529707942158,0.0084833717327128,1.1387162015458785,-0.1100608965083956,0.0606308555603027,-0.3794597228057682,-0.4967388568632305,-0.35,-0.064066357916221,0.0,0.0
733,8.910202499702573,11.425951299071311,0.1769015428442508,0.8484363820105791,1.0927125464770944,1.775185230731964,0.3782110881432891,0.0018141785499833,0.2626435147524006,-0.164390561453998,-0.2189059025645255,0.247825263030827,0.437363589592278,0.35,-0.0170563602019101,0.0,0.0
734,8.44846583969891,12.0,0.17,0.8234705126434565,1.0800291941799225,1.8622503367066383,0.4138586314953864,0.0020185492809681,0.3002072661742683,0.2612184866666793,-0.1467787919305264,-0.1485220296867191,0.3273913988284767,-0.0551427532564848,-0.0269276603907347,0.0,0.0
735,5.949587126001716,4.559754355996847,0.2959354707568883,0.6831000598073006,0.75,2.113694767832756,0.05,0.0005,0.8694679570546106,0.0374917383044958,0.0112049694992601,0.0209961802884936,0.0480231023579835,0.017727451371029,-0.0368344174548983,0.0,0.0
736,15.879906597062943,5.569340486451983,0.2010537533260882,0.7250538356900216,0.9575301085878164,2.622316408574581,0.1469496842101216,0.000846371618727,0.9308805768814412,-0.0228622621893882,-0.1349630660824477,-0.5,-0.1918464878387749,-0.0565334562808275,-0.1614641901552677,0.0,0.0
737,7.023854230791331,4.212159917131066,0.2919893952485173,0.6528534267544747,0.75,2.024081869959831,0.05,0.0006779893337056,0.9009044374538192,-0.0591348707824945,-0.2957364642955362,0.3717334464937448,0.1720587072893977,0.1212437653169035,0.3491524837315082,0.0,0.0
738,7.418230852037668,4.997977858036757,0.2962894735630601,0.6724774007797242,0.75,1.9900337118506437,0.0719977435655891,0.0005344184098513,0.8918721378940903,-0.0376434447392821,-0.0942109895646571,0.4604851316101849,0.2858794661052525,-0.35,0.0954960913974791,0.0,0.0
739,16.274839858934282,5.168044456839562,0.1879476125635207,0.7032161161899567,0.95660982022807,2.534502710223198,0.1226306509040296,0.0006895239160644,1.110215512405096,-0.1571783207505941,-0.1677871617302298,0.2303698759153485,0.4425051133707166,0.35,-0.0684224432539194,0.0,0.0
740,7.538481429405511,11.997661834955217,0.1704461373861879,0.825627682596445,1.0750114235188812,1.926973323225975,0.4039137262292206,0.0018012095762689,0.3123789389383667,-0.154717466790229,-0.3,-0.2886903547123075,0.3071091233566403,0.1980896106287837,-0.1180263739395886,0.0,0.0
741,11.085316767692566,3.30047469176352,0.2412608107410371,0.7748854096084834,1.0111824851296842,1.689641244471073,0.2104752120003104,0.0041534262562005,1.2160827461037929,-0.2653178804777562,-0.0538967504315078,0.2979799205996096,-0.3411157318018377,-0.0013552430979907,0.2748840416427701,0.0,0.0
742,8.155748785175383,12.0,0.17,0.8386931749284268,1.0487707837130875,1.777912846326828,0.4152489027939736,0.0015431044360594,0.2738068076002687,0.2597744410000741,-0.1711955850720405,0.4042028912901878,-0.5,-0.1069300362858921,0.2762166024036705,0.0,0.0
743,15.551835842840372,4.912460049986839,0.1957628118809312,0.7319519529491663,0.9684298131465912,2.5571704986691475,0.109802412521094,0.001058394703269,1.3226503798446811,-0.1411462489105761,0.1120898491367697,0.0018265460245311,0.0757551187835633,-0.178640150187537,-0.1713126726411283,0.0,0.0
744,11.967039887681604,10.308147381991148,0.2446806176356971,0.8900194498747588,0.7830186556968839,2.87012397480011,0.3582933456264436,0.0039017217093821,0.4484154020148843,0.2762250243611633,-0.1616842237561941,-0.1401199482567608,0.4316292452253401,-0.0210446209833025,-0.0284002774618566,0.0,0.0
745,10.51235023099929,3.5360995832830664,0.2358414294753223,0.7400336892157793,1.031394363278523,1.6403518817424771,0.2053008048981427,0.0042900119316581,1.2522024648914518,-0.2256656950302422,0.1999479836225509,-0.1329490504786372,0.3910860870778561,0.0557738131433725,-0.2712103263512254,0.0,0.0
746,16.338605721145868,11.626929412409662,0.2671035886783153,0.7856939242184162,1.1409206272121517,2.307238053977489,0.3577871666848659,0.002533458593579,0.4262617547390089,-0.2087740960456431,-0.1878785096816718,0.0964946022816002,0.0406622826121747,-0.2706029163766651,0.0675646754261106,0.0,0.0
747,14.09453559972346,5.52787860557437,0.2312258185453713,1.0298574670553209,1.0397554747033864,2.73638445109129,0.1557751142606139,0.0014373456003326,1.0327124721842438,-0.3,-0.0029771855436265,0.088525616787374,0.2575632441043853,0.1847360570337622,-0.2013379755485802,0.0,0.0
748,6.533126611225307,5.266488347575068,0.2953863562081009,0.6500000000000001,0.75,2.0927980518341065,0.0885354508645832,0.0005,0.6900935937910817,-0.1252657637670636,0.1367466143667698,0.4814550428465008,-0.1915489671379328,-0.1501246973983943,-0.0185940827038138,0.0,0.0
749,7.592139264903963,4.279172423854471,0.2865396005868911,0.663657950282097,0.7604625593572856,1.9773706833720208,0.05,0.0006564093092772,0.9151990887938763,0.2626826947778463,-0.1338461593016982,0.001761787366122,0.3393440909869969,0.0011768246702849,-0.0940918514598161,0.0,0.0
750,6.840951654277742,4.783602427691221,0.2978395250618457,0.6500000000000001,0.7764503048155457,2.039744532227516,0.0696344059519469,0.0005525600696055,0.8651789433882738,0.1987892934679985,0.1833523219786584,-0.216402401253581,-0.21635781660676,0.0723747706282883,0.26291646483168,0.0,0.0
751,7.222979360334575,11.74522230811417,0.1724112571883946,0.8560426126867533,1.052094605455175,1.9114828446507448,0.3786704806983471,0.0013709163502316,0.2970060332167649,0.018909504443407,-0.2469971915669739,0.0328309591673314,-0.4903937960229814,-0.0177247656974941,-0.1809373293630778,0.0,0.0
752,15.683646541759371,5.274361019581557,0.1974175547126681,0.721431029304862,0.9551618172693996,2.451790754914284,0.1015705545805394,0.0009297924057916,1.037290247178535,-0.2483843376338481,-0.2525142341405154,-0.2927107385918498,0.4114861093461514,0.1954533223900944,-0.0956108863390982,0.0,0.0
753,14.86592158421874,5.886614092439413,0.2187619822181761,1.0414016505777837,1.0382879874408244,2.706101688861847,0.1916994707472622,0.0009837804458696,0.9113481335293234,-0.180914006665349,0.0935471632406115,-0.072560103405267,0.3342456576041877,0.0087050748672336,-0.1809680841192603,0.0,0.0
754,7.650673091560602,5.293476904556155,0.3,0.6500000000000001,0.75,2.112746774315834,0.0563219906762242,0.0005069375867314,0.9485249351493444,0.0453703640475868,-0.1046954212971031,0.0756714356690645,0.192026030793786,-0.0860675987191498,0.3079400691781193,0.0,0.0
755,14.340968900620938,5.694353746995329,0.2202399106811732,1.05,1.0641198392808435,2.639905963778496,0.1807725554518401,0.0015002086094215,0.7808028281903623,-0.3,-0.212915645610541,-0.0913436870835721,-0.2478402116708457,-0.1576507745310664,0.1550828299168497,0.0,0.0
756,7.628334655351937,12.0,0.17,0.8532265609949827,1.0996542558576912,1.8081978065371516,0.3891793607547879,0.0015104609215296,0.354335866411951,-0.2592343748174608,-0.2602357583865523,-0.068929349463433,-0.2001631521619856,-0.2008029575403779,0.1623743279520422,0.0,0.0
757,17.321668042503298,4.651466977596283,0.1983398445446044,0.7047028933465481,0.9179660530686378,2.55126200902462,0.1442014527320861,0.0010044551017372,0.9600670193065424,-0.1561991780139505,-0.2172916207239031,-0.3213957378268242,0.1319033550843596,0.2620903324726968,0.3025341302733869,0.0,0.0
758,10.56991341471672,3.795929853245616,0.2341559908110648,0.7555545493066311,1.0126875490341336,1.7749765561223028,0.1903947299346327,0.0055563534546036,1.267202538563914,-0.2480920112170279,-0.0645540151409804,-0.4098249672539532,0.0636662526242435,-0.2658405103683471,-0.2198971518240869,0.0,0.0
759,15.357247883789242,5.218727973476052,0.1997872415229678,0.7148562763035298,0.9437873992323876,2.48694562625885,0.1551227601990103,0.0007406853623479,1.175954952112224,-0.2625544557385146,-0.0105152587182819,0.0980440570786595,0.2583534128218889,0.2671456554196774,-0.2632055038027465,0.0,0.0
760,15.53101282596588,5.6975923053920265,0.193937415067479,0.6996500147879123,0.9365379696339368,2.523795791387558,0.124660832453519,0.0008104899168835,1.246149980296968,-0.2341744020469486,-0.0986452170275151,0.2024112045764923,-0.3831467596068978,0.024992879545316,0.2482240017615258,0.0,0.0
761,16.74976491227746,4.884885448217392,0.2008303249306977,0.7387573271095753,0.9517541231196374,2.6002230579257013,0.1381446851417422,0.0010385445511854,0.933742208118302,-0.2734199251122773,-0.1897760646231472,0.0555894467420876,-0.189572835098952,-0.1314070962686092,0.1470038984641433,0.0,0.0
762,17.13913611665368,5.364706240221858,0.1885896852381527,0.7135098182857037,0.9623858052939176,2.568599356770515,0.1137395810894668,0.0009487386264952,1.0930897570780245,-0.1778100555874407,0.1589995955899357,-0.1580185705050826,0.3680609776079654,0.0311416001394391,-0.2713897851612418,0.0,0.0
763,9.913132976926864,3.34775374867022,0.2385584354560822,0.7606043551266194,0.9941148149315268,1.5984478771090505,0.2382936809398234,0.004061914961594,1.4171388040879662,-0.2940185813717544,-0.2093444082364439,-0.0390771112404763,0.0120607543177902,-0.2713141211792826,0.1468747226130217,0.0,0.0
764,16.25082130137831,5.507632898539304,0.2017526139490306,0.7351417170017958,0.921344418670982,2.501876672208309,0.1076504678465425,0.0009001968383567,1.0213412012939285,0.0849676907435059,-0.1110889844633638,0.2111769177578389,-0.3668790710903704,0.1307325591761619,-0.2063673899341374,0.0,0.0
765,11.447292205020783,3.46725212931633,0.2322211038138717,0.7524237559884787,1.037450018523261,1.783679350733757,0.232189801018685,0.00384615439915,1.3293218603642782,-0.2076206748113036,-0.2900677368454635,-0.258060793094337,0.4221653235331177,0.1250734616275876,-0.1112416003067046,0.0,0.0
766,16.98946675468236,5.615518460795284,0.1963744790341705,0.7453306224197149,0.9472027600072324,2.542562509596348,0.1185773265920579,0.0008612137632318,1.3436154666156332,0.0776959365606307,-0.2394971551448106,-0.1637123813293874,0.2291269622929394,0.0906348382085561,0.0639732106141746,0.0,0.0
767,15.785744797624648,4.7793831918388605,0.1915676641277969,0.7066254311650991,0.9387955165822058,2.4629416912794118,0.1320461841672658,0.001105818135148,1.0118610851814365,-0.1087225401476025,-0.1084576072320341,0.1326600676402449,-0.1436383024230599,0.2476596706658602,-0.0848337691091001,0.0,0.0
768,5.875474887229502,5.075624801591038,0.2919379927735775,0.6686406643092633,0.75,2.120869077026844,0.0660561253875494,0.0006038913047723,0.6892123502406472,-0.1954963764622807,-0.0915232667662203,-0.4342777114734054,0.0600259013846516,-0.217564376860857,-0.2334233072344213,0.0,0.0
769,7.078614807613194,4.244154202565551,0.298695019710809,0.6593495398461819,0.7793062642794102,2.044249365210533,0.0788366387225687,0.0005,0.9157073828067608,-0.0694342064335942,0.2794386311732232,0.2516497462801635,-0.0949103821627795,0.2076718219481408,-0.2953906607534736,0.0,0.0
770,8.984175030477346,12.0,0.17,0.8587709321826696,1.074678100442514,1.7681047498583793,0.3727843870967626,0.0015024845441072,0.3278786068833516,-0.2912782612144947,-0.031726877219975,0.0966466570273041,0.4105287981033325,0.2811418662834912,-0.2669573036767542,0.0,0.0
771,6.339994750358164,4.586268774420023,0.2962723549406975,0.6500000000000001,0.7517838032227009,2.088319404363632,0.0904664937220513,0.0006087546336399,0.7843178104755122,0.1875752931833267,-0.0161500944793224,0.3798881902731955,-0.2925767842493951,0.1709469056930393,0.1619381201080977,0.0,0.0
772,15.924572072401642,5.368050103262067,0.2020643117465079,0.703085810765624,0.9307046789545566,2.6230074884891508,0.1026374090276658,0.0008377451786091,1.1623810275654551,-0.0135531772412359,-0.1316271659843623,0.1419658479280769,0.2332615968771278,-0.1028361619599163,0.35,0.0,0.0
773,5.202701538130641,6.681446995213628,0.2535163809422404,1.007156764894724,1.1118630005400627,1.5143517482280728,0.1263076517730951,0.0009150828205557,0.5481393971998393,-0.2595996387787163,-0.1858470020480453,-0.0229455059766769,-0.249722746387124,-0.1408889404162764,0.1370964958891273,0.0,0.0
774,16.75448253415525,5.700936387479305,0.1957114464830607,0.7162849697321654,0.9571984849590808,2.463455028176308,0.1217161006666719,0.0009178446785415,0.9726924323986526,0.1450361096821725,-0.2284953612685203,0.1635884810425341,0.494253626037389,0.1230807072240858,-0.0024593963082879,0.0,0.0
775,13.514257712513208,5.713166585564613,0.2190056052669882,1.036047583907843,1.0337332292050123,2.672759198665619,0.1780651475302875,0.0009730711624384,1.0322893015448122,-0.2937604319415986,0.2235733631327748,-0.2925761118531227,-0.360720778927207,0.35,0.036536233542487,0.0,0.0
776,14.497716440148652,11.416297823935746,0.2713865766141564,0.7923425886631013,1.1521805497426538,2.39007066899538,0.3026153260283172,0.0028273951742904,0.4954534251704716,-0.2683954329304396,0.2343021172508597,-0.2903813628107309,-0.4172385391592979,0.2734190923795104,-0.0204529751483351,0.0,0.0
777,16.571863561011853,5.215310689434409,0.1898612722411752,0.7010810721367597,0.9223096510637552,2.452104511141777,0.1512542300298809,0.0011088377115842,1.030355155926088,0.0199604388512671,-0.2855499421432614,0.4082845941744745,-0.0527860563062131,-0.1533707758449018,-0.0905497503001242,0.0,0.0
778,16.462111474610865,11.599036693945528,0.2777394437372684,0.77915075391531,1.1246483232993632,2.3231428825259206,0.3142398586310446,0.0029036670005549,0.4347207377073616,-0.1359054508544504,-0.2038808025978505,0.2995435584336519,0.1051701775193214,0.0698045758921653,0.35,0.0,0.0
779,6.627285766899586,3.400738993287087,0.2167341226071119,0.7883843375742436,0.9554176780171691,2.259491283833981,0.2519265104271471,0.0076988929675979,1.1884309779161877,-0.1977794280610978,-0.2280055489204824,0.0903503058291971,-0.0366900695674121,-0.3147856612037866,0.0823543345443904,0.0,0.0
780,6.886890531145037,4.581468404456973,0.2132532144408673,0.7953560647517444,0.9593565191049128,2.2183334713578224,0.2443118620291352,0.011034735762892,0.8358959566687513,-0.1198048247471451,0.0561934097036719,-0.3937180079706013,-0.5,-0.2960331142693758,-0.0708377616591751,0.0,0.0
781,9.086411686316133,11.526362569630146,0.1748841808412224,0.8495787468999624,1.0634301280584186,1.807755694806576,0.4032453134842216,0.0013947632817118,0.3411273792792945,-0.1479765724316239,-0.2267174990996718,0.24420175421983,0.4636740567535162,0.3166728341765701,-0.0083085143864154,0.0,0.0
782,8.408146171942352,11.93135257102549,0.1723636707458645,0.823825501486659,1.0544678444936872,1.8177684720754623,0.3751135562732816,0.0015518923684944,0.3384767421196694,0.3,-0.142791136432439,-0.1574642946012318,0.3094051197357476,-0.0020563538465648,-0.0181950919348746,0.0,0.0
783,5.763914403244853,4.519686672836542,0.297788088183105,0.683435298293829,0.7719667907617986,2.135030642092228,0.0965171101130545,0.0006294146562431,0.8087960559904902,-0.033001282274723,0.018566775675863,1.2889020144939422e-05,0.0779460148885846,-0.0235625578556209,-0.0435905471239238,0.0,0.0
784,15.701662314198911,5.31853861361742,0.1905722024962306,0.7147023497372866,0.9418492040019482,2.4795112048387526,0.1451160029694438,0.0007927145755727,1.0209101702191934,0.0462720395475626,-0.1569992713406681,-0.4114272292144597,-0.143126565683633,-0.0213780431803316,-0.0999885438363999,0.0,0.0
785,6.845705620534718,4.547263545542956,0.2951578379098326,0.6601591645032168,0.7548920913320035,2.0702235051989555,0.0645123923942446,0.0006350549156063,0.8214568890575803,-0.1283738180994987,-0.2603980775177478,0.3323024138063192,0.1338636874780059,0.0934913452882319,0.283767455311492,0.0,0.0
786,7.596336590535938,5.262801050022244,0.2897085159663111,0.6500000000000001,0.7811762000732123,2.126959116101265,0.0925963057018816,0.0005706091429563,0.9782195827711838,-0.0528833190277219,-0.1261748856939375,0.3310753902979195,0.2480360517092049,-0.35,0.0349398119151592,0.0,0.0
787,16.45284992482513,4.818773024901748,0.2028166484579444,0.7375588444620371,0.9174473880082368,2.49438735884428,0.1094643321447074,0.0007361659456736,1.0122177003938175,-0.1420447399914264,-0.1491256531141698,0.2696435353532433,0.4922796801105141,0.35,-0.0038395026177167,0.0,0.0
788,7.645102330893278,12.0,0.1755645791176706,0.8602849918752908,1.055966643193737,1.7878610731959343,0.4094996962882578,0.0016862072411616,0.3446059463414384,-0.250853622470051,-0.3,-0.2492367887869477,0.2657500410452485,0.1544133124444633,-0.0525205892510712,0.0,0.0
789,11.192033341787756,3.0403482176363466,0.228829260841012,0.7431823644638061,1.0292120277509094,1.7335811254978175,0.1823251474276185,0.0038880345976728,1.102355609893131,-0.1690770792178809,-0.0185711223855614,0.168750075045973,-0.2892317471466958,0.0181836724635213,0.2132818712331354,0.0,0.0
790,8.04871101051569,12.0,0.1770425378292799,0.8463874682933092,1.0838979050908235,1.9110458641648287,0.3983989673666656,0.0016482906960726,0.3021386813942364,0.3,-0.2031458984948694,0.3649490185081959,-0.4529630216583609,-0.0790093862302601,0.2117544330563396,0.0,0.0
791,15.44470239557326,5.186708515509963,0.1950318552140146,0.7213034757375717,0.9326304334960878,2.5193446154594423,0.1192164424620568,0.0011306051866099,1.1986250928719546,-0.1832812716253102,0.1307641164846718,0.131213501971215,0.0354507668875157,-0.2139349542036652,-0.1108829322699457,0.0,0.0
792,12.07413038250059,10.65273132286966,0.2556496768340469,0.8497239456474781,0.8043442021664232,2.8233079649806023,0.3676927235536277,0.0036526405559995,0.4947198885903751,0.2913603560663759,-0.1533454811163246,0.0003406578116118,0.4584650454856455,0.0142501830328255,-0.0898489474300295,0.0,0.0
793,10.61943202830851,3.2572138823568824,0.2331604821648448,0.7773778362870217,1.0090010507237166,1.7824955340027808,0.1884655214846134,0.0040158568224578,1.1349981512246208,-0.2409073202647268,0.1509113199077546,-0.1836278783902525,0.3311814391613006,0.0278531630877405,-0.2057979610916227,0.0,0.0
794,16.231933169700206,11.30588827505708,0.2741720509242266,0.7723409280925989,1.1084697797913103,2.348168033003807,0.3296224500983953,0.0027061281193019,0.4703222985014515,-0.2780145883150398,-0.142217353709042,-0.0441615716926753,-0.0202970957197248,-0.2901418319381773,0.1282090946771204,0.0,0.0
795,13.987871745787562,5.78336798734963,0.2168442742824554,1.0461616946309804,1.0715865922328085,2.6002615952491763,0.1613757363334298,0.0015354243229071,0.9359674939475112,-0.231624852027744,-0.0079406264349818,0.1390542061254382,0.284047524780035,0.2284123552180826,-0.2658326562531292,0.0,0.0
796,6.355073609873653,4.996927390992641,0.2907554079677909,0.6652764042764903,0.7734188107978552,2.0496955092549323,0.0753837841190397,0.0005,0.7567605998814562,-0.1673992415294051,0.1450717743001878,0.5,-0.2546176775544881,-0.1936327655557543,-0.0841346543356776,0.0,0.0
797,7.414077566042542,4.633035136014224,0.2994586607150733,0.650010892406106,0.75,2.117309646010399,0.0621197579056024,0.0006148360403703,0.8345733467138322,0.3,-0.1828955817483365,-0.1387227198667824,0.3693439537473023,0.0205763493161648,-0.0325245881564915,0.0,0.0
798,7.0191443041712045,5.029666392877698,0.2893079798690974,0.675328712657094,0.75,2.076873341500759,0.0940504958294332,0.0005899739120269,0.9490250633029068,0.2950283437818289,0.2290270606577396,-0.2669068265706301,-0.1874125984311103,0.10012719065696,0.3272829241435974,0.0,0.0
799,7.401180707737804,11.41471010297537,0.1736297203641385,0.8153380564749241,1.080565141936764,1.7776640996932982,0.3768221474438905,0.0014636632902442,0.2707659665403727,-0.0772249002903699,-0.2519478737264871,0.1734659785591066,-0.5,-0.05288017879799,-0.2414631402585655,0.0,0.0
800,15.859855524525043,5.483169109374285,0.20336537639983,0.7210408924371005,0.9291983806472272,2.467117109835148,0.154817665182054,0.0007148361262038,1.114864005791163,-0.1576411689966917,-0.2345775350108742,-0.3013891599699855,0.3963954250887036,0.0792437521871179,-0.1045818747784942,0.0,0.0
801,14.89789133682847,5.931369168311358,0.2207060559891164,1.040984394788742,1.062995700839907,2.667608835756779,0.1516359234973788,0.0012796513145848,0.8084427221755799,-0.2783289097845554,0.1148597124963998,-0.0931037698872387,0.3612620104290545,0.1131182548869401,-0.1739581568930298,0.0,0.0
802,7.465000708550215,5.061806916818023,0.2947014834761619,0.6500000000000001,0.7668278602771461,2.1393267634510997,0.0800963305868208,0.0006593958225066,0.7304182089436362,0.0087064200863241,-0.1221821240745484,0.0611496502906084,0.1733393873646855,-0.1116057487055659,0.3149652437232434,0.0,0.0
803,14.300649029016494,5.59863015525043,0.218253011732921,1.05,1.035239533547312,2.6366799728274346,0.1702989663928747,0.0011533838694578,1.0634372201248,-0.2687811105027795,-0.2337781985141336,-0.0954064773581922,-0.2186341496743261,-0.1518123882077634,0.1460965974442661,0.0,0.0
804,7.518435011394322,12.0,0.1727578199982643,0.8535952142626048,1.0703059321437032,1.774766738176346,0.3997995218075811,0.00196465759691,0.2597264619600807,-0.3,-0.2406222612708806,-0.0726446971110999,-0.1703342979960143,-0.1162160662133246,0.1693841967396438,0.0,0.0
805,17.071981749795377,4.907296739518642,0.2002533827338367,0.7050502856373787,0.9460388789735734,2.5600236380696297,0.120632042530924,0.0007722168976193,1.248841236564805,-0.0925361417122185,-0.194303921431303,-0.3355700805783271,0.1140001721680164,0.189299846349284,0.2935632035583257,0.0,0.0
806,10.670349726378918,3.728184607252479,0.2284033160839229,0.7567098261713983,1.0377709944527596,1.7543137804269788,0.230487432796508,0.0042716612534716,1.4266441433009736,-0.2316794963367283,-0.0837669608183205,-0.4307215695269406,0.0900598159618675,-0.2086789605282246,-0.2288833258580416,0.0,0.0
807,15.598584125451744,5.015036385133863,0.1978308635115623,0.7159844270944595,0.918291981395334,2.53246534126997,0.1019636206887662,0.0009634136473849,1.0955560399929776,-0.272296884085983,-0.0331024065725505,0.0890126999095082,0.2424792707338929,0.2296838542222976,-0.2561803909819573,0.0,0.0
808,15.42438307195902,5.6579630739986895,0.1880809317525476,0.7008156371116638,0.9611896457187832,2.491114819943905,0.1315017252415418,0.0010542056725188,0.9592892395715068,-0.196667595628649,-0.1026706623025238,0.211660915017128,-0.3990291025489568,0.0663919366616755,0.2394760451707988,0.0,0.0
809,16.503488213270902,4.671828131377697,0.198977721568197,0.7399016827344894,0.9258269492257386,2.6097346014976504,0.1182374129258096,0.0007984236368611,1.272157053902258,-0.3,-0.1971757128797471,0.0754739335365593,-0.1631710735894739,-0.1846313826795667,0.1537754167374224,0.0,0.0
810,17.25411483451724,5.465848645195365,0.194403300371021,0.71386830919981,0.933469250511378,2.547186666548252,0.1501702031865716,0.0007293788555815,1.175115526684163,-0.269396239567548,0.163425592303276,-0.1426618241891264,0.3501660786941648,0.099994822833687,-0.2646337850429117,0.0,0.0
811,10.168871921040118,3.5754674781113867,0.2405757520135492,0.7609357256889344,1.0226193972956388,1.643217495203018,0.1889138669148087,0.0052833621023382,1.2568241218285958,-0.195762334998697,-0.2015442085415125,-0.0357613912783563,0.04188132179901,-0.35,0.1381422799527645,0.0,0.0
812,16.432527348138393,5.247846949845552,0.1958657287158072,0.7340485499054193,0.9493809822499752,2.516452930212021,0.1571769039332866,0.0006920833321916,1.149688780833733,0.0677090432569384,-0.1167631868384778,0.2141451950930059,-0.3376648082397878,0.1209569169338792,-0.1995959338545799,0.0,0.0
813,11.484897638186812,3.380894212424755,0.230337964637205,0.7513034642487765,1.0081577317211776,1.7444365831017492,0.1959641730040311,0.0050028756964598,1.238608114218802,-0.1970337376669049,-0.2991177901513875,-0.243051489405334,0.4034704819321632,0.1466743481848388,-0.1199894989281893,0.0,0.0
814,16.816109739728272,5.81496089361608,0.2022185107301921,0.7449479013234377,0.9216513173282146,2.569892413258553,0.138513804487884,0.0011202172379805,0.984908353133822,0.1490335496217012,-0.2333729564175009,-0.1434749587439,0.2561350311152637,-0.0098410783819854,0.0552408301476389,0.0,0.0
815,15.757601677514613,4.852254210785032,0.1936155013896525,0.706221450522542,0.9639152106475084,2.460465797245502,0.1252933268435299,0.0008501712042184,1.3161553173244571,-0.1732302413508296,-0.0989575575739145,0.1422627138718962,-0.1587206999957561,0.35,-0.0780778269600123,0.0,0.0
816,5.712976099550724,5.248469879850745,0.2966947893477976,0.6626716742217541,0.75,2.1092366324663163,0.05,0.0006693389608897,0.9255526167888756,-0.2107865067645907,-0.0715400506742298,-0.5,-0.0702501097880303,-0.1944678291678428,-0.282845609774813,0.0,0.0
817,6.916177310198545,4.265841375663877,0.2861453514646738,0.6539635532796383,0.7649539076071232,2.032664082109928,0.0899888404645025,0.0005212472071157,0.6926146729437985,-0.0541168986484408,0.2454758103601634,0.3314536108449101,0.000912518762052,0.2003137311004102,-0.273584691690281,0.0,0.0
818,9.102282233685257,11.95514576099813,0.177691354360804,0.8521541120857,1.0890296460147948,1.7797105643749236,0.3913976816087961,0.0013008450540873,0.3003375129144408,-0.276192554667592,0.0018959438279271,0.1827773527614772,0.2823625059239566,0.27280769543536,-0.1554343007579445,0.0,0.0
819,6.4580406633019445,4.52358088940382,0.2915233692206442,0.6500000000000001,0.75,2.0999723331332207,0.0783625977300107,0.0005452964793799,0.8684239789692751,0.1725151419192552,-0.03658123652637,0.2768781587481498,-0.1974573523178696,0.1950349292661994,0.0779237846508622,0.0,0.0
820,16.047212754897775,5.419009166583419,0.1912211603622883,0.7086568597406149,0.916368801774457,2.6121748947501184,0.122175497021526,0.0007193811213485,1.0517513499043345,-0.0252715055532753,-0.111627882387489,0.0389599322527647,0.1480298062786459,-0.1584241817779839,0.2448991014696657,0.0,0.0
821,5.325402967296541,6.881265891715884,0.2565666606545448,1.0129416767656805,1.1245271233599632,1.5034723821282383,0.1151576244086027,0.000812985083071,0.600866677959365,-0.2479085136987269,-0.2199016960300505,0.0631893163360655,-0.1989440740831196,-0.1010547733232379,0.2181654047556221,0.0,0.0
822,16.587728663943707,5.686269936710596,0.1926684420414269,0.7225031105726958,0.944533551039174,2.4743607836365697,0.1031004028953611,0.001042704745868,1.2874195777772428,0.1569452661685645,-0.1949380462020635,0.2433937121927738,0.411130866445601,0.1619388018269091,0.0499237287025898,0.0,0.0
823,13.347443095631895,5.547360710054637,0.2298566864658147,1.0424737339913843,1.0480682952851057,2.683618137419224,0.1901677846722304,0.0011413524077545,0.7724345951835823,-0.3,0.20318465577811,-0.4005051856301724,-0.3106448876298964,0.3330569391045719,0.0196598219294101,0.0,0.0
824,14.62446000725031,11.319609470665457,0.2666373461157084,0.7983818798065185,1.1378454192895442,2.378441337943077,0.3156701071374118,0.0024304109143867,0.4528397115368326,-0.2837042957805096,0.2011043118014932,-0.358935220669955,-0.3443111510761082,0.3280156400725245,0.0923999919239431,0.0,0.0
825,16.698528986424208,4.96746450252831,0.2024186125058681,0.7077092347592115,0.9349745206106452,2.440521973907948,0.1335613865032792,0.0009841112205569,1.1382568136570197,0.0352421226091682,-0.2646937828883528,0.5,-0.1137603153660893,-0.1922288666926324,-0.1759094298314303,0.0,0.0
826,16.308232199400663,11.736723541840911,0.2651900625769049,0.7845253750681878,1.1119842906016857,2.334751809120178,0.3040419770218432,0.0032952841533172,0.5815335938749687,-0.1208401505537331,-0.2234388984851539,0.3913035939820111,0.178800346609205,0.0299704050440341,0.3068009727187454,0.0,0.0
827,6.473484633378685,3.687267319113016,0.221490657665953,0.7943419651091099,0.9697536453194916,2.271146959900856,0.2723874544538557,0.0090396042659023,0.8956905744771488,-0.2128702852539718,-0.1936176095120609,0.0154696033895015,-0.0997733596339821,-0.2591976376306265,0.1037993335947394,0.0,0.0
828,6.728773551434278,4.30664832778275,0.2241040359839797,0.7889178168326617,0.9720049091596156,2.2074981303215027,0.2312558220699429,0.0122180889218141,1.1037512409308026,-0.1314875032827258,0.0230611102357506,-0.4686028235778212,-0.3945478804409504,-0.3201211340874433,-0.0168468566611409,0.0,0.0
829,8.928216021321713,11.4004023976624,0.1718414690643549,0.8433485110849142,1.0490785181131217,1.7968732166290282,0.4209357537515461,0.0015977789899905,0.2547189237373485,-0.1362666890546679,-0.205903774537146,0.3359576658718288,0.3576561390422285,0.3250070012696087,-0.0268080877847969,0.0,0.0
830,8.539405806325377,12.0,0.1754142226666212,0.8180526617020368,1.068820291288197,1.828671481668949,0.3853136122599244,0.0013450026488194,0.305141141319616,0.3,-0.1623652998246252,-0.0607852168008685,0.4280796488747,0.0053017407562583,-0.1340088805388659,0.0,0.0
831,5.895252722911537,4.609351871907711,0.2869446901608258,0.6778763242661954,0.7593192375563085,2.145886467337609,0.0760576538182795,0.0005632240328411,0.8832511562773131,-0.0449155877977609,0.0530465882532298,-0.0685423488356173,-0.0301816218160092,-0.0466591093037277,0.0368395758960395,0.0,0.0
832,15.82170834861696,5.395025890693068,0.1975894820708781,0.7070136365294457,0.958245396701619,2.553593392431736,0.1366101208887994,0.0008989959715615,1.334029921080216,0.0686389566510916,-0.2051813675723969,-0.4850002627260983,-0.0755026553384959,-0.040509976522997,-0.187504916222766,0.0,0.0
833,7.109877953380346,4.470263003185391,0.2866781903713941,0.6828366629481316,0.75,1.9971711027622223,0.0560215021856129,0.0005,0.731792829873208,-0.130488264888525,-0.2040074945278465,0.2494850664585828,0.0660914657264948,0.1047521233763545,0.35,0.0,0.0
834,7.503704457134009,5.189288038760424,0.2977009201675653,0.6544943276643753,0.75,2.004923628628254,0.0840939784422516,0.0005242540558414,0.7386617417878154,-0.0752338628545403,-0.0699754151254892,0.3842900657840073,0.3156592733971775,-0.35,0.0613629302121698,0.0,0.0
835,16.21497821174562,4.891771622002125,0.1953116419751197,0.7332564841508865,0.955894531711936,2.615205561161041,0.100977225638926,0.0011039154283058,1.117695449761888,-0.1399400746822357,-0.1974988585487008,0.3306537133827805,0.4245081470161676,0.35,-0.0322938561253249,0.0,0.0
836,7.481400844939053,12.0,0.17,0.8435992071926594,1.0757396383378657,1.905872463941574,0.4178834697976708,0.0015588000321542,0.3034321103445512,-0.2259672468937933,-0.2623872947506607,-0.2335781786218285,0.3783293884992599,0.1510352247860282,-0.081161428168416,0.0,0.0
837,11.168005029261112,3.1179524917155503,0.2359496095541864,0.7448803709894419,1.0119700750038028,1.6143524495959278,0.1906946159340441,0.0058904776638218,1.4230920543802932,-0.1737093333117663,-0.0701133854649961,0.1766131933964789,-0.4019593925960362,0.0451982962358742,0.2400145218148827,0.0,0.0
838,8.240104794241487,12.0,0.17,0.8566983880698681,1.0479831942413005,1.8411749299764637,0.4067862813919782,0.0018275192337518,0.3457265295664088,0.2771195937506854,-0.2549056411832571,0.3274832282960415,-0.3403829855471849,-0.058893213070929,0.305424103455618,0.0,0.0
839,15.495309724621476,5.114312501251698,0.203126852479577,0.7019806085973979,0.9677015987299382,2.590245334804058,0.127589680366218,0.0007162199072935,0.938189930861978,-0.1786326378174126,0.1903270530179142,0.1029920363239944,-0.0772775672189891,-0.2261799721084535,-0.1985857900660484,0.0,0.0
840,11.920033024027944,10.724457321316004,0.2481448925811797,0.8600378423184157,0.7837206576224417,2.945397663474083,0.3760815253108739,0.0031585968711869,0.4122219726662188,0.3,-0.1044946281015873,-0.0630308672972023,0.3462641208432614,0.0264952009376138,-0.0634253480117768,0.0,0.0
841,10.605008115060627,3.184826989844441,0.241152630662173,0.7580755213052035,1.0321556376647203,1.66143855035305,0.1968391027115285,0.00570293594477,1.3825580928036303,-0.2421771946884691,0.0950848521441221,-0.2337561091408133,0.4435856256261468,0.0077369899284094,-0.2342508721742779,0.0,0.0
842,16.43070044144988,11.227615129575137,0.2656921532608569,0.7556522609293461,1.140159353228286,2.274125406563282,0.338007482457906,0.0032075149948745,0.5602199315089579,-0.2995222045071423,-0.1982350364886224,0.0410404794104397,-0.1324973370693624,-0.3171564557105302,0.0406932024732232,0.0,0.0
843,14.045852291062474,5.8609813787043095,0.2238617779467255,1.047839237689972,1.03905347318016,2.673084006845951,0.1697457770444452,0.0010376812039221,0.7604204583970053,-0.2303647655211389,0.0407190147824585,0.2095613835379481,0.3964510279521346,0.2317904428765177,-0.1724710766524076,0.0,0.0
844,6.482775589041412,4.92342357300222,0.2988506274633109,0.6785873717069626,0.75,2.119699755311012,0.0668829445913433,0.0005651292557102,0.9555312100182916,-0.1416699383184314,0.0858818405717611,0.5,-0.3218619326129556,-0.1656339019667357,0.0095364575497806,0.0,0.0
845,7.685906115435063,4.70602454431355,0.2918508054640144,0.6500000000000001,0.7612109070383013,2.046085185110569,0.0536329947225749,0.0005,0.7206312967402824,0.2994456331729888,-0.1306581914797425,-0.0981691116280853,0.4367914625816047,0.016214021841064,-0.1202269657701254,0.0,0.0
846,6.936390601061285,5.106162858754397,0.2964280784573405,0.6676429763436318,0.7757019567321985,1.9590099124908449,0.0855458725988864,0.0005070418388431,0.761735026443418,0.2692892590910196,0.2810468687228858,-0.2723866144567728,-0.2546575367823243,0.0888664125688374,0.2986435276512056,0.0,0.0
847,7.173187153153121,11.337700367346406,0.17,0.8380361070781946,1.0514056324269625,1.8965602435469624,0.3683318294398486,0.0020573171683235,0.3187810365157926,-0.0717316941171884,-0.3,0.1547428855858743,-0.486365919727832,-0.0337482454553246,-0.2147300085555762,0.0,0.0
848,15.73293415747583,5.692429227381945,0.2018606308422982,0.7394140995591879,0.9539720728676766,2.526868268251419,0.1212898099794983,0.0008184415291116,1.195828908891308,-0.1643826773911714,-0.3,-0.2351388507708907,0.2725461551919579,0.1480076932124793,-0.0687070895489305,0.0,0.0
849,14.770987228900191,5.534756249934435,0.2211443822208792,1.0113612854778766,1.0371443383432923,2.727366954684258,0.1776683862879872,0.0015155161378933,0.8618469679309757,-0.2580569030642509,0.1979917099848389,-0.1984983259625732,0.5,0.0566515505537391,-0.2098062640670686,0.0,0.0
850,7.556297551244498,4.895919906720519,0.2942019407074898,0.6658039732426405,0.75,2.079461344718933,0.05,0.000552743530225,0.6953117323486367,0.0154644884392618,-0.0947574534751474,-0.0049138510972261,0.1394908014312386,-0.0396044369544834,0.3429325755648315,0.0,0.0
851,14.391928612589837,6.0268699657171965,0.2196970689564943,1.0252192550599577,1.0653095832802355,2.576807598590851,0.1892946864664554,0.0009981819809744,1.006503557884271,-0.2890103510096669,-0.2570304194055497,0.0101748865284025,-0.1624393669702112,-0.2046109375897795,0.1180948971174657,0.0,0.0
852,7.676513372547925,11.951920753344892,0.1712834872554988,0.8352213449925184,1.0984510709736497,1.834897293627262,0.3733246608264744,0.0018590882336504,0.2672071537312255,-0.3,-0.2097895580604672,-0.0122391144745051,-0.2041388366930187,-0.1853264523185789,0.1266149412952364,0.0,0.0
853,17.23007791366428,5.07773384898901,0.2007222334183752,0.7346742405593395,0.9168090660832822,2.6201494302749637,0.1545968635566532,0.0007575097065561,1.2922562834806568,-0.0723048364408314,-0.2208981475308537,-0.4468093632161617,0.1701508969068527,0.2470819894336164,0.3362980905175209,0.0,0.0
854,10.47664684087038,4.1202475693076845,0.2278733602680265,0.7375830275714398,1.0138445364218205,1.6940631102919577,0.2119904766418039,0.0044043181874343,1.366191314683599,-0.2249342848844826,-0.1626671466194093,-0.4912919068522751,-0.0337454066984355,-0.2823033282179385,-0.2479951279144734,0.0,0.0
855,15.404863437227906,4.810619478300215,0.1992443960499018,0.7448613120615483,0.9449905845187604,2.472219429373741,0.1429688465408981,0.0010233058770077,1.0556057415049556,-0.2925643573366105,0.0534243369363248,0.200087227858603,0.388630679436028,0.2831364658717065,-0.2370419108700007,0.0,0.0
856,15.586930254399777,5.525035048276186,0.1894943278089166,0.7296916809380054,0.9353613062314688,2.4548707419633864,0.1125078380107879,0.0009350503147793,0.9957853825253314,-0.2033308409191667,-0.0271580131463706,0.2835416851937771,-0.3652019742876291,0.0090020690932869,0.2823856415692716,0.0,0.0
857,16.66601759299636,5.142401926219463,0.1984479360569268,0.7207755536139011,0.9506235550213604,2.5734850271344185,0.1597413436882197,0.0007326451595633,1.3281936212935974,-0.2974047191776335,-0.2802361207343637,-0.046801169347018,-0.2193004533089697,-0.1149442784190178,0.1109078754987568,0.0,0.0
858,17.055943263620136,5.5577747788280245,0.194872315781191,0.7434914229810238,0.9635163737945258,2.583310630559921,0.124135911129415,0.0008023032449977,1.1354313393443431,-0.2625582376308739,0.1360329605564475,-0.2143558723852038,0.4739925176277756,0.0461499431785196,-0.2453777780421077,0.0,0.0
859,9.970718152858318,3.070895575359464,0.2391012809291481,0.7425625258982183,0.995291478736326,1.6793469491600987,0.2224398928508162,0.0059991766927471,1.2218588798539642,-0.2159116354845464,-0.1783637832775712,0.0867004335857927,-0.1042473685927689,-0.2867906264010816,0.1188672890812158,0.0,0.0
860,16.31007425878197,5.756950927525759,0.1973095378194004,0.7051716579645873,0.9201810931563376,2.4805794544816018,0.1161735109239816,0.0008453492921406,1.2149548958597955,0.0608755747899412,-0.1475506812818348,0.291431238707155,-0.2137941825948655,0.1776927222348749,-0.2356033696085214,0.0,0.0
861,11.362427289709448,3.2841433212161064,0.2298387038111686,0.7704302587360143,1.0363328909073024,1.7085693361759184,0.2144629620015621,0.0063340911843165,1.300895695558662,-0.1768807341232895,-0.2725821624062955,-0.3599213188514113,0.257297615557909,0.0786102998629212,-0.0840010470449924,0.0,0.0
862,16.90293844062835,5.349211713299155,0.2026571133255958,0.7153239394277334,0.9483198872208596,2.605651627957821,0.1045471541956067,0.0008802034976837,0.9237121431688018,0.1556988596767187,-0.1545181853771209,-0.2209258428774774,0.2900063460879027,0.0426883625220507,0.0271369837913662,0.0,0.0
863,15.84444763753563,4.980650304630398,0.1921105058524758,0.7245953156799079,0.9399588416945188,2.496218789577484,0.1517663585580885,0.000688250543335,1.227265178796897,-0.1935776353105902,-0.1854259087219834,0.2589677027985453,-0.2148942556977272,0.2951052998434752,-0.0499319254439324,0.0,0.0
864,5.984802415110171,5.175489644706249,0.2887060905288904,0.682363224491477,0.7796932686679066,2.0361783674359324,0.05,0.0005,0.7863073825513471,-0.1926382881626487,-0.1203561939597129,-0.5,0.0420167361758649,-0.1899709191732108,-0.2504523222912103,0.0,0.0
865,7.04387705553323,4.339336020499468,0.2936464442826807,0.6500000000000001,0.75,2.1067521322965623,0.0834788151457905,0.0005737856492818,0.862771659138418,-0.0655126469358801,0.3,0.3608059816434979,-0.1115136437118053,0.1722033562809229,-0.3118217449020594,0.0,0.0
866,8.87429079402238,12.0,0.1706780182056129,0.8508372391462327,1.070101841216907,1.9005346228480335,0.3848990933410823,0.0020220730029313,0.3477695443204864,-0.2943243999928236,0.057882418770343,0.1660098101012408,0.3946286618895829,0.2535488700028508,-0.2527343341521919,0.0,0.0
867,6.375289075113833,4.44707525037229,0.2999993411313742,0.6564704755991697,0.757219195989892,1.9779309895038608,0.0718487887084484,0.0005,0.687915719981532,0.183901108726859,-0.0851666168309748,0.2693549299240112,-0.3098828247934579,0.2064149090144783,0.177255053255707,0.0,0.0
868,16.03278659082949,5.491423542797565,0.1988324652917683,0.7133396213948726,0.9565017975289374,2.4929520814418797,0.1287908079847693,0.0011251403024185,1.2947681385927672,-0.0096664314754307,-0.0524856363907456,-0.0132117287069559,0.2152520853281021,-0.138181116528809,0.3444130252897739,0.0,0.0
869,5.171303358003497,6.809512409567833,0.2484677497241646,0.999246509447694,1.086925170002505,1.6214779102802277,0.1217872403748333,0.0007280057136075,0.5043393046311861,-0.2567594662941992,-0.2720813052803278,0.0017733308114111,-0.2663256615959107,-0.1134189928881824,0.1205596692711115,0.0,0.0
870,16.645711307153107,5.608684029057622,0.2012551021378487,0.7001950278580189,0.9289796647746116,2.545255646824837,0.1097121733427047,0.0006833073364772,1.056670795039299,0.1413304041735827,-0.2469132564403116,0.3173945258557796,0.4783538354933261,0.1584261316489428,0.011380973400548,0.0,0.0
871,13.546212465316056,5.625606371834874,0.2227326621249318,1.0497935816794637,1.0627786359339952,2.613753059387207,0.1967936312407255,0.0012232876264889,0.927175718832957,-0.2968277856521308,0.2625312975682318,-0.3187088801525533,-0.3780271651409566,0.35,0.0522357646282762,0.0,0.0
872,14.60043392855674,11.24201436974108,0.2751135402563959,0.7760651467889548,1.110375057728961,2.2573902161717414,0.3222822209075093,0.0035557822029842,0.5786645849987917,-0.264711498375982,0.2493178222663701,-0.3544778479449451,-0.4118691414408386,0.3008895050697028,-0.0049005225915461,0.0,0.0
873,16.534829734303056,5.045719353109599,0.1954050206467509,0.7150145699083805,0.9649759245682508,2.562605810523033,0.1401887208037078,0.0008260308526952,0.994590865430087,0.0230034466870129,-0.3,0.5,-0.046010068282485,-0.188716196514666,-0.0765796036515384,0.0,0.0
874,16.35883741352707,11.809128729254008,0.2726909052699804,0.7892170645445585,1.1368262230474502,2.407568363845348,0.3106578601896763,0.0023085527528011,0.4503954013877514,-0.1398165682442486,-0.2796728731915354,0.3650376679189503,0.1112430408783257,0.0423346246089786,0.3391937800198792,0.0,0.0
875,6.664876302182675,3.6155230302363632,0.2135021829366684,0.7806615821272135,0.944068167258054,2.197110190331936,0.279018329270184,0.0103361396287246,1.0174401386368956,-0.2006413972489535,-0.1451734394654631,-0.0240396170318126,-0.0320237971842288,-0.2794407028798013,0.0655608388967812,0.0,0.0
876,6.992948135100305,4.38367635384202,0.2169802338730543,0.7876098717153073,0.9411576421577484,2.1362678075432777,0.224757577124983,0.0087551352345346,0.9997554026494117,-0.1167270015701651,-0.0367636941187083,-0.5,-0.5,-0.3315011138357221,-0.0553910534493625,0.0,0.0
877,9.048264306560158,11.323887636885049,0.1804278734568506,0.8596684949398041,1.0824572394993155,1.8668833245635037,0.4144234324619174,0.001876388076822,0.3372560874920469,-0.1442747204527258,-0.1543004341386258,0.264340182673186,0.4704497044719755,0.3442658267021179,0.0057673747316002,0.0,0.0
878,8.301531995311379,12.0,0.17,0.8377355616688729,1.090285730279982,1.9475734823942183,0.3788191510178149,0.0019557003361175,0.3424562243789839,0.3,-0.1105576638132333,0.0037185867503285,0.3154776421189308,0.0334121155757456,-0.0344963991437107,0.0,0.0
879,5.802618491575123,4.682837399467826,0.2945562191799282,0.6671812938302756,0.75,2.028017181456089,0.0695488873496651,0.0005,0.6760489099239574,-0.0368911831229925,-0.0065739237070083,-0.0187334082461893,0.0826126282475888,-0.0511560192983597,-0.060766640709713,0.0,0.0
880,15.668037571571766,5.410857193544507,0.1947828800931573,0.7017297899127006,0.943907073346898,2.540496345162392,0.1482017748616635,0.0009965539755641,1.0082943558213358,0.0569432103931904,-0.1720157944969832,-0.5,-0.1477712063863873,-0.0489095761049539,-0.0837958648856729,0.0,0.0
881,6.956146701462567,4.634899162873626,0.2972776384506374,0.676975669324398,0.7536890296619385,1.9840268933176997,0.05,0.0005,0.9820260040313048,-0.118765339538455,-0.2247887807227671,0.3524936804361641,0.1278131377510726,0.1288978852536529,0.3010502526704221,0.0,0.0
882,7.630517905838788,5.139494140446186,0.2870936319444328,0.6500000000000001,0.75,2.0180883222818373,0.0734842239692807,0.0005,0.8185001758039325,-0.0633070681616664,-0.0503819969594478,0.4922218485921621,0.2412823766469955,-0.35,0.0198766648247837,0.0,0.0
883,16.341852135322988,4.690783268958331,0.1981108204320073,0.7265315960645675,0.9702336919158696,2.6283231398463247,0.1200885679200291,0.0009887135045952,1.024597769839263,-0.151841312482953,-0.2319585811123251,0.2508511805348098,0.486931914743036,0.35,-0.0183008735850453,0.0,0.0
884,7.612591141313314,12.0,0.1797753273818642,0.8492811808884144,1.088391427287832,1.893481424510479,0.4062939902022481,0.0013387308266898,0.3323649477333527,-0.2412630677707493,-0.229209774043411,-0.3133848273195326,0.2611057413183152,0.1899433672633022,-0.0367143515758216,0.0,0.0
885,11.299134307168424,3.179475524649024,0.23094899071455,0.7503426195532084,0.9976218639537692,1.60200818324089,0.208914345446974,0.005232592770721,1.2866609412976158,-0.1584407172761857,-0.0909890167526901,0.2845408496260643,-0.2952826378494501,-0.0094713743757456,0.2309511155001819,0.0,0.0
886,8.081778772771358,11.965660831704737,0.1744275980174541,0.8632274105250836,1.0623322421405463,1.853545541346073,0.4173947770148515,0.0020763944676436,0.2588846021965544,0.2921979617737233,-0.2353802009224891,0.4304904756881296,-0.4597170370258391,-0.1145389711931347,0.1968008717726916,0.0,0.0
887,15.337044721618296,5.091460163146257,0.190326082978025,0.7083074783235789,0.9550506466291844,2.602662763595581,0.1084759348258376,0.0008399738921298,1.242649204618576,-0.1937365369834005,0.1559056452736258,0.0168585457280278,0.0301033418253064,-0.1862803762815892,-0.1254538946766406,0.0,0.0
888,12.038209565244616,10.484822198748589,0.2509438113823533,0.8667513878792524,0.7963714938517661,2.932303362071514,0.3560156358033418,0.0027154583505401,0.4550627015825869,0.3,-0.1245133708566427,-0.1547894879803061,0.4757934043556452,-0.013404398644343,-0.1045650638807565,0.0,0.0
889,10.72326306976378,3.093996938690544,0.2305456351038068,0.7641943388730288,1.0178064738940449,1.6482974544167517,0.2065247440896928,0.0050607971700574,1.2627338852849992,-0.2304730018861591,0.129119248509407,-0.1588739918358624,0.3471032023616135,0.0633827518057078,-0.2206198209505528,0.0,0.0
890,16.268410695530473,11.503604662790895,0.2762918735485524,0.7615246171057224,1.1545077058989557,2.2872928475141525,0.3552750662155449,0.0036405794616795,0.4225479880817293,-0.2876261157430708,-0.2318258327655493,0.1095930082350969,-0.0036722078546881,-0.2624867888540029,0.1457331792674958,0.0,0.0
891,13.883484131656587,5.98577638566494,0.221054929330945,1.05,1.0264018258508294,2.686204697608948,0.1572334414161741,0.0012182301258164,1.0180091160336469,-0.2422864095680415,0.0610750793851911,0.1128796074353158,0.3020790089853108,0.1928823041543364,-0.2498947227858007,0.0,0.0
892,6.315813220664859,4.786901577189565,0.2860496131833642,0.6722725969552994,0.75,2.107305603802204,0.0869464308395981,0.0006258134482978,0.7129450951742393,-0.1569470008984208,0.0659310757219791,0.4613363705389202,-0.2372896643541753,-0.1582257594894617,-0.0984643295109271,0.0,0.0
893,7.519021616950631,4.418326502665877,0.2968437429867684,0.6500000000000001,0.7738716309629381,2.0337381714582445,0.05,0.0005,0.9508207657401035,0.3,-0.0966621099337935,-0.0296124589070677,0.3852660626173019,-0.0069556487705558,-0.0477328949235379,0.0,0.0
894,7.058961401954294,5.204016377031803,0.2914277467034756,0.6621686528325081,0.7630404217075557,1.97137741035223,0.0682797765731811,0.0005,0.8324580159979218,0.2843880076110363,0.2474441248141229,-0.1975031278841197,-0.1707873642258346,0.0647206544466316,0.3446974229272454,0.0,0.0
895,7.29568008415401,11.584377097710966,0.1778404312025756,0.8323420612961054,1.0657440974023191,1.9089749264717104,0.3808463394455612,0.0018407288466592,0.2875925416666679,-0.0868049131035804,-0.2909049767442047,0.0629856448993086,-0.5,-0.0253486496284604,-0.2254156153518706,0.0,0.0
896,15.758380246907471,5.468793176487088,0.1886766370676458,0.7269607257694006,0.9557921282239258,2.505932094812393,0.1572175813093781,0.0008817167555429,0.9348396694882808,-0.2217985399737954,-0.3,-0.3734281883575022,0.2594280802644789,0.0839714493528008,-0.0333313835877925,0.0,0.0
897,14.9590150360018,6.065789048746228,0.2275720492366701,1.0231217767298222,1.035544902188703,2.748430609583855,0.1575508208945393,0.0009642174597014,0.9881186760169594,-0.207470966823399,0.1534154186770319,-0.1560235454514622,0.4975481170788407,0.1206760114021599,-0.2451826914753764,0.0,0.0
898,7.530573183968663,5.112909211218357,0.2917430961709469,0.6765463973730803,0.75,2.058511947631836,0.0747674153931438,0.0005129951995779,0.8749731326439776,0.0728011488765477,-0.0565343902297317,0.1325041765905916,0.1299769281037152,-0.103532706880942,0.2436947003379463,0.0,0.0
899,14.203622527644038,5.498528835177422,0.2290493496268987,1.012169690579176,1.0634895214866846,2.597858029842377,0.1689536966383457,0.0015690484474238,0.8661907871980644,-0.3,-0.2727540287487209,-0.0318076982349157,-0.1745466785877943,-0.1406631932836026,0.2173315711840987,0.0,0.0
900,7.436993300877511,12.0,0.1736995460163802,0.8236966814249754,1.0969144597649574,1.861962544977665,0.3935272701270878,0.0015415272556238,0.3099720829545108,-0.2858166701830923,-0.1987065986618399,-0.0540431714057922,-0.2172122538462281,-0.1213205871582031,0.2246211466118693,0.0,0.0
901,17.11306309942156,4.844631334766746,0.1915498488284647,0.7469825840890407,0.9185996674653142,2.5932145099639894,0.1183441229350864,0.0010594782307921,1.0225222592201997,-0.1296391283534467,-0.2637618108317255,-0.3092128076963126,0.1601968898437917,0.1830878922641277,0.2382906840406358,0.0,0.0
902,10.715888549759985,3.60122627466917,0.2410144483186304,0.7507717400491238,1.0120539414770902,1.7211181477904318,0.2319552276469766,0.0053111264963464,1.1900516115000617,-0.2755192945562303,-0.1261064553670585,-0.4486385985091328,-0.0433917754516005,-0.2183438985329121,-0.2841098365727811,0.0,0.0
903,15.521599888689815,5.036892176419497,0.192996743203327,0.7338888967335224,0.946527189290151,2.4452742952108384,0.1069466256909072,0.0007317628306532,1.344040814693261,-0.2351510692723095,0.0359320628754794,0.0619764181040227,0.3766558739729225,0.2191575768273323,-0.2009279236588627,0.0,0.0
904,15.34776112385094,5.598689680173993,0.2027468246653676,0.742682640939951,0.9337966797854752,2.481935850262642,0.1374222874641418,0.0007745328645879,1.143281427912605,-0.2607706019841134,-0.0371154264472425,0.1508753198571503,-0.3552041020430624,0.0729807178117334,0.1845025432091206,0.0,0.0
905,16.549212894961236,4.761350550875068,0.1920888744045049,0.7099745235741138,0.952389437265694,2.5465503299832344,0.1206426505558192,0.0010257540902081,1.0430592016522238,-0.2468459708802402,-0.2362469113357365,0.0013062179088592,-0.2062710622698068,-0.1789039484299719,0.2087921750191599,0.0,0.0
906,17.295390739962457,5.490803478658199,0.1973997833479196,0.7317895147502422,0.9617504979874938,2.6103654448986053,0.148819726370275,0.0009684848766213,0.9786887958043122,-0.2052504195235669,0.0974469364956021,-0.0825538646616041,0.4860111882723867,0.110144280673936,-0.2096322700902819,0.0,0.0
907,10.087801196686923,3.449218697100878,0.2298174875333905,0.755074481278658,0.9968560987450182,1.6524019580483436,0.1835791724547743,0.0042855917148871,1.544324539746696,-0.2666021143086254,-0.1628968420252204,0.0390894477814436,-0.0946450259536504,-0.35,0.0831225025765598,0.0,0.0
908,16.335869556628168,5.385365872457624,0.1949620872113854,0.7161089077442885,0.9219764291737228,2.459643057882786,0.1548940769582986,0.000911641015916,0.965391064863628,0.1115669809877872,-0.1592207225896418,0.2439932875707745,-0.2039288594201207,0.1137452182546258,-0.2701176873631775,0.0,0.0
909,11.550666809827089,3.367227831110358,0.2390795905530452,0.7572063764184713,1.0347054397165776,1.729633134126663,0.1896978150308132,0.0040258064461735,1.5117706578886116,-0.2341911275535821,-0.230199288289994,-0.2279462764598429,0.2704595449380577,0.1425388101153075,-0.0494860078431666,0.0,0.0
910,16.877421437613666,5.718251584470272,0.1895845134794712,0.7030507428497076,0.949947344848886,2.584702087819577,0.1434912591055035,0.0008160682771405,1.181708085118178,0.1051393899992108,-0.191335544720292,-0.1726454209536314,0.3020696208626032,-0.0213363386522978,0.1257595645617693,0.0,0.0
911,15.656486412249508,4.904359025508166,0.1984267789397388,0.7361551219075918,0.938163499239832,2.5172694439888,0.126755685750395,0.0010829765099432,1.0703300163017893,-0.1361355049163103,-0.1682965954765677,0.1264743721298873,-0.2053365279175341,0.35,-0.1485533050540834,0.0,0.0
912,5.791904161795975,5.22566195577383,0.2899335242632776,0.6568031107783318,0.7712356264013797,2.100790951192379,0.05,0.000508499787026,0.7708415841997402,-0.2546262659579515,-0.1375159843079745,-0.5,0.0662996720895171,-0.2010527463275939,-0.2281170679945498,0.0,0.0
913,6.868146582320332,4.394191289693117,0.3,0.6718891599774361,0.75,1.970222993135452,0.0948529614694416,0.0006482486240243,0.8510513071198142,-0.0169710971117019,0.2841238535977899,0.3501204567216336,-0.1349122512899339,0.194590123290196,-0.3283545681219548,0.0,0.0
914,9.05870028205216,12.0,0.17,0.8222342816144228,1.0616317363344132,1.842156414091587,0.3850101928412914,0.0017842812632244,0.3579424814781977,-0.2322836129888892,0.0674515474140644,0.1556757561489939,0.3254831767827272,0.2626621015854179,-0.2101886925958096,0.0,0.0
915,6.541417501792312,4.43645257614553,0.2943770278397947,0.6820278912782669,0.7656764133945108,2.1084132536649705,0.0764279335550963,0.0005,0.7120330354766273,0.1354122200533747,-0.0756491978242993,0.2589385593123734,-0.2412592613510787,0.1859967385157942,0.1326983624584972,0.0,0.0
916,16.141721259243788,5.518304838240146,0.2000294382959604,0.7385949430018663,0.9446565896496176,2.554610127568245,0.1167274537496268,0.0009789273240822,1.261907247517971,0.0388232107646763,-0.0695935163386166,-0.023982413765043,0.19466597372666,-0.1512163170482963,0.3156678579300642,0.0,0.0
917,5.261783014871179,6.831701663136482,0.2555201910730451,0.9710372099876404,1.0987572844102975,1.4879004820585249,0.1141621768474578,0.0006326618519488,0.4886396142848855,-0.3,-0.2892408811859786,-0.0089150268584489,-0.2448552297055721,-0.0969230917338282,0.1474168342649937,0.0,0.0
918,16.528566185273228,5.551044412329793,0.1976073053900152,0.7284016462713481,0.917147125504911,2.489925725698471,0.1058538185246288,0.0007854953905387,1.0810435242148724,0.0927879591621458,-0.2373960381969809,0.3070578114874661,0.5,0.1734302281476556,-0.0208403263818472,0.0,0.0
919,13.446409073732791,5.563274713233113,0.2171408097960055,1.0245414326786997,1.0746242429260164,2.74118986260891,0.1959672312997281,0.0014074995770305,0.9427875005160468,-0.2348372647203504,0.2721006269752979,-0.329128083512187,-0.4443601542711258,0.3417182760350406,0.0903825423624366,0.0,0.0
920,14.723614052012564,11.26611307002604,0.2734214492511004,0.7564606771171093,1.1121350095085798,2.4180009695887565,0.3205321109853685,0.0030969076583517,0.5424600005818553,-0.3,0.2667519885152578,-0.3438088051974773,-0.3883779346197843,0.3232918068971485,0.0213948204647749,0.0,0.0
921,16.639726588055492,5.065125939995051,0.1878574631564319,0.737570476308465,0.9632030853107572,2.522075572013855,0.1353772449120879,0.000717106105738,0.9271330674969952,0.0723368200175464,-0.3,0.5,-0.0703747699968516,-0.1997827967684715,-0.1049321385268122,0.0,0.0
922,16.24498102478683,11.748998341709374,0.2758435840167105,0.7666583683788777,1.1385994614176451,2.2531919854283333,0.3021089722402393,0.0026510506521751,0.4876295519432255,-0.076982277598232,-0.2895097891576588,0.3754485641419887,0.0425376687198877,0.021901227209717,0.35,0.0,0.0
923,6.568189901895821,3.550700529292226,0.2185989191241562,0.8002691271305085,0.9423077906165273,2.231593553841114,0.2660019684024155,0.0119049552314372,1.094757290996783,-0.2500275846160948,-0.1550624754466116,-0.0137220559827983,0.0372143300808966,-0.2703430061154067,0.0328094401992857,0.0,0.0
924,6.812344877794385,4.431359038501978,0.2152576819051057,0.8068149781674148,0.9463059835247696,2.2939269515872005,0.2302586006745696,0.0099128329196259,0.9207069736724982,-0.0673417214602232,-0.0192776174694299,-0.5,-0.5,-0.3150204470921307,-0.0723309287093579,0.0,0.0
925,8.885004987902938,11.3762532081455,0.1728498401265591,0.8374148368388414,1.077321965854615,1.829307728111744,0.4154858222045004,0.0021220588990705,0.3124921983752974,-0.2071064558923244,-0.1368664670437574,0.2751053826138377,0.4911284179985523,0.3312150988746434,0.0287096322402358,0.0,0.0
926,8.491737299151719,12.0,0.1704982159655541,0.8599923010021449,1.095420579062775,1.796242463350296,0.3911152904853224,0.0017274721324119,0.3641724759427272,0.2727201617583632,-0.1204464901797473,0.0141323157213628,0.3819032760895788,0.0149628448113799,-0.0785374105814844,0.0,0.0
927,5.97436657551676,4.6694309141486885,0.2996834160976112,0.6500000000000001,0.75,2.0594521529078484,0.0788124999590217,0.0005,0.723185558582497,0.0259933727905154,-0.0164110492877662,-0.0084131867811083,0.0167197627946734,-0.036136688388884,-0.0186597742158919,0.0,0.0
928,15.838462680615486,5.637129390984773,0.1972454523280263,0.7140205560326576,0.9455013628788292,2.5675394922494887,0.1242281155847012,0.0007237543088792,1.1559167074584231,-0.0071434991285204,-0.2144581999741494,-0.4329390504397452,-0.1380377194844186,0.013142439732328,-0.1738042031023651,0.0,0.0
929,6.9997520446404815,4.115877510607243,0.2879366264197975,0.6654685831665993,0.7518473417535424,1.9570702120661736,0.0778435447998344,0.0005803755496076,0.7677696428223469,-0.0748503532335162,-0.2132833291478454,0.3100874461233616,0.1400522159039974,0.0668268766272812,0.35,0.0,0.0
930,7.46037107463926,4.906392126902938,0.3,0.6500000000000001,0.75,2.045118245720864,0.05,0.0006249598306345,0.7044608244296543,0.0008586423397064,-0.0674521908313035,0.3548725394345819,0.2546200664900243,-0.2984281098656356,0.0477474126331508,0.0,0.0
931,16.298525069989264,5.212386690452695,0.1916947196021676,0.7397496104240417,0.96863940882124,2.601353234946728,0.1598836698010563,0.0008054940260282,1.2892251883004502,-0.1956770982518792,-0.194976220048964,0.2927375809475779,0.4969730399549007,0.312306104324758,-0.0461704202331602,0.0,0.0
932,7.513596505597233,11.929579901322722,0.17,0.8610123774111271,1.0866191625595092,1.8725201370120048,0.3666390999034047,0.0021418015374585,0.262917029703609,-0.197428002577275,-0.273363983552903,-0.2716714615747332,0.270883887335658,0.1279215348605066,-0.0633534294739365,0.0,0.0
933,11.04215078253299,3.396464185416699,0.2372080460965633,0.7379185404926538,0.9991669176835566,1.6230470674037931,0.2327461981214582,0.0049336848163162,1.492998437409615,-0.2226040592528879,-0.0810907244347036,0.1470185058005154,-0.2830882080830633,0.052569435795769,0.2575913945585489,0.0,0.0
934,8.181051771268248,12.0,0.1720155496239662,0.8501602643430233,1.0607871819734571,1.8325740399956705,0.3775091380625963,0.0012977209708846,0.3297141832616742,0.2482839020378887,-0.25068255405128,0.3879112067073583,-0.4465118439495563,-0.1765451148189604,0.2875482126865536,0.0,0.0
935,15.59430660903454,4.867824755981564,0.1995099296126515,0.7190674841552973,0.9568229177948088,2.623691433906555,0.1325458746775984,0.0008910083591016,1.082136801421253,-0.1296524019800126,0.1945512023046612,0.1548788366280496,0.0402769745327532,-0.1242855209335684,-0.2162005141433328,0.0,0.0
936,11.93900970567018,10.408531420305373,0.2484279862478375,0.8534982079714537,0.7946272441595793,2.9113422977328303,0.3210221887379885,0.0043399304715737,0.3573378540326316,0.2370951080583035,-0.0817088285386562,-0.0222246492840349,0.4636428397707641,-0.075399013666436,-0.0770645977761596,0.0,0.0
937,10.465932409167287,3.463037167489529,0.239833258479461,0.7751608862429857,1.0193762469626964,1.669336195528507,0.2275756037794053,0.0047766028526544,1.4499033739435792,-0.1865324691496789,0.1178712889999151,-0.2068963319435715,0.3372810302302241,0.1253891357574612,-0.2481214882154017,0.0,0.0
938,16.367332209311424,11.58668867200613,0.2630506025593728,0.7730668502151966,1.1529379263930022,2.266321489214897,0.3200434175319969,0.0022776569359284,0.5341133395281713,-0.2234365131966769,-0.2142740257345139,-0.0221237800084054,-0.0138019753806293,-0.3245278393514453,0.0543705438971519,0.0,0.0
939,14.140536446459592,5.614190972968936,0.2274177614539861,1.0408788262605668,1.028146081980318,2.707233144760132,0.1785151642002165,0.0012909207707319,0.8773960229880381,-0.2860950009562075,0.0246789762564003,0.1603888942673802,0.2888297897949815,0.2549038962312042,-0.1585328088626265,0.0,0.0
940,6.486030421853066,5.1652254857122895,0.2991337215658277,0.6614539866447449,0.75,2.134348893940449,0.0658030313625931,0.0005,0.8282832227562298,-0.1131374821364879,0.1103427772969007,0.5,-0.2495727793499827,-0.0962624844703823,-0.008332884337753,0.0,0.0
941,7.562282644063234,4.351355846226215,0.2905314337752759,0.6521796842813492,0.7720579582918435,2.0067812670469287,0.0792572438530623,0.0005994561243991,0.7557227097156509,0.2505577211156487,-0.1061982654109597,-0.1615077749826013,0.3755764301680028,-0.0689307077396661,-0.1378650615438819,0.0,0.0
942,6.888465905934572,4.822964214906097,0.2937865273199975,0.6746513149142266,0.7648540879413486,1.998407556951046,0.05,0.0006044409141913,0.7262102383660671,0.2404467534944415,0.263332735877484,-0.2457039958238601,-0.1808725262805819,0.126791903398931,0.3164574744123965,0.0,0.0
943,7.252140762209892,11.65803108587861,0.17,0.8206694463640452,1.0641250951699912,1.882004878520965,0.4159341788105666,0.0015011618614205,0.3678159485953705,-0.0227446701452135,-0.3,0.1953719557635486,-0.5,-0.0874004251398146,-0.1971768679972738,0.0,0.0
944,15.640621309317648,5.3334272261708975,0.201225851758942,0.7328271782249213,0.9701437510438264,2.495064253270626,0.1388455175235867,0.0010183888828058,1.2543260699410603,-0.2067252051159739,-0.3,-0.2647934307530522,0.3801690147444606,0.1238711728528142,-0.0862610102277249,0.0,0.0
945,14.841177413128316,5.7816273253411055,0.2228147545337677,1.0283993634283544,1.022896525008604,2.7375161787867546,0.1694281345978379,0.0010764267246753,0.746950671609791,-0.2225698569640517,0.1735152722373604,-0.2365293105877935,0.3887603035755455,0.0650301406271755,-0.2276213514376431,0.0,0.0
946,7.693280261717737,5.2119184620678425,0.296492521033436,0.6832657579630613,0.7537699605245143,2.069405892789364,0.094061876554042,0.0005,0.8021317881813232,0.0574970246851444,-0.0770333621241152,0.0470750810205936,0.2457935849949717,-0.1582022648397833,0.35,0.0,0.0
947,14.366408290676771,5.748741624504328,0.2164928006205707,1.0183060390651226,1.049137087566778,2.608705341398716,0.1580289855599403,0.0013710905215434,0.9597676747897568,-0.3,-0.2393069653473794,0.0704976405389607,-0.2798164645023644,-0.1017551784794777,0.1359632166810334,0.0,0.0
948,7.604094978049398,12.0,0.170648708666116,0.818228172942996,1.0842496030926705,1.8502950357198715,0.4119008216448128,0.0013569346735376,0.2802677032001487,-0.2738951677568257,-0.2325655407384037,0.0482608007825911,-0.1414297615550458,-0.1287285982072353,0.1126756511814892,0.0,0.0
949,17.280086634904144,4.757332738116384,0.2023926061671227,0.7413060692250729,0.9329348107930272,2.58159397906065,0.1064689836092293,0.0009032687503213,1.1199706088388193,-0.1415351012460887,-0.2436747288778424,-0.3946432805806398,0.0963675051182508,0.2062574464678764,0.32261984693259,0.0,0.0
950,10.593456785865127,3.8783672489225856,0.2301639400999993,0.7444510615766049,0.997717987049371,1.7327123351097105,0.2126583632268011,0.0061849962392957,1.5760274968042156,-0.2872236032299697,-0.1466445660553872,-0.5,0.0274712444283068,-0.1941980240028351,-0.2341256524827331,0.0,0.0
951,15.399246266484262,5.165218950808049,0.1960401272781193,0.7273543467819691,0.959191234862432,2.4569154136776925,0.1178700779192149,0.0008236605846787,1.0065752089081152,-0.2234195573665202,0.0694479281567037,0.1706070491299033,0.3163397116586566,0.2107578495722263,-0.2234034412261098,0.0,0.0
952,15.501292609088122,5.807852583751083,0.1901900420386344,0.7365583874285221,0.921132569840178,2.471065261423588,0.1473935867846012,0.0006824858786461,1.0441446463637765,-0.2456665611974895,-0.0161977201513946,0.2201310809701681,-0.4376686790585518,0.0813804413117468,0.3000015062559396,0.0,0.0
953,16.70280512686819,4.821717609837651,0.1968384989485144,0.7032672608196735,0.9667253273203968,2.535632787108421,0.1004229372553527,0.0008736193003074,1.1515156188119644,-0.2619244547747075,-0.2692752419449389,-0.0960785329900681,-0.1582596250064671,-0.2030498192049563,0.1287845463883132,0.0,0.0
954,17.16843827124685,5.315591726452112,0.1926426753088832,0.7264998531043529,0.9474154447820036,2.6212566441893577,0.1359924359247088,0.0011266773164864,1.3103999126303294,-0.2205189196877181,0.1318196774348616,-0.1736092101410031,0.4000333888456225,0.0869747227150947,-0.262953628461808,0.0,0.0
955,9.960787981301548,3.4252106979489327,0.2423664890605956,0.7491959567368031,1.009521045539528,1.6632461560964582,0.2010298768803477,0.0048287499514664,1.1646484365503569,-0.2513064350523054,-0.1825780641809105,0.1132685473747551,-0.0417141162790358,-0.3433882364314048,0.1010601925477385,0.0,0.0
956,16.204261639639736,5.397665649279952,0.1980052525430918,0.7226321151703596,0.936328798720613,2.4479786621332167,0.1449215187877416,0.0010518708816381,1.2739393619190018,0.1234681029170751,-0.1382638774998486,0.3181737564317882,-0.3313471056334674,0.0748372072055936,-0.2217259033396839,0.0,0.0
957,11.419120183102786,3.5307128805667163,0.2282292671386152,0.763515715226531,1.0220578092634678,1.7180153490900991,0.2099151250720023,0.0044989220263376,1.1278128009869226,-0.2461177806258201,-0.2632964207790792,-0.3190002419427037,0.3634246594458818,0.1972083643190562,-0.0703845071420073,0.0,0.0
958,17.035330110266806,5.664925847202539,0.2004274723593145,0.7087386202663184,0.9625958121512084,2.5962993872165683,0.1563207239285111,0.0007370301456667,1.0660457433251571,0.0934163230285048,-0.1570579728484153,-0.2700260586850345,0.1711333470605313,0.0343095358777791,0.0132060450036078,0.0,0.0
959,15.814333794638516,4.702219302952289,0.1953757135480642,0.741634995803237,0.9238119665421544,2.5289133097529413,0.1093064690567552,0.000945371959925,1.169757352654711,-0.1244396427869796,-0.1879650460258126,0.1957342571392655,-0.1074471358209848,0.31924157612212,-0.0636314979549497,0.0,0.0
960,5.883701155893505,5.303917380794883,0.2974382945686578,0.6500000000000001,0.7514563999492675,1.9786133770942689,0.05,0.0005910644124342,0.9377312894569412,-0.2567441647499799,-0.0812741804346442,-0.5,-0.0011052258312702,-0.1819247788321226,-0.3214805626925081,0.0,0.0
961,7.105183427892625,4.3165967632085085,0.2927371969345956,0.673191154435277,0.756443736858666,2.0911803523898125,0.0882224227115511,0.0005,0.7058863191943968,0.0053926834166049,0.2356883334740996,0.3421419711969793,-0.0677106151916086,0.183325619680807,-0.2408367608208209,0.0,0.0
962,8.940045942626893,11.945114174112678,0.1754796293336898,0.8329233606755734,1.097539391901344,1.916099444746971,0.3783975141309201,0.001473251284327,0.2903133903861122,-0.2301822999045253,0.019220323305577,0.1931140698119998,0.2580803421512246,0.258295808263123,-0.1817338664159178,0.0,0.0
963,6.278636592142284,4.508857189118862,0.2873595083683729,0.6623507601171732,0.75,2.0355029378533365,0.0698011785000562,0.0006155757245945,0.8445681221284462,0.1130584334358573,-0.0192031011544167,0.2872973647899925,-0.1740596885420382,0.2139918765835464,0.1062728479430079,0.0,0.0
964,15.951718983650206,5.441790651902556,0.1919342048529535,0.7312836552262306,0.9282534446641802,2.484506280004978,0.1232215789332985,0.0008267552011015,1.084886706470829,0.0341878104396164,-0.1214155704975128,0.0497279595769941,0.0822191763482988,-0.1478345038685947,0.2889366413243114,0.0,0.0
965,5.212567465752364,6.908730263635516,0.2631280305169522,0.993359713420272,1.1126289750114082,1.5590370444655417,0.1206712936796247,0.0009351664265474,0.6159685640706952,-0.2939197280220687,-0.2296356145665049,0.0738748439401388,-0.1326116861030459,-0.1239337496589869,0.1760543156601489,0.0,0.0
966,16.691432888656855,5.624529365450144,0.1904871928542852,0.7420877946615219,0.9564320985004304,2.60770127338171,0.1123514842242002,0.0009074266102531,1.2667494958776906,0.0974333469606935,-0.1775601083748042,0.2537277688272297,0.4317160342447459,0.153317780509591,0.0668601361345499,0.0,0.0
967,13.469602331891656,5.490303025394678,0.2257232865761965,1.0198437941521403,1.0361832275334746,2.622194100081921,0.2024801175296306,0.0009921406572648,0.7557581126461563,-0.2597367707826196,0.2205092328004539,-0.3900888123363256,-0.3321145473793149,0.35,-0.0032866544257849,0.0,0.0
968,14.523455289117992,11.339607144892216,0.2664041854836046,0.7701497108489275,1.1361251083128154,2.343819180488586,0.3270312644168734,0.0027903278949833,0.4855394286405642,-0.3,0.2107766390405595,-0.3696070934832096,-0.2756050067767501,0.311042823145166,0.0498510890696197,0.0,0.0
969,16.580354279838502,4.992145134881138,0.1963371246423572,0.7328932983875275,0.9366815321221948,2.595040075957775,0.1418904744647443,0.001133165263212,1.213039284243535,0.0938576696924865,-0.255075216371566,0.4941998439840972,-0.182999386433512,-0.1796703491304069,-0.1313571719210594,0.0,0.0
970,16.3999131828174,11.672493272647262,0.267851195622608,0.7593441065698863,1.1102768542282282,2.3751395915746687,0.3086043562740087,0.0028706840464004,0.540790011830111,-0.0757255336605012,-0.24070806401968,0.3808898676931858,0.1553085386380553,0.0489118851348757,0.2844624608792364,0.0,0.0
971,6.583448886498809,3.627720008045435,0.2261039395544678,0.8225710755437613,0.9714743554089218,2.1106757328510284,0.2725116574391723,0.0078498284638908,0.8280300063505289,-0.2715384468175471,-0.2108334295302629,0.0051493846066296,-0.0754082284308969,-0.2737248192951083,0.1203277276828885,0.0,0.0
972,6.895933703221381,4.359604986384511,0.2238404143892228,0.8175010831952095,0.9669225757829844,2.175827685236931,0.2236474096961319,0.010800434137317,1.1906097253078514,-0.0728216909319162,0.0326798791252076,-0.47927186364308,-0.4609744582138955,-0.3430155851598828,0.0153700139895081,0.0,0.0
973,9.113833393007518,11.44866701439023,0.17,0.817717150658369,1.054174331199378,1.9484367796182631,0.4088594104722142,0.0014136772070426,0.2763178629831571,-0.1813806046843528,-0.1962316496707499,0.3251951290294528,0.4235497766360641,0.3355813921969384,-0.0649581230618059,0.0,0.0
974,8.362643608003854,12.0,0.1781058313198388,0.8436809691488742,1.0637248773146422,1.8660138017535208,0.3845003158040344,0.0015216864486569,0.2854249747421498,0.2782101251408457,-0.1795809070095419,-0.0711961103416979,0.4496322733722627,0.0262273484207689,-0.1052681460659951,0.0,0.0
975,5.701146585941315,4.59184557646513,0.2915884327795356,0.6500000000000001,0.7644011460710317,1.9884635293483732,0.0721825334057211,0.0006364727085309,0.8313163092973811,0.0002509358748793,0.0357772098854184,-0.0788599072024226,-0.0508609364926815,-0.0552646558843553,0.0099791496042162,0.0,0.0
976,15.747165702022611,5.545208407193423,0.1958006790753454,0.7436436712443829,0.9173527607806028,2.627692020356655,0.1507222044281661,0.0008084247004682,1.2106595177225177,0.0130461922064423,-0.1330523814149201,-0.4990960107184946,-0.1044076343439519,-0.0590666905790567,-0.1387924357894808,0.0,0.0
977,6.90847259696573,4.620445407927036,0.2884368813820183,0.6500000000000001,0.7810737943723798,2.0172179769277574,0.05,0.0006279927842865,0.7992086698682968,-0.0816743379458785,-0.290450567599386,0.4154106205701828,0.0837243822216987,0.1198481438383459,0.35,0.0,0.0
978,7.587292577587068,5.03932415805757,0.2998420173294842,0.6662384984791279,0.7549957329947501,1.984892477929592,0.0682682548090815,0.0005829687400588,0.6867781428272843,-0.0194529167711734,-0.0889252859875559,0.4208646591939032,0.3782480943761765,-0.35,0.0748551061414182,0.0,0.0
979,16.42542904201895,4.74180774576962,0.1932006571467966,0.720623479872942,0.9419442432168872,2.541132225394249,0.1188573886081576,0.0007262928850339,1.249637111435892,-0.1890015094354748,-0.1658762581944465,0.1872495659813284,0.3506472635269165,0.35,-0.0733129628784954,0.0,0.0
980,7.707299798801541,12.0,0.17,0.8313884169459342,1.0618487018644809,1.9322961977720257,0.4001422376558184,0.0017056348333458,0.2770142388703602,-0.1771209801547229,-0.2982319414056837,-0.3319836952909827,0.3945560482889413,0.2014617251083254,-0.1072284170016646,0.0,0.0
981,11.235871063061058,3.2680640861392023,0.2377387138735502,0.7562924042195083,1.025021408708766,1.682830088675022,0.2067476116307079,0.0038133962037691,1.5821668891428735,-0.229283354345709,-0.0486355600990355,0.2581864068098366,-0.4294581283070147,-0.0007831359617412,0.3014315329492092,0.0,0.0
982,8.022973002418876,11.987594445049762,0.1715455103229731,0.8212833738327027,1.0880889361202717,1.772730593919754,0.4189755322039127,0.0016702414702532,0.3083059989962852,0.228092149157077,-0.1659346136078238,0.4484101624041796,-0.4128376257419586,-0.1073503175172954,0.2673272989634424,0.0,0.0
983,15.436210852861404,4.964570497348904,0.2009854541100561,0.7381942772120238,0.9267496107872576,2.5638410323262217,0.1135730445757508,0.0011063687288291,1.0181173038795217,-0.1228312963508069,0.1139760205596685,0.0438976575993001,-0.0160950029455125,-0.1821679357867688,-0.1959524417128413,0.0,0.0
984,12.13718086887151,10.574422435835004,0.2499031696420163,0.8726243429929018,0.8238304677754641,2.875493724346161,0.3620503027737141,0.0036946967967508,0.3798803688235208,0.2573103249035775,-0.163173053137958,-0.0940010627545416,0.3399466623179614,-0.0214543353840708,-0.033291502809152,0.0,0.0
985,10.664086585044862,3.0347922071814537,0.2393635271564125,0.746284848317504,0.991204525295645,1.6334938509464263,0.209042942058295,0.0039387984579441,1.5502844635301911,-0.1933309219144285,0.1950839558914303,-0.0847036184743046,0.4836310109123587,0.0522565943747759,-0.2918520473707467,0.0,0.0
986,16.20478543456644,11.377433703839776,0.2635815801739692,0.7914400559067727,1.1262658932320773,2.302102676570416,0.3540457751788198,0.002742186882418,0.5039205423899683,-0.2437208698801696,-0.1927423185445368,0.0494878787733614,-0.0474960902146995,-0.2672375235129147,0.074485708579421,0.0,0.0
987,13.978006659038364,6.0107998859137295,0.2260031771298498,1.0112557183802129,1.0520990906618537,2.743008109748364,0.1520192460902035,0.0015024969705384,0.8328955684593544,-0.2793922032751143,-0.0044662080444395,0.0380314261093735,0.3451777078583836,0.1853014425542205,-0.1786674380674958,0.0,0.0
988,6.399201856851578,4.773166529089212,0.3,0.6500000000000001,0.7625273984894156,2.0981267886161805,0.0847776943072676,0.0005,0.854687220373649,-0.0928560045361518,0.1352825170978904,0.4314854426309466,-0.2832227933034301,-0.1485684856288134,-0.0432350686602294,0.0,0.0
989,7.475436548143625,4.555767603218556,0.2900921154994517,0.6810565706789494,0.75,1.970553665339947,0.05,0.0006080032885735,0.7750318224077302,0.2438528618887066,-0.1386854549199342,-0.0447203349508345,0.4318802580796182,0.0035629119090735,-0.1029823417440057,0.0,0.0
990,7.010918859392405,5.25605252943933,0.2942869804818183,0.6562774442136288,0.75,2.034556423306465,0.0733784312754869,0.0006027581333227,0.6975168346709393,0.2202278303727508,0.1785132194794714,-0.1683355011045932,-0.3045246028527617,0.0698328921068459,0.2894632203746586,0.0,0.0
991,7.374611246585847,11.487589970976114,0.17,0.8502934027165174,1.091456142257899,1.9181592348217964,0.3824292117916047,0.0014440226557511,0.3512475812897749,-0.0159507540687918,-0.2484615077041089,0.0787713235430419,-0.4027709188498556,-0.0191290313992649,-0.1701400781478732,0.0,0.0
992,15.86944761648774,5.2610409036278725,0.1927496436707675,0.737144414871931,0.9300168836005032,2.616027475118637,0.1304608355276286,0.0006996611533308,1.09134852584412,-0.2181243024095892,-0.2785636952407658,-0.212572320587933,0.2674180575460195,0.1193779874406754,-0.0480244306270033,0.0,0.0
993,14.924764140620828,5.853353893756866,0.229828330585733,1.0150945319086313,1.0604923500549048,2.615332742094994,0.1610577578283846,0.0012969997931116,0.9528343968521684,-0.2044248779341578,0.1248733482845127,-0.1752286922372877,0.5,0.0931444803550839,-0.2600122436415404,0.0,0.0
994,7.42006252296269,5.2895312834531065,0.2889916643928736,0.6605738396942615,0.7693307990748435,1.9964897208213808,0.0856736397370696,0.0006465636093443,0.9069558665176344,0.0688795362710952,-0.1258928686827421,-0.0269532091915607,0.1330446897447109,-0.1389397148247808,0.2612418580949306,0.0,0.0
995,14.237316850349307,5.670467909052968,0.2244812595427036,1.0259861932545902,1.034419794632122,2.682654228210449,0.1496548250876367,0.0011663121875814,0.7423138279602326,-0.3,-0.1834883239343762,-0.0111613251082599,-0.1672598259709775,-0.1131311933193355,0.2332618160992861,0.0,0.0
996,7.544720554910601,12.0,0.1777724968295544,0.8375366215109825,1.047496345192194,1.9214257355332371,0.4204057809337973,0.0019389075008425,0.370627076541045,-0.2827493695802986,-0.2845972978435456,0.0112502672709524,-0.2092226168699562,-0.1489756283648312,0.2102837828844786,0.0,0.0
997,17.079925757087768,4.683829490095377,0.1938061859674751,0.7309865888208151,0.9671566143091768,2.511495994091034,0.1149589512497186,0.0007891554705855,1.009708538851976,-0.1259333729557692,-0.1842783380113542,-0.4240231279283762,0.1639681171253323,0.2186179414503276,0.2231054504401982,0.0,0.0
998,10.60871800430119,3.801356943324208,0.2382630872078239,0.742767932638526,1.016652023155242,1.6137224287390706,0.221159781999886,0.0042231585494995,1.2043671331742551,-0.2783594139330089,-0.0874393906071781,-0.5,-0.0403236728347837,-0.1906893187332898,-0.266703030096367,0.0,0.0
999,15.554180658347905,5.241714846715331,0.188428582451865,0.7440491482466459,0.9411011563595384,2.5746851052045825,0.1263562761619687,0.0009822978379452,1.124816341862592,-0.2390378649272024,0.0172249588519334,0.1781797271594405,0.3839423856139183,0.1836279899869113,-0.1848573293406516,0.0,0.0
1000,15.452079157903787,5.730851466953755,0.1981787566646933,0.7348663335293532,0.9519859651532024,2.544023903489113,0.15589534888044,0.0010403807980333,1.3027499931079365,-0.25790858290717,-0.0723819490000605,0.305052326247096,-0.3702418118342757,0.1085103008970618,0.2006721527483314,0.0,0.0
1001,16.512804949209094,4.898204312473536,0.1893374200779944,0.7199472750872373,0.9333404776230454,2.4614568598866464,0.10891062323004,0.0008159440617087,0.9824998017237244,-0.2429349065981805,-0.2208876155465841,-0.0245874247513711,-0.2255271757207811,-0.2065585244745016,0.2260826646853238,0.0,0.0
1002,17.191629278585317,5.388590897992254,0.199656027271226,0.7458169548362493,0.9259569580759852,2.500344680070877,0.1444979674182832,0.000721102480894,1.0393081819989864,-0.2082934772484004,0.1799898246265947,-0.2381514980271458,0.4674581994861364,0.0746142277326435,-0.2247184903472662,0.0,0.0
1003,10.123652433864772,3.3516982611268755,0.2338905310973524,0.7388909860104322,1.0318234898485243,1.785187905371189,0.2095211033709347,0.0053868767737589,1.3549007340999144,-0.2702859957553446,-0.2389797690175473,0.0636079544015228,-0.1089796104095876,-0.323141206273809,0.0686688201613724,0.0,0.0
1004,16.441300600133836,5.475269348919392,0.1903939634207636,0.6999488500654698,0.963806215563789,2.567113575518132,0.136533625293523,0.0006773855520234,1.0742525060295112,0.115456831946969,-0.0865127883553504,0.313864731322974,-0.2189662228710949,0.0862132220454514,-0.2543037611357867,0.0,0.0
1005,11.510919292122123,3.452448282390833,0.2363281920164823,0.7712103790938855,0.9920493500232695,1.5999102208614349,0.2015424523316323,0.0050707384680261,1.390308206454448,-0.2313606279194355,-0.3,-0.3381909726932645,0.2512030851468444,0.1779458143040537,-0.0318398367427289,0.0,0.0
1006,16.7725469667837,5.592530407384038,0.1918408280700445,0.7130469319522381,0.9377601110134274,2.525304906785488,0.1479366141371428,0.0010984266143145,1.2850643512492248,0.1014375879094004,-0.2168198477514088,-0.2438865075819194,0.283516286406666,0.0061951961498707,0.1108136955853551,0.0,0.0
1007,15.695677221380173,4.773954993113875,0.202499751836434,0.728315377086401,0.9494912132956088,2.598690505027771,0.1009373511373996,0.0008596943885332,0.9617780024686016,-0.1392133812010288,-0.1364050656817853,0.2353039345517754,-0.2196707667037844,0.3237347615342587,-0.1631473368722945,0.0,0.0
1008,5.75654025696218,5.025597794726491,0.2868393599603325,0.6500000000000001,0.75,1.966210710465908,0.0521038671396672,0.000682595806333,0.7093731465573495,-0.2448297433555126,-0.1022502786889672,-0.446009710971266,0.0806119382195174,-0.2365212176274508,-0.2125415460262447,0.0,0.0
1009,6.978100398853421,4.189444309100509,0.2955442380547523,0.6791664044409991,0.7707830258086323,2.0788242757320403,0.0693523111566901,0.0005154568868504,0.947810728227098,-0.0065472948700189,0.2687653743401169,0.2398353007063269,-0.1163808894902467,0.2221835866104811,-0.3143921137806028,0.0,0.0
1010,9.093507614210248,12.0,0.1726799527481198,0.8389568396508693,1.0832009398005904,1.9284349914193155,0.3670333508215844,0.0013290271319377,0.3214296004536994,-0.2418920416608453,-0.0150905237831175,0.0844807297550141,0.3447176639176905,0.2981301030293106,-0.2268495264537632,0.0,0.0
1011,6.432020393833518,4.597329793125391,0.2979663430366664,0.6689613889604807,0.75,2.047885118842125,0.0877772811800241,0.0005379810903409,0.7736632268725038,0.1247409961000085,0.0004329126365482,0.3678045474737882,-0.2262438705563545,0.1584037441127002,0.1158971782587468,0.0,0.0
1012,16.109696926362812,5.341607080772519,0.1969352033257484,0.7255050032734871,0.9426026213094592,2.4713974224328994,0.112840581126511,0.0007276606826481,1.1891920106476217,0.0492785260118543,-0.1423006195574998,0.1302365088462829,0.2089785855263471,-0.123746367642656,0.3311068775877356,0.0,0.0
1013,5.370623821951448,6.659696086123586,0.2503351385559886,0.987783205613494,1.099978151656687,1.5458812078237534,0.1395428929664194,0.0007973878360455,0.5573689598237993,-0.3,-0.196573817230761,-0.0347571188025176,-0.2263242135755717,-0.1322680481802672,0.1615157965496182,0.0,0.0
1014,16.5600339454785,5.758721308410168,0.2032875683102757,0.7356554533243179,0.9690837587043644,2.6208307192325595,0.1237143886834382,0.0010565950084982,0.9480057535292866,0.0821515473313629,-0.2119125661812722,0.1514252141863107,0.5,0.1459598173350095,-0.0371493258979171,0.0,0.0
1015,13.33812497522682,5.775643619894981,0.2207300692029297,1.013631180807948,1.0218348877374082,2.635276614069939,0.1845016115903854,0.0011168811016068,1.000154950440488,-0.2444277663119136,0.2402099285982549,-0.3046569219045341,-0.4293444171361625,0.35,0.0732295181881636,0.0,0.0
1016,14.6860930968076,11.391758561879396,0.2770108014088124,0.7635269841700792,1.150473332237452,2.331413401782513,0.3100049113854766,0.0024584043151586,0.536412512345114,-0.3,0.2446690607182682,-0.2785504189692437,-0.3956864189170301,0.2879463843498379,0.0043427359964698,0.0,0.0
1017,16.74293106906116,5.19546346925199,0.1935376328609884,0.7268477244377136,0.9240297560468316,2.582681252002716,0.1541762278042733,0.0009652236914247,1.108653730877847,0.081948397334665,-0.2751296539641916,0.4200220734253526,-0.0734648452699184,-0.1723123822007328,-0.1213555303681641,0.0,0.0
1018,16.2819452714175,11.659019488468768,0.2706584382839501,0.7533809286504984,1.1229278192035852,2.3874720247387886,0.3284281066805124,0.0033391531981824,0.4075221131390089,-0.0874165428690612,-0.2201504925638437,0.3116326917149126,0.0387444687820971,0.0572461799010634,0.35,0.0,0.0
1019,6.465541993565858,3.465413829684258,0.215504776904732,0.817202622756362,0.9571253203842788,2.1230551679730416,0.2630535067245364,0.0088458555089826,1.107826051562541,-0.2598202601261437,-0.2443289988040924,0.1025327206403017,0.0292027204483747,-0.2978129517659544,0.0481340618990361,0.0,0.0
1020,6.773710369542242,4.533638126775623,0.2188469633955508,0.8237250362038613,0.9542609120123088,2.162721573531628,0.2406713594682514,0.0124601718409574,0.8889027993185147,-0.0577616555392742,0.0666139115206897,-0.38188989687711,-0.5,-0.287427448933944,-0.0892465108670294,0.0,0.0
1021,8.991549584455788,11.473849333822727,0.1785300804983824,0.8241608345210553,1.0685126674287022,1.9352840564846991,0.3965723982825875,0.001580016353024,0.3649120466454265,-0.1964661696106195,-0.2163507692702114,0.2559365730546414,0.4880386837013066,0.2957470936756581,0.0121497324556112,0.0,0.0
1022,8.529815098829568,11.94900138117373,0.17,0.8492461115419865,1.0493857299853115,1.879145994901657,0.3646780531294644,0.001374131125717,0.3117141451128886,0.2628926757350563,-0.1591143847480416,-0.1453779940679669,0.378110416457057,-0.0126306147538125,-0.0646893485654145,0.0,0.0
1023,5.8683785516396165,4.5326525248587135,0.2965892180882394,0.6550631594210863,0.7770619987417012,2.0015491554141045,0.0816428584977984,0.0005556729099306,0.7494081500658029,0.0155411820486187,0.0022968841418623,0.0121926434151828,0.0087078128568828,-0.0006682208441197,-0.0029833125416189,0.0,0.0
1024,15.781634742245078,5.778181274607777,0.1897066630415618,0.7128211823999882,0.9609694229140876,2.5275899378657343,0.1540039142034947,0.0006747876312079,0.982610100071982,-0.0331043697819113,-0.1719292324036359,-0.4725698518753052,-0.105849296040833,4.427945241329625e-05,-0.1919994179122149,0.0,0.0
1025,7.087608421295881,4.2768786992877725,0.295993042917177,0.6642787567675114,0.75,2.1181682039499283,0.05,0.000541620837996,0.9500873110527038,-0.0425877102836966,-0.224702243976295,0.2598939825408161,0.0797333958558738,0.0528669807948172,0.35,0.0,0.0
1026,7.552684925049543,4.747443936765194,0.2927735345255583,0.6500000000000001,0.75,2.079044446647168,0.0790499641373753,0.0006759289883629,0.8361300839641874,-0.0272136777341365,-0.0500713002942502,0.3936456686630845,0.3795306953787803,-0.3000912599842996,0.064958763135597,0.0,0.0
1027,16.24615460537374,5.073387948423624,0.1997819949142635,0.7409401522576808,0.9531705139484256,2.446325471520424,0.1296390943601727,0.0008701371979607,1.038704740842664,-0.1739592848494649,-0.2316478591002523,0.3434370617009699,0.3551820144616067,0.3095350009854883,-0.0358502429742365,0.0,0.0
1028,7.459140010364354,12.0,0.1747295082967728,0.8621655371189118,1.078453982245177,1.8359925466775893,0.3968614434078336,0.0019776001451185,0.3253579311245911,-0.1651441438905894,-0.2290820260941982,-0.2204446424357593,0.3930260047875344,0.1345063647143542,-0.0855176497455686,0.0,0.0
1029,11.127922725379468,3.5387039300054317,0.2296949344821274,0.7390636693090201,1.0077696168478578,1.7814730952382083,0.2034668209590017,0.0045686853765843,1.269182732719161,-0.2485334144867956,-0.0908612941503525,0.1863189841434359,-0.4333607221394777,0.0582924174442887,0.244287082510069,0.0,0.0
1030,8.271272490359843,12.0,0.1800770875222981,0.8490062980055809,1.0521836471669377,1.8631722049713133,0.4081947384029626,0.001394152864898,0.2656507586242509,0.2700196384973823,-0.2350546598397195,0.3375419565103948,-0.4114669319428503,-0.1663989530112594,0.3087275472655892,0.0,0.0
1031,15.544298890046775,4.710064569860696,0.1919667328041047,0.7179230593293906,0.9649872624669223,2.471241706430912,0.1027922543510794,0.0009541947202849,1.2844265927185512,-0.1576899075172841,0.1562312117032706,0.1150722593069076,-0.0116483340784907,-0.1152471846733242,-0.2019113764837384,0.0,0.0
1032,11.888813414648176,10.247530198097229,0.2564847484685481,0.8523545470386744,0.7863294041343034,2.775392557382584,0.3503310934454202,0.0040113297806322,0.4623601554320468,0.2664313649497926,-0.1243987676762044,-0.0734507851302623,0.3438660115748644,-0.0883750864975154,-0.0588384417071938,0.0,0.0
1033,10.55607195008546,3.321985321864485,0.2322948074776679,0.7740091886967421,1.02806051941216,1.7344343733787535,0.1973237363062799,0.0044186870668455,1.2889718397389374,-0.2086704983375966,0.1292338778413832,-0.2461975002847611,0.4851774618215859,0.1113052298687398,-0.2387541739232837,0.0,0.0
1034,16.453014276474715,11.725687519088387,0.2711375020448118,0.7742098075151443,1.1442544662505387,2.3962475041747093,0.3498265654034912,0.0024443930864341,0.4091099537254168,-0.1987396308593451,-0.2314871469140053,0.0282461534813046,-0.0519260090216994,-0.3263130769189446,0.0371282521355897,0.0,0.0
1035,14.085882681682708,5.7731390535831455,0.2199093956463039,1.042031330794096,1.036444734312594,2.64820556730032,0.1478000398911535,0.001383886768596,0.9898630249678744,-0.3,0.0614137390851974,0.2001947815902531,0.3438234268315136,0.2522568029481917,-0.1688840475436299,0.0,0.0
1036,6.433743751458824,5.022985707595945,0.2916209484685212,0.6626452809274197,0.752040909100324,2.001821123361588,0.0964959881082176,0.0005,0.7363653300793679,-0.1352967270612716,0.0660308344848454,0.5,-0.2792154102586209,-0.0895536445602774,0.0138002745117992,0.0,0.0
1037,7.654782178662717,4.191547134146095,0.2986234548941254,0.6533805200755597,0.7571254710908979,2.06920747512579,0.05,0.0005600019046739,0.9778538906424952,0.2798624625876545,-0.0965623250193893,-0.1113136281073093,0.4333386644721031,-0.0633298135399818,-0.1245916907545179,0.0,0.0
1038,6.976516664288939,4.980724506080151,0.2862429623559117,0.6734593055546284,0.779787388253957,2.1250055416822438,0.0775967255234718,0.0006544086767899,0.8193168886114176,0.2085864547714591,0.2477416248098015,-0.2844778150506317,-0.3090429517440498,0.1368140551503747,0.2953092012554406,0.0,0.0
1039,7.195405315570533,11.79822230003774,0.176664373094216,0.8194694061130285,1.0487872124612332,1.825555331289768,0.3866475024633109,0.0016199704312342,0.2817392127384771,0.0019173976555466,-0.290607502900064,0.1446731583029031,-0.4040367805212736,-0.0782400014307349,-0.2114350643977522,0.0,0.0
1040,15.692842612490058,5.473314099013805,0.1931684835780412,0.7347253281027079,0.951719260253012,2.552615546107292,0.1095586105063557,0.0010906260074322,1.1084777013904663,-0.2385344415530562,-0.2893749568574131,-0.2258712964318692,0.3195920166559517,0.1368515020813792,-0.0651122205108404,0.0,0.0
1041,14.7487345482409,5.939101442694664,0.2303544964335858,1.0302996848225594,1.0417008572313935,2.6061133234500886,0.1996434131637215,0.0011563959845313,0.9722573472711854,-0.1978533794805407,0.1646868778578936,-0.185627267062664,0.4212178913876414,0.0791174805480987,-0.2133636148013174,0.0,0.0
1042,7.605294870585203,5.051805265620351,0.2884042931079864,0.6813684948235751,0.75,2.0058314303159714,0.0643153748102486,0.0005,0.8995748633952287,0.0353921347260475,-0.0606611756309866,0.0076042710058391,0.103568598870188,-0.156412654466927,0.3384371151532978,0.0,0.0
1043,14.423087067604063,5.606215815618635,0.2240017497237771,1.0164050937891007,1.0675623914692551,2.7461782413721085,0.1887221693992614,0.0012659960689593,0.7395383086698095,-0.2950424910932779,-0.2768818372786045,0.0204957534000277,-0.1544608886539936,-0.0991047675721347,0.1226894044335931,0.0,0.0
1044,7.654234599359333,12.0,0.1781608676671982,0.8162855082303285,1.096214943241328,1.9052681087851524,0.3811859244294464,0.0014658089931149,0.3648148304880453,-0.2492526436038315,-0.1890944211669266,-0.0022684354707598,-0.2921362362429499,-0.1354407594967633,0.1299174263831228,0.0,0.0
1045,17.190012461207807,4.896068299561739,0.1943018826875835,0.7393597166538238,0.9213822702560572,2.453519343495369,0.1362519008107483,0.0009769513182772,0.9897676092387994,-0.173428590696305,-0.254150670144707,-0.4346414289809763,0.218954569529742,0.2006521832179278,0.3329715453777462,0.0,0.0
1046,10.507831388413909,3.736997186020017,0.2377061852250248,0.7463946244716645,1.009271339893341,1.6718096528649329,0.1824067228473722,0.0057720843108935,1.2144187563893591,-0.25793840540573,-0.1285185335129499,-0.478070660084486,-0.0247122422233223,-0.2042236210517585,-0.2523523133769631,0.0,0.0
1047,15.453834664039316,5.003954586014151,0.1879795419931411,0.7293000869154931,0.9472267070207744,2.59096653342247,0.1471787519566714,0.0007679222755478,1.1288803484956047,-0.2456119930185377,0.033520609550178,0.2097049700655043,0.3516537880338728,0.2015931807309388,-0.2327703140601515,0.0,0.0
1048,15.555797076523303,5.650378428399563,0.1977294456537813,0.7385062018036842,0.9332305701021104,2.624616368293762,0.1176397357881069,0.0007364890019612,1.299813918629057,-0.223981938522309,-0.0612542662471533,0.270659632589668,-0.2902062080986798,0.0944828542340546,0.2788216537088155,0.0,0.0
1049,16.616993909329175,4.681830770522356,0.1887807850442827,0.7052113930583,0.9550912130959331,2.500230117738247,0.1311087646894156,0.0009458546094106,0.9730533658444516,-0.2900163184963167,-0.2603847280070185,-0.0560796959325671,-0.2775915062427521,-0.1890864855851978,0.1144958670847118,0.0,0.0
1050,17.078169579952956,5.458117644861341,0.2001519928000867,0.7245526508092881,0.9590487233642488,2.4616819957494736,0.106712828092277,0.0010525400318616,1.0620748452070177,-0.1882894674651324,0.1152854636572301,-0.2246877141855657,0.4547688478417694,0.0886422493942082,-0.2407899116072803,0.0,0.0
1051,10.010834974981844,3.585323789343238,0.2342786369618028,0.7472509259581566,0.9974222096353768,1.7047192420363424,0.2312524474784731,0.0044973581234449,1.3741178916537864,-0.2772868493534624,-0.1450589260049164,0.0741713150963187,-0.0795689855515957,-0.3406138192228972,0.1143649474624544,0.0,0.0
1052,16.261128852702676,5.258930049836636,0.1899141831077635,0.7207332555800676,0.9180336717423052,2.598951554954052,0.1146771704405546,0.0011276397346546,1.07652892100541,0.0954501925259828,-0.181699269644916,0.2792523107677698,-0.2738430493697524,0.0682490522172302,-0.2389367358740418,0.0,0.0
1053,11.331215834245086,3.372082907706499,0.2357410876225679,0.7616190328747034,1.0407838640995324,1.685940893769264,0.2392310982942581,0.0048281886747109,1.4040017070461597,-0.2243489049375057,-0.2526784601658582,-0.3699029701016843,0.3340511929057538,0.1914810173753648,-0.080705142756924,0.0,0.0
1054,16.942976985163988,5.826190321519971,0.1923672626685351,0.7106381033807994,0.943868922477588,2.4393965247273446,0.1255984703078866,0.0006817927743955,1.2578101806823554,0.0675065629407763,-0.1752133470140397,-0.2305545600131154,0.3157394152879715,0.0241599325276911,0.0314017632305622,0.0,0.0
1055,15.86675223145634,4.843589260801673,0.2029183268286288,0.7435307910591364,0.9421062586829064,2.566964609742165,0.1390820370055735,0.0008738065222725,0.9481065571798424,-0.0921226448714733,-0.1521733609624207,0.2457354596443474,-0.2351726143248379,0.3101989909745752,-0.0542956879511475,0.0,0.0
1056,5.935883713103831,4.771203304082155,0.2939076651662587,0.6645527460724115,0.7757693582978099,2.061152035415173,0.062885576467961,0.0005697623776978,0.8842398935651351,-0.2936170176565646,-0.1408927408866584,-0.5,0.0795271491259336,-0.2956313760895282,-0.2538326706327498,0.0,0.0
1057,7.012640119083225,4.5585376366972925,0.2889628398481756,0.6500000000000001,0.75,1.984725235939026,0.0801340169087052,0.0005,0.8070779232920617,0.0214651076048612,0.3,0.3476602558232844,-0.120717783588916,0.2891658616308123,-0.3085423012971878,0.0,0.0
1058,8.914303857572376,12.0,0.1787741482395679,0.8547734676897526,1.0672164285331964,1.827631099998951,0.3703150605969131,0.0015409384625761,0.2548134428107003,-0.2472270149365067,0.0235752156972885,0.1539201460778713,0.346357138864696,0.231236266542226,-0.2484550166372209,0.0,0.0
1059,6.397620373107493,4.291277353838086,0.2904102400809526,0.6500000000000001,0.7611431019343435,2.14802836573124,0.091058987379074,0.0006445361970256,0.8978318174573515,0.1506464954987168,-0.0655261748805642,0.2592867613397538,-0.2220550286956131,0.2174177745506167,0.172936350217089,0.0,0.0
1060,16.00168011702597,5.673001459985971,0.1884035675469786,0.7067762182950974,0.9525616130568086,2.5640492881536483,0.102059787325561,0.0008436920404336,1.000406556011748,0.0503920745886862,-0.072969873804599,-0.0236328344233334,0.2078057592920958,-0.0567921192254871,0.340894096897915,0.0,0.0
1061,5.122254193350673,6.367703283578157,0.2593536804042756,1.0170602843016383,1.0897943174354732,1.4555745569467544,0.1287621027417481,0.0009553143772425,0.6866503387481381,-0.3,-0.2386178324930369,-0.0106692703440785,-0.2305730598047375,-0.1913444131556898,0.1241621989328414,0.0,0.0
1062,16.66791214250028,5.415262603387236,0.1937817047864198,0.719884191095829,0.9261105249859392,2.522228579521179,0.1204335944354534,0.0008819324683022,1.140380076004188,0.1351532489843666,-0.2812727690264582,0.3046017371676862,0.5,0.205009263459593,0.0159523791521787,0.0,0.0
1063,13.586355991512535,6.00879773311317,0.2287740261923521,1.0458540577739477,1.0667188151758165,2.731726898312569,0.1812208209186792,0.0009632708449718,0.8215664207565962,-0.2766496522910893,0.282224074780941,-0.3280739240720868,-0.425243999324739,0.3101440547518432,0.0476864409334957,0.0,0.0
1064,14.578146933503447,11.702499180659652,0.2694549399770796,0.795751374617219,1.1065404193550348,2.426362600266933,0.3057857016101479,0.002669061107941,0.4251249430891753,-0.3,0.2836250516921282,-0.3413431185111403,-0.3914101957157254,0.35,-0.0016123390085995,0.0,0.0
1065,16.494773455001415,4.920316977798938,0.1996315919425338,0.711077969968319,0.9677396803982556,2.4885772683620453,0.1499570216052234,0.0010828338308168,1.2869383435918174,0.0572221085987985,-0.3,0.5,-0.0722643034346401,-0.2313618283253163,-0.0799514523409307,0.0,0.0
1066,16.390031134225428,11.29461290985346,0.2640768008779734,0.7826565854102373,1.134062474861741,2.286666485369205,0.3167088973522186,0.0029765484515825,0.5081247798020238,-0.0383220290355384,-0.2591363526172936,0.37509486425668,0.0346714225783944,0.116322544876486,0.3348838207144289,0.0,0.0
1067,6.713839307129383,3.7151201408356433,0.2225733171258122,0.7984724215716124,0.9479028004016726,2.223208851873874,0.2513343009725213,0.0081474964384048,0.943064911200305,-0.2891896457858383,-0.1786892207600176,-0.0119609467126429,0.0275025316886603,-0.35,0.069848659818992,0.0,0.0
1068,6.952848368249834,4.29579690694809,0.2268911609791219,0.7915490356683732,0.9373392774835227,2.255366664350033,0.2448896537162363,0.0111070070994774,1.0691903082732892,-0.1093781528770923,-0.0024041551798581,-0.5,-0.5,-0.3464414793718606,-0.0517799602989107,0.0,0.0
1069,9.026020799055695,11.821996003761887,0.17,0.8399789703190327,1.0852372694313526,1.844981250822544,0.4007906889542937,0.0014552898956589,0.2997792033429934,-0.1645698565989732,-0.1739932381063699,0.2747503134608269,0.4891508390381932,0.35,0.0022572501543909,0.0,0.0
1070,8.350538487806917,12.0,0.1743314296014607,0.8199221592843533,1.0875057087969036,1.7805451369285583,0.3763963469304144,0.0014918898549254,0.2622551464595595,0.2606380253210663,-0.0900734527520835,0.0130726584233343,0.3739492848329246,-0.0796128897741436,-0.039037163104862,0.0,0.0
1071,5.83376872472465,4.2059452522546055,0.2880578182544558,0.6737450679689646,0.75,2.097989368855953,0.0933611487224697,0.0006233754449847,0.9231415700313964,0.0377335460856556,-0.0400373697392642,-0.0059516132622957,0.007095698788762,0.0584419376179575,-0.0561864348985254,0.0,0.0
1072,15.618996560834349,5.604153892025352,0.200306279188022,0.7184214939177036,0.9483085831180216,2.515219280719757,0.1421800417266785,0.0007849070492426,1.312726567818802,-0.0180258850827812,-0.2054788291454315,-0.5,-0.2128792775981128,0.0231404140852391,-0.0795155839547514,0.0,0.0
1073,6.925030986554921,4.251683755591511,0.2931862686879932,0.6700343374311925,0.7511757369674742,2.1057507293820383,0.0655751864798366,0.000610344433358,0.7170322522814061,-0.0576917502656579,-0.2043049814477563,0.3425132170692086,0.1987164957076311,0.0455093180276453,0.2967325130477547,0.0,0.0
1074,7.670652190931142,4.957791469246149,0.2955725277133285,0.6500000000000001,0.75,2.0914355318546294,0.0898928454890847,0.0005955238946653,0.7630688642411382,-0.0425093561857938,-0.0700752123109996,0.4825915734283626,0.2732062427513301,-0.3084259790759533,0.0164972756747156,0.0,0.0
1075,16.364061124585568,5.132568375766278,0.1891748952146619,0.7473486898839474,0.9658321905937044,2.4586697836518288,0.1102909630909562,0.0007411776056693,1.149258997417156,-0.158690783880651,-0.197598630387336,0.2376174001395702,0.4720533353835344,0.3336235577818006,-0.0150204707887023,0.0,0.0
1076,7.581362358778716,12.0,0.17,0.8562140908241272,1.0928030301444231,1.822827898800373,0.4086874902620911,0.0017858354174764,0.2937275496905561,-0.1532174916230142,-0.2627259679287672,-0.3262656705826521,0.3309544131159782,0.0789178116731345,-0.0321419866327196,0.0,0.0
1077,11.250206364057956,3.33539585955441,0.2424880932759493,0.7336600702852011,0.995118664747104,1.768355562329292,0.185014186296612,0.003988695188643,1.384003830088874,-0.2604345372207463,-0.0704520839899778,0.2752635115943849,-0.359336020220071,0.0981271327808499,0.2264027509968727,0.0,0.0
1078,8.104100829660892,12.0,0.17,0.8424187404513359,1.064835436116904,1.8762692064642903,0.3973505982011556,0.001608396258321,0.3513360767592312,0.258323775563389,-0.2550202570371329,0.420157075189054,-0.4728378025442362,-0.1275412864889949,0.1932829067967832,0.0,0.0
1079,15.377065939083696,4.872381012141704,0.1969596852041781,0.711865776643157,0.9506390514168888,2.4843858700990675,0.1221379823610186,0.0010664693869386,0.957505950730225,-0.1459668413512408,0.1902124625109136,0.0043278906680643,0.0602693967707455,-0.1698433230612427,-0.1218504015989601,0.0,0.0
1080,12.015974211655555,10.347724033147095,0.2458774453680962,0.8459339344650507,0.8006777568049729,2.763025013744832,0.3706289725750684,0.0036186387222327,0.4229169720647375,0.2815302558951079,-0.1048201818577945,-0.1448200236819684,0.3936352392099798,-0.0337789518646895,-0.1088759861327708,0.0,0.0
1081,10.683154061809182,3.571011524274945,0.2350940305665135,0.7677614319771529,1.0154088720828294,1.7220196446776388,0.1874024431966245,0.0038617026469742,1.4293052674679911,-0.2237438323907554,0.0947593245394528,-0.1467072515189647,0.4009550917521119,0.072447567101568,-0.2163329629749059,0.0,0.0
1082,16.299551687575878,11.591505840048194,0.268330944699049,0.7684663218259812,1.156905302479863,2.4086417014598847,0.3323260836489498,0.0028229279484662,0.5485113503537064,-0.2140165767632424,-0.1983627717643976,0.1228158083371818,-4.981031641364264e-05,-0.35,0.1490204031895846,0.0,0.0
1083,13.93249877806753,5.487790483981371,0.2305088288482278,1.0364431171119213,1.0220955705419184,2.660552626729012,0.1605489356257021,0.0015451333103578,0.7499511055491835,-0.3,0.0405912533551454,0.1224988808482885,0.2589003356918692,0.307845359744504,-0.2532675311360508,0.0,0.0
1084,6.27576509527862,5.301292669400572,0.2966137123450636,0.668713926166296,0.75,1.988653728187084,0.0761957057192921,0.0005,0.9759309390113596,-0.1234007549732923,0.0855711054839194,0.4706027095019817,-0.1844924611225724,-0.1136421976014971,-0.1030060531329363,0.0,0.0
1085,7.496725380793213,4.31870534606278,0.2858226110059768,0.6599794430434704,0.771463936066255,2.05608683013916,0.0594310070388018,0.0006304099122282,0.7306892031263955,0.2679409593567252,-0.1309689004160463,-0.016742593254894,0.304162586312741,-0.0549950982034206,-0.0431536487732082,0.0,0.0
1086,7.107915165796876,4.743406812101602,0.2990363529104739,0.6788515620529652,0.7654481121785939,2.138099797308445,0.0950986950099468,0.000575971759412,0.7424696302419971,0.196854942061007,0.2809603450521827,-0.184983453117311,-0.2122082236781716,0.1441717216726392,0.3483075531311332,0.0,0.0
1087,7.326881958767771,11.709755453839898,0.1716638583958149,0.8254095127433538,1.06144793638587,1.8386963814496995,0.3739007811062038,0.0013812991215886,0.3083558043826622,0.0136217055246234,-0.3,0.0733080436475575,-0.5,-0.1013361398186534,-0.2289267028756439,0.0,0.0
1088,15.812715278528632,5.399728473648429,0.2007760970726609,0.7360453571081161,0.9218212120011448,2.4790004680752755,0.1011739285103976,0.0007454531431751,1.2277204605077487,-0.2406527024433016,-0.2412064063176513,-0.2513187142275274,0.3871451891027391,0.1098445668611675,-0.0386886286027729,0.0,0.0
1089,15.01280309278518,6.012027318403125,0.2222595186945051,1.0139917862862349,1.0690678598675876,2.679258186638356,0.1912730363942682,0.0013776992922193,0.7363352220112414,-0.1754892400726675,0.1082835763692855,-0.2259549957513809,0.353461454436183,0.0825032605137676,-0.2418165183737874,0.0,0.0
1090,7.512558948881924,5.128218779712915,0.2969870274517684,0.6616735095381737,0.7607560991551727,2.1275869584679605,0.0559271379932761,0.0006117754978972,0.8038337532833096,0.0374938099086284,-0.1168468977324664,0.0126933415047824,0.1711197147332132,-0.14417532511428,0.2509212304595857,0.0,0.0
1091,14.185041986145078,5.529141402989626,0.2168814093790948,1.0270880403369669,1.042616276124492,2.6247054280638697,0.1803480089269578,0.0011071933343985,0.969217675443089,-0.3,-0.2284957041330635,0.0390163020417094,-0.2222152690216899,-0.1192286330386996,0.2160509765241295,0.0,0.0
1092,7.490081348270177,12.0,0.1701684848520905,0.8385908897817135,1.062943800430745,1.7869767651557922,0.3896908837184309,0.0020455860355321,0.2864080191666721,-0.2538876818306744,-0.2488611886203288,0.0616036810353398,-0.1795411039888858,-0.1466938490327447,0.2235885457787663,0.0,0.0
1093,17.165601963624358,4.823746048286557,0.2018069012582302,0.7320430286079646,0.9521219554636629,2.572093401968479,0.1447418684512376,0.0008318919279922,1.1358525499928411,-0.1485460227839648,-0.2025955823510885,-0.384200801346451,0.1061561861820519,0.219791808867827,0.2452691602539271,0.0,0.0
1094,10.698842987082898,3.6588058836758135,0.2306889158785343,0.741714287891984,1.0316874910891056,1.7421477030515669,0.1909081416204571,0.0039696621804982,1.5724706615846755,-0.2532933797053993,-0.0767722335197031,-0.5,0.0878849466145038,-0.1762324460148811,-0.2809917173795401,0.0,0.0
1095,15.5039902279526,5.081631474196911,0.1964592053387314,0.7429918213635683,0.9256545102093368,2.520158268392086,0.1556649501994252,0.0009243265741329,0.9969000146188376,-0.2705111402012408,-0.026054942484945,0.1389059844054281,0.2388533481024205,0.1972231609486043,-0.2060371748469769,0.0,0.0
1096,15.40208297330886,5.57217793725431,0.1906093312583864,0.7338113555461169,0.9673518471065908,2.502997082412243,0.1261414978839456,0.0010987498611382,1.0528558011629363,-0.2252556206099688,-0.1101185619570314,0.2546996011398733,-0.4024792439304292,0.0988528740163892,0.1913052888326347,0.0,0.0
1097,16.60302283141762,4.759516851976514,0.1973632674034685,0.7188944743424655,0.918438478488475,2.6213821184635164,0.139596450664103,0.0008592479367874,1.1556792433997838,-0.2684951067231595,-0.2045708757452667,-0.0644104359671473,-0.1651701616868376,-0.2170776606220751,0.2078559976890683,0.0,0.0
1098,17.27738968703896,5.529917437583208,0.1920567612167448,0.7468728195577861,0.9408581183496862,2.5354421036839483,0.1152183595858514,0.0006771225969757,1.2898539532975009,-0.1870323646478355,0.1713167919069528,-0.1868971674703061,0.3424978739582002,0.0695026237443089,-0.2143668008204549,0.0,0.0
1099,10.06919877551496,3.513010726869106,0.2418864708267152,0.7399431628733874,1.0164567690342663,1.6312389192581174,0.2397436739690601,0.0050741759062924,1.1416444547507572,-0.2987980736531317,-0.193705742508173,0.1028810125216841,0.0328502970561385,-0.3293607296869158,0.0859106014650315,0.0,0.0
1100,16.38893572434783,5.335352685675025,0.1983940724026412,0.7010530574917794,0.9555322661753743,2.528664785385132,0.106289276946336,0.0007209792740962,1.263575214396428,0.0899705819338559,-0.1224955874495208,0.3526104403287172,-0.3410701463371515,0.0883729176837951,-0.2675775823015719,0.0,0.0
1101,11.603218856193124,3.2949993778020144,0.2287235662914812,0.7723109043836593,1.00075422405079,1.756507448494434,0.230858425553888,0.0053917789236195,1.1235924234107029,-0.1986234158277511,-0.3,-0.2874639805220067,0.4014265905506909,0.1792436880227178,-0.0539724846649915,0.0,0.0
1102,16.860397754609586,5.752613813430071,0.1998720273949206,0.7119436227083207,0.9290543989297002,2.55773036134243,0.1172143605165183,0.001040393443013,1.0827748274866076,0.0729961674436926,-0.2272467007711529,-0.2835337429121136,0.2485102563723921,0.0207741525620221,0.1250714411400258,0.0,0.0
1103,15.63886356934905,4.916506014764309,0.1949261643838137,0.727214239358902,0.9577643246278168,2.448163487970829,0.1307129190862178,0.0008152792781325,1.193605835727611,-0.1178647196888923,-0.0927785667479038,0.1851269960589706,-0.1677951547317206,0.337205926194787,-0.1419985532574355,0.0,0.0
1104,5.8089615306630735,5.16781243160367,0.2944091244649142,0.6500000000000001,0.7507849265243858,2.1216828569173813,0.0818796657584607,0.0006423220574265,0.8393972102823916,-0.2733222776055335,-0.0653610566295683,-0.4065547373890876,-0.0668006657809019,-0.2268672548197209,-0.2267997335083782,0.0,0.0
1105,6.88573573935777,4.349282740056514,0.2875168329693376,0.6809678347557784,0.7592510800100863,2.045250566780567,0.05,0.0005,0.7614503285960691,0.0147470084577798,0.2516020692251622,0.2898529371060431,0.0029122827760875,0.23269849640131,-0.3355403930395841,0.0,0.0
1106,9.00560042846948,12.0,0.1802807545952499,0.83714667481184,1.0947320475429296,1.7670328931808472,0.3963495547138154,0.0014009776809627,0.2724565151366007,-0.2674326981380582,-0.0038891855254769,0.04553177267313,0.2900313865765929,0.3032383593525737,-0.2135761645827442,0.0,0.0
1107,6.488899141289294,4.457168297842145,0.2899700273644178,0.6671607656329871,0.75,2.087435654580593,0.0575327057391404,0.0005675898749481,0.9544656229745798,0.1574271491244435,-0.0423136339187621,0.3169292395375669,-0.188427024949342,0.164618924761191,0.1380303432103246,0.0,0.0
1108,16.159758206382392,5.502560273557902,0.1889354397185147,0.723649419695139,0.9242053226865828,2.6234477879405023,0.1430629246309399,0.0006907654206135,0.9553485350794052,0.07059404829517,-0.1037894195728003,0.0791854250244796,0.1514358202926814,-0.1259017242714762,0.3207556299883872,0.0,0.0
1109,5.280349541828037,6.80079138353467,0.2579381979200989,0.9859371692687272,1.1188129659108816,1.5149792798161503,0.1102635158039629,0.0007544967915551,0.6595161539619783,-0.3,-0.2120104996450245,-0.0738818624988198,-0.1969008800759911,-0.1335625704787671,0.1442735108900815,0.0,0.0
1110,16.474208441600204,5.619674431905151,0.195257898036763,0.7375103218257427,0.9502481055893004,2.4627568400502207,0.1543999890238046,0.0011223545008253,1.1695241932034823,0.1148556201942264,-0.2023332122862339,0.2019701997004449,0.4187549438141286,0.1313850760143249,-0.0277820026874542,0.0,0.0
1111,13.39263503149152,5.616738991066813,0.2283032888486981,1.0154780126959086,1.0402313474994151,2.6722489307522777,0.1547479912638664,0.0011899605445492,0.8477513676424282,-0.2699336114712058,0.1957367529049516,-0.2646746099367738,-0.3015697569772601,0.35,0.0914556681551039,0.0,0.0
1112,14.740693300552667,11.231920021399857,0.2689840023998171,0.7653744883984328,1.1321576073020696,2.390885734200477,0.3393138160929084,0.0023313563037155,0.4120682863459147,-0.2918198411799966,0.2081517726704478,-0.2275000251457095,-0.3350602391734719,0.2974763371013104,0.0186318656764924,0.0,0.0
1113,16.65730256292969,5.053248937427997,0.2011080108806491,0.7287047701776028,0.942731910187751,2.4531073570847512,0.1239243603311479,0.0009142427010603,1.2546421852310583,0.0505295317433774,-0.2576990588083863,0.4591475004144013,-0.1059604567475616,-0.1616753849610686,-0.1001761887483298,0.0,0.0
1114,16.191859291531145,11.799181021749972,0.2626615459412336,0.7515326292365789,1.1042264741510153,2.322070112466812,0.3582112545520067,0.0035506198694014,0.5289286576052015,-0.0585005001537501,-0.2317305626235902,0.2610870162025094,0.1810193218663335,0.0624784462805837,0.35,0.0,0.0
1115,6.515684723556042,3.623199228569865,0.2231049946427345,0.8153462924510241,0.9754418544080108,2.258605517745018,0.2323383824154734,0.0094149869595707,0.9877330676037536,-0.2823817993886768,-0.2018565400801599,0.0625510919652879,-0.0961915643699467,-0.291719858566299,0.0259698345866054,0.0,0.0
1116,6.830395007096231,4.392542719841003,0.2264506365071982,0.8219250737726689,0.9663284270241856,2.218772119283676,0.271364316213876,0.011737064167155,1.005930874233491,-0.0892017400860786,0.0283436078354716,-0.4213441871665418,-0.3853417718224227,-0.2897048930115997,-0.0789263256285339,0.0,0.0
1117,8.903549635186792,11.312896246090531,0.1705309232000262,0.8223528354763985,1.05685135781765,1.8083819482326504,0.3668261272087693,0.001483627689676,0.2803163140203524,-0.1713805917352437,-0.2005685449764132,0.2059182466566562,0.3655008009448647,0.2945765814334154,0.0293610759172588,0.0,0.0
1118,8.437366373315452,12.0,0.1728857617918402,0.8510452673435212,1.061047849489376,1.817072295963764,0.3948931046016514,0.0014470359460426,0.277916563457664,0.2403132166340947,-0.1689414327330887,-0.1064283536933362,0.4302551941387355,-0.0270832686256617,-0.0740256094150245,0.0,0.0
1119,5.920614412948489,4.671699367836117,0.288558971376717,0.6568718624562025,0.7649952936228365,2.1345212918519976,0.0523561821505427,0.0005868575540445,0.9726446703319762,0.0444224134460091,0.0464177201651036,0.0630672613531351,-0.0265563965588808,-0.0142599202226847,-0.0211785203106701,0.0,0.0
1120,15.89099733196199,5.68124655932188,0.191719633039087,0.7050984418839217,0.9250505342558026,2.588370000064373,0.1355638081952929,0.0009076761227336,1.0428998426148797,-0.0294254474714398,-0.1566754043586552,-0.4987397406063973,-0.1006721617467701,0.0355123259574174,-0.176816105980426,0.0,0.0
1121,7.0528356073796745,4.175251982361078,0.3,0.6743450751751662,0.77190274021402,2.032129795193672,0.0589446477219462,0.0005,0.832766958126766,-0.0395463093593716,-0.2600742358826101,0.4136520922556519,0.0863171258196234,0.0252739413306117,0.35,0.0,0.0
1122,7.442765626758337,4.884883852675557,0.2879612404506653,0.6524945386499167,0.7641663803961127,1.96995685595274,0.0832801667787134,0.0005024338659954,0.9533014175431054,-0.0311263795047998,-0.1260487595424056,0.4184015400521457,0.3854113006778061,-0.3355598063860089,0.0488900904860347,0.0,0.0
1123,16.28148399196565,5.206135746464133,0.1972738145135343,0.7246627238839864,0.9342468998339026,2.580431174397469,0.103664208035916,0.0010966973880919,0.9792970769294196,-0.1768262308761477,-0.1489995016157627,0.1883076776564121,0.3596560234203935,0.3371285394076258,-0.0532589729968458,0.0,0.0
1124,7.567389047034085,11.959570625796914,0.1767425489615649,0.8459115463346243,1.0661677668504417,1.941396101117134,0.4151816154457629,0.0014730191443438,0.3536124980018713,-0.162071228351444,-0.3,-0.3309269609302282,0.3982034847512841,0.1070358787998557,-0.070686175910756,0.0,0.0
1125,11.09649002701044,3.413568902760744,0.2340121334530412,0.7529737388789655,1.019222470438108,1.650070074856281,0.1915233031287789,0.005746431738191,1.1394163853689692,-0.2448332708068192,-0.0182588292695582,0.255721921082586,-0.4267773378454149,0.0936379113383591,0.2589782060030847,0.0,0.0
1126,8.162466745115816,12.0,0.1752647376574576,0.8590960540026427,1.0938882908038794,1.8054668040275572,0.403848263900727,0.0018714667683873,0.2957689028653469,0.2671874997653066,-0.2030576623007655,0.4466475075110793,-0.4055866729840636,-0.1389289585445076,0.2927953806817531,0.0,0.0
1127,15.576288161091506,4.800553771480918,0.189458608193323,0.7101768814027309,0.9224301511142402,2.554718057692051,0.1286508685909211,0.0007587319600317,1.1823427798971438,-0.1615846870355308,0.1308523780256509,0.044249811861664,-0.0071739787794649,-0.1505921861808747,-0.2194566106945276,0.0,0.0
1128,11.991565964892509,10.420055421814322,0.253976590616256,0.8626318030357362,0.8146499706991017,2.8841711575984954,0.3771281260065734,0.0031908352308802,0.478986614551791,0.269287772309035,-0.153046307824552,-0.092248021569103,0.3260161454416811,-0.0530300887450575,-0.0764826911389828,0.0,0.0
1129,10.519003061540424,3.4991934008896357,0.227482491319254,0.7660755107700825,0.9989052005857229,1.6004062156677246,0.1939156727492809,0.0059353502388616,1.1036175311198115,-0.2047538191191852,0.1512105193510651,-0.0850544001162052,0.4687335047125816,0.0838352391570806,-0.2545700236968696,0.0,0.0
1130,16.349705153554677,11.51383808925748,0.2754547347221524,0.7581433167308569,1.1185648103803396,2.3351672405600548,0.3388214676827192,0.0030725337790104,0.4778644558423898,-0.2017906724475324,-0.1421159723438322,0.0484352636151015,-0.0676668407954275,-0.35,0.051720362285152,0.0,0.0
1131,14.12350827880204,5.5659726489335295,0.2219224030695855,1.05,1.0612800170257688,2.7343068727850914,0.1670586246624588,0.0010303999317692,0.9554156732778656,-0.3,-0.0078392712213099,0.0404890447109937,0.3266766853630543,0.2797272926177829,-0.1539362550210207,0.0,0.0
1132,6.539835873655974,5.228394241631031,0.289112861283496,0.6763912879079581,0.7567247855253517,2.05922613978386,0.0695845147408545,0.0005337389197196,0.7448144253305187,-0.1314115640670061,0.1454088375493884,0.433944441229105,-0.2970656173676252,-0.1171471792273223,-0.0034921368230134,0.0,0.0
1133,7.616600280664861,4.3922635234892375,0.2938110680684447,0.6500000000000001,0.7515874790009112,1.9857942036986351,0.0528045953065156,0.0005,0.8175874003830388,0.2826976469680666,-0.182558492347598,-0.0457715808413922,0.4168950483389199,-0.0278612708933651,-0.1407593767475337,0.0,0.0
1134,6.869867969416082,4.82050867266953,0.2905601392433047,0.6655490650385618,0.75,2.0192928136587143,0.0884837203286588,0.0005194849693961,0.980200517881087,0.2048757450655103,0.229139990542084,-0.1686821588501334,-0.3247834432125092,0.1644070983696728,0.3097648053392767,0.0,0.0
1135,7.234143922142684,11.633314491808417,0.1786774363074452,0.8297232245206833,1.097258361339569,1.95703607994318,0.3672708145529031,0.0021804807984702,0.2784642110684492,-0.0011515677943825,-0.2518349699936807,0.0805284778960049,-0.4211838622950017,-0.1137080516908317,-0.196350767686963,0.0,0.0
1136,15.659183351621031,5.38744124956429,0.188226611771062,0.7416980682611466,0.9361727575734258,2.46809475839138,0.1200089093856513,0.0008672158705631,0.9272315832058624,-0.2287434308901429,-0.2607266001775861,-0.3402659507095814,0.3367171257734299,0.1014445391986519,-0.0792131025865674,0.0,0.0
1137,14.859210147410632,5.848536582663655,0.2270161281399428,1.0194833660572766,1.0564194054398686,2.6683992936611176,0.1808261161483824,0.0015523094483502,0.9844239212598592,-0.1874240685179829,0.142709419414401,-0.1201366659067571,0.4369364101998508,0.1066494354512542,-0.2288007090352475,0.0,0.0
1138,7.639510704129934,5.181557069718838,0.2922378713399171,0.6681849882006645,0.7734037424828857,2.138419506430626,0.05,0.0005390709850189,0.8887063572481785,0.0257756224125623,-0.150033166732639,0.1234350011125206,0.1199902423471212,-0.1210061914809048,0.35,0.0,0.0
1139,14.31205475986004,5.73127543926239,0.2294386455025523,1.0334325225204228,1.0282639194522052,2.6355847483873367,0.1917475317977368,0.0009429795290773,0.8838477115722515,-0.3,-0.2076280100382864,-0.0436015149392187,-0.1366326542012393,-0.1266362235173583,0.1389964785259217,0.0,0.0
1140,7.621688347943127,12.0,0.1732190516501665,0.8332894993722438,1.0502788665108382,1.7753709048628807,0.3708573905751109,0.0018474659992242,0.3125590500474414,-0.238802116099745,-0.268473255649209,-0.0210127693600952,-0.2750114674307405,-0.1077862547989934,0.1159568918328732,0.0,0.0
1141,17.297148488424718,4.763387035951018,0.190963458603993,0.7261996474415064,0.966457021543756,2.5604404274225234,0.1551909630745649,0.0007261908249315,1.0262164975403507,-0.1636060573719441,-0.1681536718010902,-0.2734577644243836,0.2346734286472201,0.1651226714793592,0.3173940979856998,0.0,0.0
1142,10.540934212505816,3.8340073004364967,0.2415396927896886,0.7355548681169749,1.017351613909006,1.7537801933884618,0.2088183218613266,0.0045802792827371,1.1713891907116332,-0.268583625074476,-0.1099160678274929,-0.4579275002144277,-0.0082902577705681,-0.2318786171972751,-0.2355530489683151,0.0,0.0
1143,15.346141928248109,5.105647519975901,0.1934165084391832,0.7362962644845248,0.9383186330292372,2.5317435972690583,0.1442641684785485,0.0010329541979203,1.317497317719804,-0.2551936899907887,-0.0052527543716132,0.0499628745019435,0.369481681510806,0.2371231848560273,-0.2161075547784566,0.0,0.0
1144,15.519841741025449,5.81066992469132,0.2031663788583129,0.7274789454489946,0.9546878144089131,2.4920941185951238,0.1137885650433599,0.0009913144646386,1.1683259117542206,-0.2133156431280076,-0.0765072757489979,0.1601312753185629,-0.2947025360539556,0.0589528463538735,0.2953834732845425,0.0,0.0
1145,16.72085946902633,4.846805113181472,0.1926143263153732,0.7123950706273318,0.9327744457907974,2.610526338994503,0.1565837838128209,0.00075084159513,1.0578535761967367,-0.2804095289222896,-0.2250135542415082,0.0132867938093841,-0.2834937378577888,-0.1614314856845885,0.1314095238186419,0.0,0.0
1146,17.114681624025106,5.252784509956837,0.1968136024229228,0.7413691419512034,0.9265229878965764,2.546277398943901,0.1247153013013303,0.0007820811377318,0.9764828866894224,-0.1987149281166494,0.1912621043622493,-0.1155293437838554,0.4481634908914566,0.1241717573776841,-0.2564682930726558,0.0,0.0
1147,9.906412842608988,3.3846736170351504,0.2293367877032607,0.7342783567458392,1.0291216385811566,1.6421213516592976,0.2199873319454491,0.0056646771936633,1.5294760359657902,-0.2870883327014744,-0.2277064653486013,0.0033893488906323,-0.0847684381715953,-0.35,0.1005188108701259,0.0,0.0
1148,16.22183340165764,5.470712949708104,0.1953511721022427,0.7077372489571572,0.9698847129698842,2.5170558130145078,0.118640950936824,0.0008396061928353,0.9449168380552524,0.1050357671678066,-0.08892673593387,0.2531174074299633,-0.2783390309847891,0.0957805119175464,-0.2225152638237923,0.0,0.0
1149,11.436194946989415,3.5791736539453267,0.239574573103711,0.7784589616060258,0.9881066708453,1.7448517266511916,0.2138686891458928,0.0060688982205583,1.490281484852566,-0.2137141305953264,-0.3,-0.2160975368320942,0.3281486149504781,0.15607455063425,-0.0636511328648776,0.0,0.0
1150,16.982829144783317,5.653598876297474,0.1890288016241044,0.717798343539238,0.941702788984403,2.5693597381711006,0.1077195931784808,0.0009158102461864,1.18421197789312,0.0576871637776493,-0.2072095151469111,-0.2058406263031065,0.3091337126679718,-0.0033720186203718,0.0160790613219142,0.0,0.0
1151,15.761216546036302,4.666305778175593,0.1979765482373535,0.7325269722938538,0.9434127146825194,2.459746070981025,0.1504707488417625,0.0006950744016674,1.080871761907297,-0.102582919254899,-0.1267953570932149,0.0905545463413,-0.2403717212751507,0.34560595010221,-0.0684975097328424,0.0,0.0
1152,5.852463879697025,4.7847277987748384,0.2929679401766508,0.65867180852592,0.75,2.148711487174034,0.0618903099559247,0.0005,0.724532380082297,-0.2227644554749131,-0.1019166012592613,-0.5,-0.0567588743753731,-0.288919540554285,-0.3250523329824208,0.0,0.0
1153,7.05626384254545,4.420867636427284,0.2976645811237394,0.6677586116045714,0.7610497184637934,2.018279025375844,0.0746858113631606,0.0005855495842214,0.9610645625288116,-0.0426934727802872,0.2690990779213607,0.3325118673592805,0.0162493064254522,0.2947702565155923,-0.2372870730571449,0.0,0.0
1154,8.962376357279718,12.0,0.17,0.8248646956086159,1.0929334155265242,1.7940718173980712,0.3761147875152528,0.0019632651594834,0.3133083784308238,-0.3,-0.0149810058698058,0.1831337784416973,0.3022697562910616,0.2412626699972897,-0.1772153020929545,0.0,0.0
1155,6.318649315945804,4.388128549605608,0.2952423296641558,0.678659064874053,0.75,2.0604744071364403,0.0938121110945939,0.0005,0.7483770301850204,0.2147358950078487,0.0005424043983221,0.27511981818825,-0.1786928296089172,0.2265828311052173,0.1016706828195601,0.0,0.0
1156,15.902668935656546,5.5836118120700124,0.2030943228431046,0.7367253542244434,0.9259679024945944,2.6024779230952264,0.1069237308576702,0.0010834702157644,1.220020462050964,0.0132845810316502,-0.1420048578344285,0.0371974758431315,0.1616087868064642,-0.0638807635195553,0.2856264383476227,0.0,0.0
1157,5.181460652202368,6.427136879041791,0.2524858795914799,0.9751683750897646,1.117245050104335,1.5360092433094978,0.1305796719528734,0.0007017570207609,0.576199679285559,-0.2867538016922772,-0.1962780293561518,0.0635416154377162,-0.1836950208060443,-0.1956029905900359,0.1794039046298713,0.0,0.0
1158,16.731576075106858,5.541351182758808,0.1967418699603528,0.7257703355252743,0.9518160278331488,2.441800118744373,0.1184986535459756,0.0007154428552653,0.9281681530430792,0.1722970288060605,-0.2118145710378885,0.2444506021216511,0.4309500820189714,0.1933909488040953,0.071209598544985,0.0,0.0
1159,13.491802283897997,5.983710128068924,0.2179756427541375,1.0279108815342188,1.038468761254102,2.6932920377850533,0.174833627641201,0.0012795110141802,0.9863648793216424,-0.3,0.2403078975901008,-0.402969483602792,-0.2917923193983733,0.3016019007060677,-0.0075352125689387,0.0,0.0
1160,14.483398805968465,11.765022698789837,0.2703565655175596,0.7538410464972258,1.1339449064489453,2.369915646195412,0.3003359511122107,0.003660508138874,0.5192671990885613,-0.2412331831566989,0.2449779929593205,-0.3599879913963377,-0.348310123886913,0.35,0.0533919767737388,0.0,0.0
1161,16.558066537342967,4.83164600096643,0.1908917735919356,0.7409516024291516,0.9411920094173402,2.474137463629246,0.1489596379362046,0.0008494643034495,1.0782304535526654,-0.0068854030631482,-0.2748207470700144,0.5,-0.116089558750391,-0.2236810174249112,-0.1349375019446015,0.0,0.0
1162,16.448875440321864,11.272908196225764,0.2767090202599764,0.7647770222276449,1.1057663813587275,2.301113248109817,0.3194640237838029,0.0022610113443669,0.4141451621881562,-0.1091663651503622,-0.220065667938441,0.3930564366839826,0.1711978588439524,0.1245186260659247,0.279851491941139,0.0,0.0
1163,6.614642403349281,3.842220360040665,0.2177640851199627,0.8043885319977999,0.9736545488238334,2.279648847937584,0.2571356872841716,0.0101339072943577,1.1306576694010817,-0.2250458591245114,-0.2442441488318145,0.0151186769083142,-0.1083428380638361,-0.35,0.12483772851713,0.0,0.0
1164,6.873689448274672,4.16150979809463,0.2122232670377939,0.8094336233437062,0.9647322804313152,2.2458006064891816,0.2467053346522152,0.0083661270375874,0.8746899431103108,-0.1465367537811398,0.06693436653167,-0.4689496368914843,-0.39863494168967,-0.35,0.0187110995519906,0.0,0.0
1165,9.07373342230916,11.83653213828802,0.1759146194282919,0.8340342387557029,1.0586747154090554,1.7814106299877166,0.4056528586521745,0.0017948696449387,0.3575422503858289,-0.1207173012569546,-0.2160303396061063,0.3377146324701607,0.3554149733670055,0.35,-0.0682770697716623,0.0,0.0
1166,8.393793637305498,12.0,0.171333183575049,0.8618726674318313,1.059224498335272,1.8441109970211984,0.3700105841644108,0.0020298936729687,0.3220054816242426,0.2977274308651685,-0.1589916444160044,-0.0583264166861772,0.4205648525804281,-0.0891547884140163,-0.1095252038612961,0.0,0.0
1167,5.750152330994606,4.15471018627286,0.2988181134596466,0.6500000000000001,0.7665914337784052,2.107560187458992,0.0914284394308924,0.0005,0.7705556262601759,-0.006161876052618,0.0024196498207747,-0.0695937395654618,-0.0388388024456799,0.047792605837807,0.0143198720365762,0.0,0.0
1168,15.71605073455721,5.62843581289053,0.191496000225842,0.7243302631378175,0.9200207292605193,2.4580408628582955,0.1398918266408145,0.0010423481152928,1.0699330943953107,0.0191178299635648,-0.1664103532657027,-0.5,-0.0770547677204012,0.0185396202746778,-0.1342748353518545,0.0,0.0
1169,6.859431790076196,4.12713327780366,0.2942345308993011,0.6521591503620148,0.776945612931624,2.090565917491913,0.0593032115139067,0.0005,0.8596632978817358,-0.1015360163748264,-0.2698608936220407,0.4033207852207124,0.0621668023429811,0.0378323335666209,0.35,0.0,0.0
1170,7.609501770697534,4.897552194073796,0.2906319013152271,0.6746776567101479,0.7591239067912102,2.1066141181588174,0.0948756846413016,0.0005,0.93204733158765,-0.0796168364658952,-0.1087235641367733,0.4077187613770365,0.3170078969746828,-0.3166181962750852,0.0712823771294206,0.0,0.0
1171,16.465564074553548,5.223496129736304,0.2018928026095033,0.7054339495301247,0.9392762799672782,2.515854427099228,0.1117589354142546,0.0009520884113098,0.9628790029966556,-0.1147838771939277,-0.1316221821717917,0.177531413603574,0.4289327476732433,0.3226012436822057,-0.0697642338369041,0.0,0.0
1172,7.65837205953896,11.939425894990563,0.1764884405408054,0.826327943533659,1.0645003962423654,1.8140185732841487,0.4146026795729994,0.0013011296036333,0.3606484384797222,-0.2241128421463072,-0.3,-0.341348910536617,0.3768656572513282,0.0841415380332619,-0.1028799133133143,0.0,0.0
1173,11.204643027968704,3.3887412138283253,0.2279058910667896,0.775603249385953,1.0208769535683095,1.705551555097103,0.187413822133094,0.0050802912784539,1.1552424203262648,-0.1963452016822993,-0.0279935766085982,0.2453934461250901,-0.4059724478423595,0.1042121760006993,0.2971820160839706,0.0,0.0
1174,8.06299496732652,12.0,0.1779658594846725,0.8364696073830128,1.0922333828117698,1.9390787068605424,0.396005490720272,0.0021189143503266,0.2874231852987042,0.3,-0.1856805564947426,0.435967389922589,-0.3391224527545273,-0.1180032217986881,0.2640161321014165,0.0,0.0
1175,15.458533113598824,4.860248139128089,0.1941080721292644,0.7297576829940081,0.924097920835018,2.4931897024512293,0.1168088861182332,0.0008580778478529,1.142003146496423,-0.2101254092641174,0.1481777870692312,0.0334763798862695,-0.0727648865059018,-0.1591978477612138,-0.1926038166284561,0.0,0.0
1176,12.097072744257748,10.397420993074777,0.254725815410912,0.887813500508666,0.8263766164574773,2.8498409224748613,0.364362319111824,0.002815575760249,0.5200016458439732,0.3,-0.1433747997321188,-0.081922221109271,0.3502494336664676,-0.0404869234096258,-0.037901509270072,0.0,0.0
1177,10.641851571202276,3.4718760855495927,0.2340838519390672,0.7378453186899424,0.9871654613558204,1.754840506196022,0.1851198929361999,0.0052527463332284,1.191380266241303,-0.2676391897536814,0.1608299050144851,-0.0746462501399219,0.4450219638086855,0.0668469986561686,-0.2873410840593278,0.0,0.0
1178,16.253800420723856,11.57543160393834,0.273248729268834,0.7863766470849514,1.1303049487229435,2.375825600683689,0.3337882767058909,0.0034823889530599,0.449441779888281,-0.2511751386411488,-0.159384321950376,0.0591950562223792,-0.1370377548411488,-0.35,0.0780275564137846,0.0,0.0
1179,14.009148534424604,5.622883277013898,0.2177680573672056,1.0305694875121116,1.0495529464054851,2.5737319572567943,0.1655265677161514,0.001164111065978,0.8930385234501721,-0.2587807095609605,-0.0250559071674943,0.0511663275398314,0.395163096729666,0.2986841296292841,-0.1822468079607933,0.0,0.0
1180,6.376905960440635,5.172800828516484,0.2898316102381795,0.6507634208798408,0.7650898208711296,2.027850442290306,0.0786012352630496,0.0006135542877186,0.7943210268981177,-0.1942450271174311,0.155028435241431,0.4442674096114933,-0.3179646515659988,-0.1065573872569948,-0.047491166325286,0.0,0.0
1181,7.435389306098223,4.341362223774195,0.3,0.665869975745678,0.75,2.137276783287525,0.0653512889705598,0.0005,0.8772584510997548,0.3,-0.1728871962837875,-0.0353660919517278,0.4383158432692289,-0.0507403772491961,-0.0986406591814011,0.0,0.0
1182,7.042121617347002,4.830686171725392,0.2883845945201814,0.6500000000000001,0.75,2.056902886152268,0.0897641628235578,0.0005,0.9054602887003528,0.2677618692666292,0.2119235513359308,-0.1579251983202994,-0.2591095251403749,0.155786202378571,0.2928052684143185,0.0,0.0
1183,7.423565350174904,11.648184104263782,0.1745535662125796,0.8553542471677065,1.0888937251064927,1.79950662535429,0.3725501232407987,0.0018948969246751,0.2587555355997117,-0.0504857679158448,-0.2691035163402557,0.0912030996382236,-0.4877422696352005,-0.0927978422529995,-0.1734580623805522,0.0,0.0
1184,15.847177201062442,5.754412028938532,0.2023387424547225,0.7309585731029511,0.9343557953406124,2.447149584174156,0.1599209841899573,0.0009178839536229,1.1701948782273868,-0.1848038243204355,-0.2454166220650077,-0.2022512817196547,0.3246104790084064,0.1654808736499398,-0.0523277506940067,0.0,0.0
1185,14.884690194502472,5.770212832838297,0.2217321982853114,1.032530001565814,1.0580351118743418,2.6894542911052706,0.1567242472805082,0.0009723120483692,0.8497938096174509,-0.251482662320137,0.1040727233290672,-0.1627103988081217,0.4274218720197678,0.0426244042981416,-0.2556867814362049,0.0,0.0
1186,7.451238576844335,4.807902922853828,0.2936752702802419,0.6806354315876961,0.7717880296111107,2.1174846261739733,0.0777034337446093,0.0005092635586076,0.6968824580364706,-0.0180322471931576,-0.1058836918585002,-0.0140819782949984,0.1100801752321422,-0.0570772301480174,0.2645982038844376,0.0,0.0
1187,14.286296434924006,5.812327478453517,0.2192796863581985,1.0216749616712333,1.0300808881223202,2.656650039792061,0.1678908454440534,0.0015057246897551,1.0162749134772773,-0.2415150978639721,-0.2175314489789307,-0.0018935994431376,-0.1497500220313668,-0.1905841776393354,0.229989131661132,0.0,0.0
1188,7.504637911282479,12.0,0.1717311307281256,0.8200978550612926,1.051851941814646,1.802421376168728,0.394575696401298,0.0015018492569059,0.2729969360505228,-0.3,-0.2513979151546955,0.0208681808039545,-0.2869869377464056,-0.1717914294917136,0.2057190762180835,0.0,0.0
1189,17.05766403917223,5.139677686989307,0.2012795812848955,0.7371749946027994,0.964716061413288,2.5334910703897475,0.1154225259274244,0.0010019158327062,1.3108900391628415,-0.1197958184368908,-0.2051312982290983,-0.410801709163934,0.2250277247466147,0.2291165578942745,0.2276307115014642,0.0,0.0
1190,10.657706286385656,3.905592840537429,0.2273771582130342,0.7470824592262507,1.0190925676021725,1.7808438082337377,0.2327673763409256,0.0056334133004699,1.363302630077324,-0.204524103898555,-0.0674825232960283,-0.5,-0.0182435577362775,-0.2958379572294652,-0.2631774026192724,0.0,0.0
1191,15.585348014719784,4.722563673928381,0.1988574818819761,0.7239849934130907,0.9367455641627312,2.504807383775711,0.1042576441541314,0.0007487609059906,1.0453104035932568,-0.2991358718834818,-0.0167658309303224,0.1881505781598389,0.3564075572602451,0.3011015026569366,-0.1884839216358959,0.0,0.0
1192,15.40314224548638,5.29368110075593,0.1891076210226863,0.739177924707532,0.9562361705750226,2.519144732952118,0.1347185965813696,0.0008066918494091,1.0039559753162597,-0.1693999350406229,-0.092391152177006,0.2925230364315211,-0.2851008575968444,-0.0050257117729634,0.2050061146058142,0.0,0.0
1193,16.48158513598144,5.07514690309763,0.1979515230171382,0.6998860442191362,0.9310054704230278,2.583576758801937,0.1214695085957646,0.001034863497553,1.3331786328430049,-0.3,-0.1868444637469947,-0.0349194385483861,-0.2714744030311704,-0.0974723859783262,0.2217880845963955,0.0,0.0
1194,17.23165946535766,5.776420044526458,0.1954294582419097,0.7283811123520136,0.9282919568270444,2.573341236948967,0.1458835344575345,0.0009609153485951,1.1178854483195977,-0.2425516400523483,0.1468427778035402,-0.2474301959387957,0.4611935896985233,0.0601781112886965,-0.2279826713781803,0.0,0.0
1195,10.14596552144736,3.1536401946097614,0.2395491336431354,0.7450764563828707,1.0275732888523488,1.6151849951148032,0.1846421936340629,0.0041103897097593,1.1974493785519034,-0.2229233423732221,-0.2181791708171367,0.0507257298007607,-0.0747712736949324,-0.3042629051469265,0.0720339096840471,0.0,0.0
1196,16.410176459513604,5.689734724909068,0.1968923626609146,0.7200133773684502,0.968039735700935,2.496110861957073,0.1538459348864853,0.0008877485394318,1.2048990550380498,0.0408717034086584,-0.1064696820192039,0.3006323161721229,-0.2687806390225887,0.1597287063654512,-0.2497696962598711,0.0,0.0
1197,11.461886707097293,3.052901615202426,0.2293118223410099,0.7668962235450745,0.9896976579409092,1.765906581044197,0.1926191242597997,0.0038052488794047,1.2962126646172374,-0.1698799931779503,-0.2888763671256601,-0.3478198611550033,0.3402112255431712,0.0921458296272903,-0.0363959799204022,0.0,0.0
1198,16.794764381758867,5.431995296105742,0.203244723926112,0.706858166217804,0.940111795451492,2.548425000965595,0.1426792801730334,0.0008660607742668,0.9384285946659426,0.1217722249478101,-0.2500192040875554,-0.2538683308288455,0.3222949342802167,0.060652772206813,0.1071959033496677,0.0,0.0
1199,15.735803080759943,5.199407668784261,0.192588826764375,0.7457537821531296,0.9452576983887702,2.48081113922596,0.1294444939494133,0.0011087375475809,1.2519907629581604,-0.1464962588176131,-0.1155521322190761,0.2231248352862894,-0.2305056903325021,0.2815693753249944,-0.1596131496615707,0.0,0.0
1200,5.734287780150772,4.92123945914209,0.2957752869792282,0.653185756251216,0.75,2.1355820870995523,0.0508061978779733,0.0005201948139313,0.9685103844490284,-0.238046140037477,-0.081396933440119,-0.4332265346497297,0.0408218611776828,-0.2490194039940833,-0.2091842368207871,0.0,0.0
1201,6.938009601309895,4.708573724702001,0.2870653440874069,0.6620997091978789,0.7737112663630397,2.0051965571641923,0.0942605249211192,0.000687430828119,0.7259408393122232,-0.0273846107348799,0.2355656066201626,0.2491907322593033,-0.1157845366932451,0.2391239576600492,-0.3176638348028063,0.0,0.0
1202,9.12466681666672,12.0,0.1767713205929846,0.8185147545933723,1.0802727044764906,1.8071806291937824,0.3881807990930974,0.001687827128445,0.2857247030765758,-0.3,0.0188998809680342,0.0948894738405942,0.396334524191916,0.186593660281971,-0.2311518873292952,0.0,0.0
1203,6.481017917022109,4.141459865868091,0.2924429420240223,0.6721538461297751,0.75,2.0736301980018617,0.0751304980367422,0.0005,0.8273570855282735,0.1996705939024686,-0.0195235696434974,0.3802347869984805,-0.305804455075413,0.26549031268619,0.1202235996555536,0.0,0.0
1204,16.069632221348584,5.823259487375617,0.1903016026686877,0.7425625441372394,0.938619562698528,2.590142330646515,0.1180100173130631,0.0009391483925696,1.1023129770848228,0.001574698459357,-0.1215004335455596,0.1423165605030953,0.2141452494822442,-0.0712882413454353,0.3346334642563014,0.0,0.0
1205,5.348345252610743,6.517961243912578,0.2574867095321417,0.980475292995572,1.1028967103082683,1.5236270165443415,0.1110064461268484,0.0006278783400913,0.628780389078793,-0.2750711223520339,-0.2297204514630138,-0.0246985625848174,-0.2706846044585109,-0.1724339846298098,0.1578901634458452,0.0,0.0
1206,16.609005376137794,5.265374202281237,0.1917484635986387,0.7324721523225308,0.9661652044784276,2.454202831149101,0.1064313831180334,0.0007922675818349,1.2264888197558843,0.1842113351337611,-0.1778690021932125,0.161130833607167,0.4799712623469531,0.217537251414731,-0.0417130691483616,0.0,0.0
1207,13.36931027021259,5.858909434825182,0.230776203014329,1.0340648424774408,1.0258179378993808,2.7056481602191926,0.1935128374397754,0.0014655631242326,0.7348820265635734,-0.3,0.2202003128305077,-0.2915235577151179,-0.3738603707030415,0.2932017603907734,0.0777557426653802,0.0,0.0
1208,14.637069752886893,11.552317719161511,0.267556903809309,0.760334899827838,1.1465958714243023,2.3567834988236425,0.3180630151554942,0.0031696588741031,0.4752906954687895,-0.256550491746515,0.2106786823198199,-0.2879168495908379,-0.4075265898928046,0.35,0.0010775920189917,0.0,0.0
1209,16.711798774525523,4.770135520771146,0.2014985636282712,0.7472901808917523,0.9268429743926972,2.461051883339882,0.135969511475414,0.0007608163676754,1.1965367928998183,0.008404726434499,-0.2551731984391808,0.4072279194928705,-0.0449199610389769,-0.2478273162804544,-0.1179914037920534,0.0,0.0
1210,16.32206297688186,11.44457813166082,0.266110041019693,0.7704472642987967,1.1201146052833646,2.3142193140387533,0.2989386539906263,0.002506373385713,0.5549126902060681,-0.0941062146909535,-0.2410038641653955,0.2991914718970656,0.1070598604902625,0.101349616350606,0.35,0.0,0.0
1211,6.48776864964515,3.865085250884295,0.2205711411174386,0.8098859267979861,0.9610027727484702,2.292801525294781,0.2672991194948554,0.0115955525612811,0.8558456453813907,-0.2401315664760768,-0.2111292043291032,0.0921129748038947,-0.0336579580046236,-0.346333578063175,0.0438385221492499,0.0,0.0
1212,6.742499797418714,4.145686541870236,0.225023538352549,0.8032917344868183,0.9503931331019848,2.233468127548695,0.2289758673496544,0.0095054442692687,1.160311738035797,-0.1582278780564665,0.0325703738853335,-0.3919594521634281,-0.5,-0.35,-0.0928652627635747,0.0,0.0
1213,8.942604518122971,11.671885643154384,0.1709214764416218,0.8273444969058037,1.071335568079725,1.7690311490893365,0.4186417262628674,0.0021050002512711,0.2673365482587835,-0.1089989721402526,-0.1963411802574992,0.2438455437868833,0.4716281988844275,0.35,0.015682960005477,0.0,0.0
1214,8.55212003249675,12.0,0.1763342564344406,0.8565536516904831,1.0465628345645963,1.8565168215036392,0.3905374416895211,0.0017433167673687,0.291578763259918,0.3,-0.1799145971126854,-0.1585223385505378,0.3113825491629541,-0.0335084858033806,-0.0601562466360628,0.0,0.0
1215,5.908417979516089,4.35568820387125,0.2860251173574477,0.6500000000000001,0.7809297700077296,2.1199190571904185,0.08126718159765,0.0005,0.8427841926363191,-0.0180710317343473,0.0354435451291501,0.0024760222434997,0.0808903907239437,0.0078924655225127,-0.0075404186658561,0.0,0.0
1216,15.807394961267711,5.556618263944984,0.19861610067375,0.747024880424142,0.953298927353695,2.579560554385185,0.1333967931941151,0.000683776345621,1.2727805071641474,0.041485212162137,-0.2226394354216754,-0.5,-0.1444754450768232,0.0455425896476953,-0.1058185592368245,0.0,0.0
1217,7.096085448339582,4.19946524091065,0.2856520327329635,0.6500000000000001,0.75,1.9693260111212727,0.0527931861951947,0.0005300078510406,0.6993386081984219,-0.103650925040245,-0.2214118310250341,0.3528416947089136,0.129439170975238,0.0344428280796855,0.3250465338155627,0.0,0.0
1218,7.490464243963361,4.975733784586192,0.2987271189510821,0.670357991412282,0.75,2.032766133189201,0.0883770963735878,0.0006837088324705,0.775321626864246,-0.1019678453877568,-0.0605052645206451,0.4932716936990619,0.2495879042521119,-0.3288594914749265,-0.022079683592543,0.0,0.0
1219,16.20233039751649,5.145827804505825,0.1942849529374391,0.718742216065526,0.9608422454707324,2.5892351269125937,0.1052451263926923,0.0008534439600843,1.1748645143255825,-0.1126787500083446,-0.1880820305272936,0.2483908347971737,0.4962044316716492,0.3427213836275041,0.0177540611568838,0.0,0.0
1220,7.468195243440569,12.0,0.17,0.8280079128295184,1.0944045728053895,1.8842174600958823,0.4212179905362427,0.002020444881982,0.2899600433305639,-0.1992269316650927,-0.2798330158554017,-0.3158410572074354,0.2644895924068987,0.0953983530905097,-0.0151789781246334,0.0,0.0
1221,11.1553225184232,3.315843360498548,0.2349233965907245,0.758911149084568,0.993503822620958,1.6348853831291197,0.1940434380993247,0.0045073970214619,1.357824608276649,-0.2009769938997924,-0.0876124919168651,0.2855948213115334,-0.2937446836754679,0.0850765161979943,0.2035142682921141,0.0,0.0
1222,8.22575671028346,12.0,0.1704610808108002,0.8171645916849375,1.0664506773557514,1.8206452701687807,0.4026172611676156,0.0014217644835955,0.3633910893400865,0.3,-0.2455038675963878,0.4308398565463722,-0.4514992022328079,-0.1459906713142991,0.2372854041270911,0.0,0.0
1223,15.481551831252872,4.937349425256253,0.2021002187669277,0.7400747383236885,0.9490370838940144,2.61190292429924,0.1234347326867282,0.0009435944322937,0.9848039836586632,-0.2054772373326122,0.1997826207205652,0.0151041574031114,0.0394635622948408,-0.154823862131685,-0.1639649003185331,0.0,0.0
1224,11.897017837613822,10.320988649874923,0.2471182177234441,0.8684937004745007,0.7888850773070009,2.9233681177496917,0.3709744328819215,0.0040982001055326,0.3921460811172799,0.3,-0.087386831536889,-0.1551429893821477,0.4630052087828517,-0.0448609090391546,-0.1312650114782154,0.0,0.0
1225,10.58265269931406,3.548968182876706,0.2421788436256348,0.7481534461975098,1.0271880461219698,1.681596025764942,0.1917472272366285,0.0043594434401053,1.3172434581787174,-0.2689095292724669,0.1122460179626941,-0.1571127377264201,0.3324694531969726,0.0948344481717795,-0.1998232692480087,0.0,0.0
1226,16.408906015083193,11.648999544605612,0.2646660107322037,0.7880711289197206,1.1451257035788147,2.2539704724550247,0.3404041598737239,0.0024928264380725,0.5863050647689713,-0.2726832167096435,-0.2081988685838878,0.1120588504895567,-0.0242826697230339,-0.35,0.1064823901038617,0.0,0.0
1227,14.024511375278234,5.549976230412722,0.2248884116593748,1.0138860375136138,1.0338886491525918,2.695116870641709,0.1721574425324797,0.0013685027606472,0.7968955526051141,-0.2575201579593122,0.0307013982273638,0.1118242617882788,0.2826112761162221,0.2874273145720362,-0.2086723299864679,0.0,0.0
1228,6.460876902975142,5.250973301753402,0.297824008860439,0.6500000000000001,0.75,2.1460421915650367,0.0721029903180897,0.0005,0.910437824359392,-0.1685161857828497,0.1030580141544342,0.4602769117243588,-0.2501656063832342,-0.1266775272022932,-0.0742223754208534,0.0,0.0
1229,7.664669408388436,4.26370302028954,0.292876963102445,0.6791868925839663,0.7798819116801023,2.0186148191690445,0.058838967680931,0.0005479995122028,0.6854994452093824,0.3,-0.1135357653424143,-0.0271507405489683,0.3707200491800904,-0.0384990820493549,-0.0700031852964312,0.0,0.0
1230,6.913479623384774,4.7588595010340216,0.2954018796738237,0.6596468044668437,0.7570305356774479,1.9864769589304925,0.0832697015814483,0.0006619457630558,0.798315001252851,0.2420232464522123,0.2710706898830831,-0.1957432430423796,-0.1913097899593412,0.1591757078655064,0.35,0.0,0.0
1231,7.150727477706969,11.720525184646249,0.17,0.8476620090901852,1.0698522134218365,1.870215267419815,0.3660413567721843,0.0015888782942614,0.3336067384880033,-0.0449930268377065,-0.3,0.0626307635009288,-0.5,-0.119800811626017,-0.2671272516585886,0.0,0.0
1232,15.755881037861108,5.249839911609888,0.2027801476232707,0.6998346183598042,0.9627155232299118,2.50652318161726,0.1188931294344365,0.0010782418538817,1.1376463083824722,-0.1916503943055868,-0.3,-0.3103704793564975,0.3808059698157012,0.0932715630941092,-0.0241857169233262,0.0,0.0
1233,14.7934110186249,5.862138894945383,0.2202244040105491,1.0494038710147142,1.0290197979211806,2.748834111630917,0.1752567105181515,0.001179062220723,0.8210911063688627,-0.2313165282905101,0.1812532230243086,-0.1049854480475187,0.3935725779831409,0.0956463324055076,-0.2837944504767656,0.0,0.0
1234,7.578160351589322,5.278476932272315,0.2951219898175448,0.6502585467994213,0.75,2.0579909140467643,0.05,0.0005,0.7275832961047892,-0.0113800676241517,-0.0843708652742207,0.0942240271531045,0.2562749767117202,-0.1256338867750019,0.3005828030426055,0.0,0.0
1235,14.413201222345233,5.679399524256587,0.2187775114953518,1.0393017604500057,1.0565648925304412,2.59715009957552,0.1943865650705993,0.0012937664149564,1.0549329373104728,-0.2618493903055787,-0.2465917317084968,-0.0594317423924803,-0.2735986267402768,-0.1343401395026594,0.193977858202532,0.0,0.0
1236,7.698341476283968,12.0,0.172203060291335,0.851220964550972,1.0768331163134426,1.8629302250146864,0.3756008349731564,0.0014372843374706,0.2545608246610444,-0.3,-0.2265431155487894,-0.0818457433953881,-0.1408362371474504,-0.0982520203031599,0.1864402626622469,0.0,0.0
1237,17.25138513509184,4.673928721249103,0.1998021998830139,0.7203017876595259,0.93907229706645,2.593994428575039,0.1568873465061187,0.0009879025554146,1.2294321562718764,-0.099458640474826,-0.2375995685085654,-0.347671484965831,0.1012232101894915,0.1757642865441739,0.2468828507568687,0.0,0.0
1238,10.499628332927823,3.808841877803207,0.2287933531232178,0.7774584987610579,0.9915800771210342,1.720220699071884,0.2067704206332564,0.0056495478329185,1.4318692284996388,-0.1976730036623775,-0.1522698338739573,-0.3977790289372205,0.0379078321903944,-0.226643340172246,-0.3060487815625965,0.0,0.0
1239,15.42725253034383,5.231667437031865,0.1983248939137906,0.7063588571399451,0.9666081219613551,2.444189770281315,0.137762870453298,0.0007783327061447,1.1046446866609063,-0.3,0.0637699283771216,0.1248555992729961,0.322602353375405,0.2432197487000375,-0.1455781779624521,0.0,0.0
1240,15.601314224079252,5.721921125799417,0.1885747547730803,0.721551130399108,0.927243660762906,2.4825282152295114,0.1082247097976505,0.0007221623066274,0.9502012540896624,-0.1761682322658598,-0.0109662985168397,0.1787733134441077,-0.4312302560918033,0.0489187862649559,0.2241407419927418,0.0,0.0
1241,16.679739583656193,4.909259964525699,0.1993679695922881,0.7302629363387824,0.9593879187684504,2.5469554835557937,0.1554734398052096,0.0009564490508414,1.269108747538774,-0.3,-0.2640965522713959,0.039685951732099,-0.1476472559943795,-0.1706042664647102,0.2026724448353052,0.0,0.0
1242,17.069112962409854,5.379806911572814,0.1939523229259998,0.7115072473734617,0.9547532536536456,2.609843493640423,0.1273492419533431,0.0010301878106064,1.1917239798506156,-0.2358195108063518,0.1252979131713509,-0.1334937509708106,0.4050648751668632,0.117467646067962,-0.1852516521643847,0.0,0.0
1243,9.983436549417677,3.362900241091847,0.2400207830652594,0.776200418457389,1.003409530961886,1.6516920157670971,0.2256682191230356,0.0045583662458384,1.2844193643059345,-0.243177704449743,-0.1890470932647585,-0.0236929384991526,-0.0409448106214404,-0.35,0.0292608315553516,0.0,0.0
1244,16.323348166309295,5.485317746549844,0.1963900210384279,0.7376395066678524,0.9424256762824952,2.4606090935468674,0.1203425414301455,0.0011148448611333,1.160954722261016,0.0341432868763804,-0.1313696911968291,0.1810378666222095,-0.3249534866213798,0.1074219241477549,-0.2777752342913299,0.0,0.0
1245,11.375041426569224,3.444964362680912,0.2307586820214986,0.7365201798975468,1.0147086596768349,1.7304117674231527,0.2186179128102958,0.0049227881036204,1.241293981071723,-0.1496211008504033,-0.2563494976870716,-0.2790591974370182,0.3740818324126303,0.1646397496834397,-0.0084325008038431,0.0,0.0
1246,16.917218150608242,5.602432477101684,0.2017370642155408,0.7237313661873341,0.96994453888759,2.583806655406952,0.1012126303277909,0.0006728513505775,0.9710467243997156,0.1285434076935052,-0.1651864779442548,-0.1344387217983603,0.1761214027181267,0.0036935806702822,0.0713439734913408,0.0,0.0
1247,15.858273836933076,4.766324718669058,0.1930300633136183,0.7146306685507298,0.9177154901046304,2.5161858324408533,0.1484175261110067,0.0008929806280464,1.2880583393142049,-0.1667385911867022,-0.1961462846919894,0.154199331048876,-0.1066343994997441,0.3498414299618453,-0.1237422321774065,0.0,0.0
1248,5.963565767519176,4.998926110565662,0.2876761277835816,0.6500000000000001,0.761450623601675,2.014336324572563,0.05,0.000577349745893,0.7513655471977736,-0.2198975593373179,-0.1374196117669343,-0.42841691814363,-0.0719558832421898,-0.2613875912837684,-0.3085135828182101,0.0,0.0
1249,7.021978428922594,4.630373803526164,0.2946768675275146,0.6817860424816609,0.75,2.126722104847431,0.0857696347124874,0.0005,0.8232357778911003,-0.0387807179018855,0.284220252290368,0.2686938598938286,-0.0031661114655435,0.2593632992655039,-0.2203657240159809,0.0,0.0
1250,8.851831178031862,12.0,0.17,0.8348374393433332,1.051213721478358,1.8805671916007995,0.3796784718334675,0.0015586932237308,0.3655916774538692,-0.3,0.0677456358410417,0.0682726880162954,0.2835574630647898,0.2137312121745198,-0.1929167567249387,0.0,0.0
1251,6.352378156892955,4.213259088620543,0.3,0.6708427425324917,0.7754622486177832,1.9997763504385948,0.0666433915309608,0.0006321634264919,0.7219898392540096,0.2110569195896387,-0.0753551355488598,0.3403733013384044,-0.1931867131404578,0.2619892959687858,0.0878322347793727,0.0,0.0
1252,16.01043125152588,5.746176527440548,0.1978024397827685,0.7288855942934751,0.9618713802527636,2.519482014834881,0.1263937908224761,0.0008619671965738,1.2355010705789768,0.0171794104389846,-0.0694823251292109,0.0578066427074372,0.1464121189154684,-0.0994102733805775,0.3020555989500135,0.0,0.0
1253,5.148288248032332,6.594384449720383,0.2494982366625219,0.985164556235075,1.0821759383697065,1.593820047199726,0.119375914633274,0.0009425027477584,0.4819022821778719,-0.28392171606794,-0.2891296638250351,-0.0959637912735343,-0.2031107796728611,-0.1679484877698123,0.1964348413553089,0.0,0.0
1254,16.624370467811822,5.338290386274457,0.2002246633183211,0.7397743288129568,0.9337293160390108,2.5729101904034613,0.114818697143346,0.0008994102180684,1.1090683513776785,0.1685968352369964,-0.2370607381649315,0.2252824041061103,0.4122374484874308,0.2289209585618227,0.0558945889435708,0.0,0.0
1255,13.524418115392328,5.785332356765866,0.223762609295547,1.011750810176134,1.0574102839417756,2.587220586121082,0.2018860753439366,0.0009525582493879,0.9746395882434506,-0.3,0.2724359008558095,-0.2420655090734362,-0.3062858626246452,0.2739468989279121,-0.0217601037621498,0.0,0.0
1256,14.587751358263194,11.625243020430208,0.2761435657653958,0.7676575397849084,1.129243507688865,2.283544875264168,0.3264518169127404,0.0027268958011828,0.5512760620252626,-0.2375573354624211,0.2668763506449759,-0.2511212200298905,-0.3401278831809759,0.35,0.039314164109528,0.0,0.0
1257,16.52162407334894,4.696549320966005,0.1943745337083935,0.7249790310710669,0.9467263837438076,2.534573221743107,0.1443430927023291,0.0010683028756553,0.9462407113538908,-0.0038343115858733,-0.3,0.4362294090725481,-0.1121264137141406,-0.259211023427546,-0.1503822884857654,0.0,0.0
1258,16.345079460702838,11.367504293471574,0.273721344089508,0.7567497622966767,1.1550753595288843,2.435598365545273,0.3073236863501369,0.0030355137359664,0.4720434858295467,-0.1130829912610352,-0.2891876600459218,0.2827747889980674,0.1744578785449266,0.0968641194906085,0.2970295090731232,0.0,0.0
1259,6.650528158769012,3.941499339416623,0.2124722357660532,0.8145722131431103,0.9251984761059284,2.1709522589445114,0.2756691602058708,0.0080569568106851,1.064715350999993,-0.2279023163728415,-0.1547403209879994,0.084942011218518,-0.1008637220226228,-0.3182115460280328,0.1411371140573173,0.0,0.0
1260,6.979155553616583,4.073363716155291,0.2180101966183632,0.8195938670784235,0.9364146878998726,2.1148003065586094,0.220475027821958,0.0112550127013684,0.9511043954641204,-0.1434677352234721,-0.0191944669447839,-0.4444819836132228,-0.3904530466534197,-0.35,0.0047428764495998,0.0,0.0
1261,9.033950842767954,11.743694054707884,0.1793974502120167,0.8260304164141417,1.0878454708848149,1.887228755235672,0.4101549630798399,0.0014240818387821,0.3213103848499805,-0.1170066414400935,-0.1367833418659866,0.1820773037523031,0.3593784640729427,0.35,-0.0838314439970999,0.0,0.0
1262,8.288884104639292,12.0,0.17,0.8458766586631536,1.084896271381527,1.9272313254475597,0.3820328184589743,0.0015090665160859,0.3583496454142295,0.2948921933770179,-0.1201391797363757,-0.0841692918352782,0.4238252186216414,-0.0537478274088352,-0.092733631759882,0.0,0.0
1263,5.789378201961517,4.277497475966811,0.2935262083157897,0.6576944632828237,0.75,2.0494872680902483,0.0727768635936081,0.0006114134454356,0.7085800359860089,-0.0100469891577959,-0.0161037134975194,0.0846232196688652,-0.0313600327447056,0.0202606528121978,0.0310057007297873,0.0,0.0
1264,15.680651767887175,5.831430365517735,0.193859096775949,0.741263772264123,0.9659464934337884,2.567966321289539,0.1515359589830041,0.0007759974621886,0.9607025583407566,0.0297810201644897,-0.1883078924082219,-0.4846452545933425,-0.0845115647651255,-0.0090534210670739,-0.1519421541951596,0.0,0.0
1265,6.969420668445528,4.325435676798224,0.298200959873572,0.6500000000000001,0.75,1.957684846878052,0.05,0.0006223051396586,0.9341589322897758,-0.0919195539504289,-0.2411342527158558,0.2477253083512187,0.0589284089580178,0.0733003819491714,0.3356634172536432,0.0,0.0
1266,7.644344164691866,4.734920971095562,0.2861702619377523,0.6639549126178026,0.7510656097233295,2.044433688223362,0.0693146248348057,0.0005877118336653,0.8578036186226193,-0.0900462005361914,-0.0396023905724286,0.3818284768424928,0.3130663789249956,-0.2890246634855867,0.0858514141123741,0.0,0.0
1267,16.356131904758513,5.056172869354486,0.199034681622684,0.7125002715140581,0.9481938682906328,2.600855703592301,0.1159341857396066,0.0007574448873916,1.0722523811821718,-0.1245748379677534,-0.2211251918748021,0.3317133016139268,0.4207728252932429,0.2871327029131353,-0.0548087527621537,0.0,0.0
1268,7.626313208416104,12.0,0.1788514813009649,0.8334177031069994,1.0800686183776709,1.8733235607147216,0.4030803124792874,0.0017510900974199,0.316177295485701,-0.2145311982817947,-0.2455142444483936,-0.2325227062404155,0.369408513866365,0.1194870375599712,-0.1201646360959858,0.0,0.0
1269,11.313518353290856,3.563676923140884,0.2318723758310079,0.7648570678830147,1.006167868193239,1.6240381173491476,0.2056863660737872,0.0040333907628477,1.225880245039666,-0.1856999321244657,-0.1072397445403039,0.1741474778763949,-0.4092104948870838,0.0767416844535618,0.280991256924346,0.0,0.0
1270,8.094497245773674,12.0,0.1735042907744646,0.8232156144529581,1.0537858206834645,1.8315130659341807,0.4216773294471204,0.0015742323917194,0.2709364996348015,0.3,-0.2245321917682886,0.3257221036031842,-0.3430636251345277,-0.1533482214286923,0.2784794284924864,0.0,0.0
1271,15.350214496850969,4.650808475166559,0.1912498804751783,0.7466677547097207,0.9633722272217272,2.622817309319973,0.1127444144897162,0.0010809401000625,1.302266776812847,-0.2205759866572916,0.1667003205791115,0.103345667142421,-0.0809251545555889,-0.1317278551720083,-0.1775425893291831,0.0,0.0
1272,12.059516727216542,10.27001696228981,0.2518676574632525,0.8747470075786115,0.7745500241015106,2.9117707725763324,0.3612362604402006,0.0035482038003659,0.4348596472425391,0.3,-0.1078709726929664,-0.0612766097299754,0.3647649495489895,-0.067956919753924,-0.0226951279267669,0.0,0.0
1273,10.74509111404419,3.349155044183135,0.2296222499873489,0.754567890405655,1.0398529929164797,1.6699521142244338,0.2117301515489816,0.0039050043277979,1.204817470368087,-0.257213782209903,0.145707913711667,-0.2341056207567453,0.4637565699964762,0.1021920020412654,-0.2730094890929758,0.0,0.0
1274,16.290799729190766,11.66365337111056,0.2772151807915419,0.7936539066582918,1.1324615936335176,2.2656349139809606,0.3529992318153381,0.0027629900015534,0.4441415383526944,-0.2607819781042635,-0.242111780192703,0.0399863796494901,-0.117600023318082,-0.3486998476833104,0.061981956930831,0.0,0.0
1275,13.906465564258395,5.715787863731384,0.2201311318337917,1.0196358060091737,1.0482245392072946,2.70673470145464,0.1549426187202334,0.0015660872376416,1.0685796983247042,-0.2694469518475235,0.0508424497134983,0.2120174853503704,0.4103817372769117,0.2633386338576673,-0.1996632265355437,0.0,0.0
1276,6.338236933946609,5.078138487413526,0.2869733965005725,0.6500000000000001,0.75,2.1351510380506515,0.081839903909713,0.0005,0.6802175107520635,-0.1837848026230931,0.082505071118474,0.5,-0.3034487953782082,-0.0710888427328318,-0.0326673810426145,0.0,0.0
1277,7.541968420892953,4.242007872089744,0.2959204215638339,0.6731237977296114,0.7655303789824247,2.007770666897297,0.05,0.0006427693547119,0.9086449680018112,0.3,-0.0800347307994961,-0.0992190874926745,0.4570501091517508,-0.0783339137937873,-0.0839264625217765,0.0,0.0
1278,7.080233935266733,4.970399342477322,0.2923511167101562,0.6537129806429148,0.7713829052243382,1.9973475019931797,0.0706768040172755,0.0005684204227696,0.8737755581023192,0.2571271448135376,0.2371705498807132,-0.2727347568050027,-0.2396721345931291,0.1203181577511131,0.2768654095232486,0.0,0.0
1279,7.317542808055878,11.78320509456098,0.1769165700118989,0.8422643166482449,1.0572045829687269,1.881132764518261,0.3832576683163642,0.0014116035947173,0.3023017578914473,-0.0600713956654071,-0.3,0.1564985231496393,-0.4725232881121337,-0.0652048046663403,-0.1909802271798252,0.0,0.0
1280,15.78736339017749,5.505678828805685,0.1970280211485922,0.7009181944131851,0.9334298258107157,2.509861247062683,0.1384488337859511,0.0008289401089132,1.059815347444836,-0.2013134700357914,-0.3,-0.3257301331870257,0.3537750680185854,0.1819177287891507,-0.0174296320807189,0.0,0.0
1281,14.970107265785336,5.953906398266554,0.218268395723775,1.05,1.057049768898636,2.722352974057198,0.169001757018268,0.0015336130069664,0.924446327394251,-0.2148251886516809,0.1890483915656804,-0.108304096981883,0.4086338632181286,0.0266691545732319,-0.2925269736368209,0.0,0.0
1282,7.537214463129639,5.074794499203563,0.3,0.6506521846652031,0.7727733721844852,2.096559187650681,0.0936670815385878,0.0005501571641301,0.9465634321352236,0.0523622440472245,-0.0884014189504086,0.0849713877402246,0.2270392582006752,-0.0725316178742796,0.29183503209427,0.0,0.0
1283,14.228154720291496,5.611645122990012,0.2206906495079398,1.0397151486724616,1.0310068572498858,2.5819123980999,0.1576043822616338,0.0009946370154792,0.7731516532560037,-0.3,-0.2539964360632002,-0.0793191367015242,-0.2549262747913599,-0.175615240542218,0.2007491866089404,0.0,0.0
1284,7.448168326877058,12.0,0.17,0.8500691901147366,1.0509125318024308,1.817510883629322,0.4124124022759497,0.0018695382888919,0.3467563933772814,-0.2662285754643381,-0.2204205804616212,-0.1020805803313851,-0.1229624505713582,-0.218274786144495,0.17770767730847,0.0,0.0
1285,17.141972211934625,4.8827459663152695,0.1978157899104058,0.7191697678714991,0.9637173805497586,2.6147677795886994,0.1070093425549566,0.0007595149057471,0.946596159125639,-0.1362018469311296,-0.228101234793663,-0.3572715670056641,0.0713798097334802,0.2761180495023727,0.2536389935687184,0.0,0.0
1286,10.740338014140724,3.713109130784869,0.2347407153569161,0.7770874885469675,1.0200912488680332,1.7115462014079093,0.2131717172451317,0.0043434438867063,1.2701243065260737,-0.2951667444147169,-0.1579458809383213,-0.4007447420805692,0.0537676854804158,-0.2483682879488915,-0.2992773909624666,0.0,0.0
1287,15.52831526655704,5.0000066045671705,0.20026844872199,0.7060134552270174,0.9376849745772778,2.4776977583169937,0.1184123246930539,0.0010124154603991,1.1873161036853557,-0.2286344643048942,0.0547180826850235,0.1098488812334835,0.2961791362054646,0.2531175436358898,-0.15432600688003,0.0,0.0
1288,15.354411100521684,5.6355723641812805,0.1944183535158634,0.7211961419135332,0.9553230760507284,2.437858960032463,0.1488741963356733,0.0009393471745959,1.2357784153351126,-0.2407551830895244,-0.0284548451788723,0.193298006337136,-0.4576452804543078,0.0429582472480833,0.2311659824866801,0.0,0.0
1289,16.57373639009893,4.64946486055851,0.2014153143916279,0.7299276967793703,0.9300330024529248,2.5684787369370463,0.101874761339277,0.0007353338369613,0.930424188617812,-0.2529922378845513,-0.2849608983658254,0.0437516709789633,-0.1317955981940031,-0.1449420552588999,0.1936861431282014,0.0,0.0
1290,17.32436518572271,5.452687085792422,0.1880659010980278,0.7103392681032419,0.9292644251994788,2.6004190936088563,0.1374712703004479,0.0007920220752564,1.1104530121118532,-0.2253119520284235,0.1432329478561878,-0.1248124006204307,0.3752131933905184,0.0131766196805984,-0.1942224361859262,0.0,0.0
1291,10.098902123980224,3.562333518639207,0.2381381668031215,0.7750580532103777,1.0284863837789744,1.6844499176144598,0.202479811348021,0.0059292830995997,1.4457570559857855,-0.2605152024440467,-0.1677362591475248,-0.0031463645026087,-0.0230627454072237,-0.2577795484941452,0.0362705576494336,0.0,0.0
1292,16.360327718518676,5.272251274436712,0.2022030839670449,0.7380198693871498,0.9671399790644644,2.463197072803974,0.1435603837668895,0.0008570792790381,1.029673547989499,0.1324783966317772,-0.1505877444706857,0.2019318832457065,-0.3062893274798989,0.1447597692683339,-0.2867615944370627,0.0,0.0
1293,11.557373490184546,3.405344286561012,0.2327756249025463,0.7369261523485184,0.9887386304531246,1.7031807274818418,0.2085836910456419,0.0064031056090665,1.3343732247790685,-0.2411279193386435,-0.2789417024441064,-0.270030404459685,0.3448543093912303,0.1076002173535525,-0.0014071985855698,0.0,0.0
1294,16.88858776610345,5.830137051269412,0.1958811630919575,0.7248280342817307,0.9410708225369452,2.62312483137846,0.154957701973617,0.0008751790000453,1.3227909113284666,0.08428727799654,-0.1455779604837298,-0.1307259383425116,0.1911909692734479,0.0766080219317227,0.0783537580240517,0.0,0.0
1295,15.685404222272336,4.867476278916001,0.1911778636146336,0.7157470927238465,0.9461574546229092,2.501698217153549,0.1079732625372707,0.000686515455279,0.991692948843828,-0.1291525480225682,-0.1731636157482862,0.1683710881508887,-0.1336735799349844,0.2651325201857835,-0.1327130779232829,0.0,0.0
1296,5.785190958306194,5.263717187568545,0.2981572034109383,0.683169006034732,0.75,2.054469050586224,0.0591580403596162,0.0005407364745698,0.6809723328059045,-0.2620327880457043,-0.1457584169693291,-0.5,-0.0109223901107907,-0.2970360323209315,-0.2429729506354778,0.0,0.0
1297,6.843681897297502,4.281134486570954,0.2915079515233635,0.6500000000000001,0.7742222580593079,1.9898965020179749,0.0763624783791601,0.0005,0.9083361573845692,0.0034608043357729,0.3,0.3079930915124714,-0.0297684522531926,0.2866224510315805,-0.2819330469314008,0.0,0.0
1298,9.029788995161653,11.979913918301463,0.1762289474457502,0.8485551304221153,1.0797617123778909,1.8344547069668768,0.3740856281667947,0.0016641822809402,0.3313713834883375,-0.2249232109487056,0.0220845456495881,0.197638518884778,0.2566035168617964,0.2336240060217677,-0.2572830362617969,0.0,0.0
1299,6.530257696434855,4.54839468896389,0.2861607911873608,0.6541707880347968,0.75,2.1427164775133134,0.0947856669686734,0.0006749083237465,0.7965477698243111,0.114920969903469,-0.0703916320949792,0.3008799716643989,-0.1332078645937144,0.2189742566868662,0.148357864961028,0.0,0.0
1300,16.117199938483537,5.406362501904368,0.1926835228487849,0.7125575176775456,0.9391896773893386,2.5574073218107225,0.1057883550785481,0.0008069677865872,1.1263381035842832,0.0323127852044999,-0.0778075218759477,0.0184849690459668,0.1173488406278193,-0.0562250814642757,0.35,0.0,0.0
1301,5.255135212577879,6.868646719679236,0.2619293132197112,0.9984468283206224,1.1034207313042133,1.4607048045396804,0.1325344442576169,0.000882298246938,0.5286081908788212,-0.2991613843627274,-0.2400802814103662,0.0335737063363194,-0.1396163490414619,-0.1879787499252706,0.1310226558707655,0.0,0.0
1302,16.517463083602486,5.664101438969373,0.1912061015803367,0.7025008144080639,0.9656411838848143,2.529104923725128,0.1166601675190031,0.0009607428631915,1.0113590024961203,0.0993576819263398,-0.2827354368120432,0.2647560383193195,0.4753803595341742,0.2014916541613638,-0.0047498899195343,0.0,0.0
1303,13.417432453595104,5.525219544023275,0.2244940410487353,1.05,1.0252478236109015,2.72636227285862,0.1774915110878646,0.0010175876292701,1.0688000270389526,-0.2544323636256158,0.2773866198286414,-0.3714084633812308,-0.3364038713276386,0.3097328082732856,0.0427346374932676,0.0,0.0
1304,14.694711462631822,11.304169911146165,0.2651749836292117,0.7783767412155866,1.147139567228034,2.419673758924007,0.3020426006428897,0.0025528779507956,0.5026175762048759,-0.3,0.2889125959351659,-0.3918894942477345,-0.3023860494047403,0.35,-0.0261915600281208,0.0,0.0
1305,16.628558085188267,4.952070674672723,0.1970559599407017,0.7173085869252682,0.9273404739070684,2.4937543909549715,0.1461992150917649,0.001000071563099,1.037847384060994,0.0924045327343046,-0.3,0.4867763715423643,-0.1618433451466262,-0.231781719027087,-0.0887801776882261,0.0,0.0
1306,16.238259123787284,11.71205611936748,0.2666524030379951,0.7884290499538184,1.1196171061713247,2.2934959545731544,0.3204675639607012,0.0032425412010414,0.4304187816866309,-0.0708430139757692,-0.2572238007299602,0.4233869881555438,0.1257956775277853,0.1168943816460668,0.35,0.0,0.0
1307,6.543733914382756,3.662645753473044,0.2268533030830323,0.7798442713767291,0.96045907734707,2.217891101419926,0.2550783764757216,0.0086069131804576,1.1676801950114213,-0.2700360001288354,-0.173401869636029,0.0341936443559825,-0.0627703686617314,-0.35,0.0807071929723024,0.0,0.0
1308,6.8012504736334085,4.319414019957184,0.2226416219208389,0.7853218635618687,0.95092379960604,2.248730554521084,0.2486319552734494,0.0105411665973122,0.8619228489846639,-0.0743316825404763,0.002855386801064,-0.4950504439882934,-0.4426309155859053,-0.3440604615081101,-0.0567329505831003,0.0,0.0
1309,8.856019670255481,11.413195510953663,0.17,0.8573511891961098,1.0718201408889143,1.850105641901493,0.4045474673993885,0.0013338548186563,0.3545560986025212,-0.1862473397031426,-0.1721089073494076,0.3228693986684083,0.3995812353491783,0.35,-0.0184462358020245,0.0,0.0
1310,8.467207280881702,12.0,0.1768766295816749,0.8385471625328064,1.0460782613530757,1.7874156188964845,0.3726403141394258,0.0016112117770202,0.3248394181958849,0.2796507741361856,-0.0881889288760721,-0.0334451694600284,0.4650826344825327,-0.0810069791749119,-0.0321774118896574,0.0,0.0
1311,5.967727470733226,4.631373992562294,0.2923072681941092,0.6679753158539534,0.7803991031013429,2.0926306056380275,0.0896199361421167,0.0006527495198515,0.7816759870948928,0.0050881365537643,-0.0347780466265976,-0.0559679053723812,-0.083186296261847,0.0559090938493609,-0.0335771793555468,0.0,0.0
1312,15.862984035350385,5.599038112536073,0.1879116909563541,0.7401084957569838,0.9366574808042496,2.547491155028343,0.1132888448052108,0.001009345387147,1.2475503740605638,0.0124450220614671,-0.1825907918550074,-0.4806689709238708,-0.0665477766655385,-0.0188449318613857,-0.1586981712114065,0.0,0.0
1313,7.006399880908429,4.228971509262919,0.2962574191290885,0.6500000000000001,0.7598862907569855,2.003016941010952,0.0962159834243357,0.0005,0.6858647554929733,-0.0814134693145752,-0.2320413012318313,0.2623363469168543,0.0289840421080589,0.0948863612581044,0.3443958730567246,0.0,0.0
1314,7.47147421028465,4.943300050497054,0.2919529399175196,0.6635862604230642,0.776181999038905,2.0111901935338974,0.0605402813479304,0.0005,0.7980941919521427,-0.0187892339900136,-0.0457101613059639,0.4024586499296129,0.3288253516517579,-0.35,0.0945993575602769,0.0,0.0
1315,16.3275017241016,5.100480624288321,0.2010210461497307,0.7121528788655996,0.92263910959661,2.609429770410061,0.1414077783748507,0.0009852100156806,1.208714525822538,-0.1891600957810878,-0.2306088135391473,0.340302469804883,0.3944395238161087,0.35,-0.061580254137516,0.0,0.0
1316,7.520309675112367,12.0,0.1729345961857587,0.8345036371797323,1.0541381268594414,1.9000909861922264,0.3774601550027728,0.0013462667305487,0.2808476084739557,-0.1769433333612978,-0.2415250025577843,-0.2235778556764125,0.3422766456753015,0.1609009869042784,-0.1114322387315333,0.0,0.0
1317,11.066615433581172,3.359556324407458,0.2299592516496777,0.7659642686545849,1.030816241137683,1.6206247014999389,0.2142557726986706,0.0052464015557029,1.3158763264272129,-0.2299578578285873,-0.0998762996681034,0.1951333333365619,-0.3940592081286013,0.0235332515742629,0.2742353016324341,0.0,0.0
1318,8.209963024184107,12.0,0.1792564329400658,0.8236057502478361,1.0822936900947242,1.847026801407337,0.3665846301615238,0.0020476791294108,0.3696383744538653,0.2278453979305922,-0.2289681276753544,0.3399829529598355,-0.3722094279527664,-0.0845108532048761,0.2717079855557531,0.0,0.0
1319,15.605466380417347,4.905915971845388,0.193205843083933,0.74708501085639,0.9344589482210576,2.5841370642185213,0.1509035504236817,0.000831041278147,1.0011603494140104,-0.122239299762994,0.1588901816904544,0.1069717616029083,-0.0623536831699311,-0.220266895584762,-0.1687947076056152,0.0,0.0
1320,11.950104143805802,10.37043738812208,0.2577236040323973,0.875129727602005,0.8026195323821157,2.9392882842421533,0.3393953712284565,0.0027279149420532,0.4044979752103164,0.2580069212056696,-0.1274944090023636,-0.0646816043369472,0.3833446164242923,0.0166448647398501,-0.0297203156147152,0.0,0.0
1321,10.494917760789397,3.5761284839361904,0.2314744337629526,0.75497187140584,1.0105013660620898,1.6672886007428167,0.2166374201886355,0.0050794099470317,1.3584614957842107,-0.1934696874059736,0.1227102752253413,-0.249375839009881,0.4346025743708014,0.0294173703882843,-0.2640232397224754,0.0,0.0
1322,16.39186226155609,11.623594843223692,0.271402103799209,0.7947470733970404,1.1069694628436118,2.280398747086525,0.301568613294512,0.0035939557562802,0.5769391499898178,-0.2442890227027237,-0.2229350378997623,0.02019116749987,-0.1024570151977241,-0.2915541513748466,0.0709529284723103,0.0,0.0
1323,14.147175585217774,5.502282939851284,0.2181142325386405,1.0207560988217592,1.0733112604077906,2.6673043701648718,0.1893224291689693,0.0012040274856711,0.7843047558546238,-0.2791116175912321,0.0733933941833674,0.2026812468469143,0.3832581504061818,0.2258619404323398,-0.2066731406189501,0.0,0.0
1324,6.514932977259159,5.277133313193917,0.292859864006564,0.6500000000000001,0.7683341270517559,2.1139257856011398,0.05,0.0006344920712635,0.9279758086483636,-0.0931224864944815,0.0645847999826074,0.5,-0.3297902923449873,-0.1873142824266105,-0.0236811938658356,0.0,0.0
1325,7.573451112955809,4.314449594542385,0.297803022135049,0.6727924268096686,0.75,2.0523528586626054,0.0900792717002332,0.0005,0.6985844534544573,0.2444118548333644,-0.10133085206151,-0.1193699820153415,0.4728172746859491,0.0260643580388277,-0.0909515922404825,0.0,0.0
1326,6.895187772959471,4.709873104095459,0.2865075041361152,0.6525473586767913,0.75,1.964853909671307,0.0657403225451707,0.0005,0.776249032228321,0.2203856442421674,0.2547001508362591,-0.287654785849154,-0.2696082228049636,0.0947949150130152,0.2698555576335638,0.0,0.0
1327,7.27659671574831,11.69612519852817,0.1748692690309137,0.8411199599504471,1.0856498240735382,1.8904569175243375,0.4050105292163789,0.0018360735443192,0.3244488644081895,-0.0166581590026616,-0.2803268995396792,0.153443717751652,-0.4545677813328803,-0.0593505497910082,-0.1820093136075884,0.0,0.0
1328,15.62944631729275,5.296505522727967,0.1920345573406666,0.7063250535726547,0.920768973140046,2.52076706045866,0.1577304784581065,0.000730052286027,1.160438486351936,-0.2132352042049169,-0.2892324825748801,-0.2227215128391981,0.2801008939370513,0.1578292358294129,-0.102412971066311,0.0,0.0
1329,14.812268334589898,5.893547166883946,0.2310690176144242,1.05,1.0713889162279666,2.733211854875088,0.1580935263261199,0.0013054845539271,0.8373780015184104,-0.20292898401618,0.1682572748064995,-0.1944362139515578,0.4717611690051854,0.0350038098283112,-0.1800349709447473,0.0,0.0
1330,7.668830831311643,5.249995983019471,0.2882461688511073,0.6567061356902123,0.7584350359551608,2.0857266961932184,0.0752785373665392,0.0006403486351205,0.706953789807263,0.064066320978105,-0.0687913611643016,0.0051688585802912,0.1540678664669394,-0.065174011433497,0.3126720164045691,0.0,0.0
1331,14.359692946784198,5.635661387816072,0.2256914182830602,1.0463052368015051,1.0436685210205614,2.571032929718495,0.1694945124536752,0.0011212734753093,1.025197911606856,-0.3,-0.2884395302720368,0.0286126397363841,-0.1939080013521015,-0.1987113188486546,0.1522958725765348,0.0,0.0
1332,7.575111800804734,12.0,0.1770270014040172,0.8443110102117062,1.0652615668270735,1.8291169377565384,0.3931320164538919,0.0021582211727592,0.2627716042726365,-0.2813020905666053,-0.18722653439641,0.0058470829389989,-0.241592953260988,-0.1636787115931511,0.1598315192237497,0.0,0.0
1333,17.268994371145965,4.719255297631025,0.1950163448240608,0.7135727193504572,0.9510664155744016,2.626420468747616,0.1179199765063822,0.0008492095801068,1.2688618808017005,-0.1211027765460312,-0.2489603294581174,-0.4370782200619578,0.1794634521752595,0.2372604468166828,0.3070218688063323,0.0,0.0
1334,10.586815472729503,3.766447201743722,0.2375480009939521,0.7706814786344767,1.0327430249433964,1.699914043664932,0.2315580870397388,0.0039207573262615,1.4079302403883365,-0.2798628004677593,-0.1384301682449877,-0.4868782283179462,-0.0641593495570123,-0.2882029469590634,-0.2192082473430782,0.0,0.0
1335,15.374714039862155,5.202140573784709,0.1896692695967853,0.699774441793561,0.923336750652641,2.466112188398838,0.1065207067690789,0.0008833228001012,1.0863945515164384,-0.2439112307690084,0.0202869361080229,0.212856121584773,0.4021530609950423,0.3087060403507202,-0.2697634399179369,0.0,0.0
1336,15.476834481172263,5.770932704210281,0.1994193684641272,0.7145939816981555,0.9696714158467948,2.4487616599202155,0.1360597223788499,0.001085509688925,0.9210147147647814,-0.2526561247743666,-0.0484833283759653,0.2681801192834973,-0.3295228524506092,-0.0126302457116544,0.2535799850653857,0.0,0.0
1337,16.696098480485382,4.933639346808195,0.1886223794549703,0.723861670807004,0.9173813422489911,2.579334871888161,0.1193089853785931,0.0008213287893745,1.2308318914358467,-0.2410657650567591,-0.2509362279586494,-0.0480069426633417,-0.226871133763343,-0.1051074000038206,0.1436404290292412,0.0,0.0
1338,17.157271976731717,5.353672072663903,0.2008662298589945,0.7044025160223246,0.9419152485542,2.589583490073681,0.1474590500071644,0.0007142118436926,1.211294869217725,-0.2135887048132717,0.1096586898118257,-0.2214941837638616,0.5,0.0520342261213809,-0.2786131309643387,0.0,0.0
1339,9.931870205253365,3.312133071944117,0.2331449621859937,0.7696632890254259,1.0141372071336954,1.673567701935768,0.1822472815588116,0.0051785592168399,1.3047948066579833,-0.2722112448178231,-0.1473636707961559,0.065406168680638,-0.1188417486287653,-0.3123756268005818,0.1481545362137258,0.0,0.0
1340,16.197611628994345,5.510743051767349,0.191604165892303,0.744270248234272,0.9544784311652184,2.474805874228477,0.1563733699917793,0.0007540596686017,1.138802369801871,0.1173745875880122,-0.1705218825750052,0.2704885322786867,-0.2231226822547614,0.1678558438196778,-0.2053317249454558,0.0,0.0
1341,11.394596653990448,3.492632471770048,0.2355826229888945,0.7433435248136521,1.0030770825538784,1.7148365287184713,0.1911472926288843,0.0054562291042021,1.2182713372713154,-0.2260496671870351,-0.2449289796687662,-0.3667080610245466,0.2947345431894064,0.1002426146678626,-0.1182207374162972,0.0,0.0
1342,17.006355630531907,5.5530043337494135,0.1930814397532493,0.7304137431383133,0.9267315335869788,2.6114954195022584,0.1449723255261778,0.0010197006539398,0.998835363358881,0.0995560099035501,-0.1791905333474278,-0.2224831853993237,0.2764666468463838,0.0682733629215508,0.0608539498727768,0.0,0.0
1343,15.803232833370563,4.739139245077968,0.2017847110971808,0.7214939301013946,0.958818165672943,2.490115760743618,0.1282070511765778,0.0007731277674074,1.3241674558026846,-0.1444484590217471,-0.1527230494916439,0.2432545784115791,-0.1844961284846067,0.2892210169006139,-0.0797219344172626,0.0,0.0
1344,5.9126060555502775,5.190818724036217,0.2911437277808785,0.6604830859005452,0.7603266458921134,1.9814107887744905,0.0526451469771563,0.0005,0.8779361942686199,-0.2498072957172989,-0.0865581338703632,-0.4838833577185869,0.1015251234173774,-0.2769121692012995,-0.2736440629903227,0.0,0.0
1345,7.116353969238698,4.354692699760198,0.2999837913978844,0.6517573875486851,0.75,2.063984548985958,0.0698648055270314,0.0006438720444721,0.8008336504475763,-0.0155188094750046,0.2810289885699748,0.3897173099406064,-0.1420127012766897,0.2743851230870932,-0.2572306697871536,0.0,0.0
1346,8.946765533350408,12.0,0.17,0.8528659140318632,1.0523969756718723,1.955278768658638,0.3675765184871852,0.0018020524048824,0.2589321801701749,-0.2371652825474739,-0.0299390232078731,0.1453521988540888,0.3690517150238156,0.2302382274642586,-0.1656436393000185,0.0,0.0
1347,6.303090541176498,4.471953762695193,0.2936619862869382,0.6500000000000001,0.7765862259250134,2.0206751306653024,0.0882915489375591,0.0005,0.9129668159541876,0.1339105711877345,-0.0109870529808103,0.2395566725544631,-0.2454527982510626,0.2459811895601451,0.0586247337274253,0.0,0.0
1348,15.962815698087216,5.478693854808808,0.2012700509089977,0.7108686681240797,0.9607608442325144,2.4381845052838327,0.1124151172861456,0.0008792224680666,1.0051041187275418,0.0403340001963078,-0.1266752166822552,0.0018101128004491,0.1847530223987996,-0.0518550630901009,0.2740804892554879,0.0,0.0
1349,5.241554821878671,6.796828632056713,0.2548051494039595,1.0151241875588894,1.0810060220640152,1.57871033591032,0.1391471301205456,0.0005877723245295,0.6895926314868954,-0.3,-0.1842698282450437,0.0259358184412121,-0.2068172797188162,-0.2159699226152152,0.2224755674228072,0.0,0.0
1350,16.715960596650838,5.586433652415872,0.1988175087913871,0.7218145286887885,0.9348992327470332,2.599999783694744,0.1232906991243362,0.0008462923108141,1.1182274875606049,0.0913464608453214,-0.2266943236626684,0.3018318246118724,0.5,0.1823520308583974,0.0197660018149763,0.0,0.0
1351,13.47623939819634,5.603401744738221,0.2163952398385852,1.0417675732672214,1.058520820364356,2.656497198045254,0.1841077374666929,0.0015656176436363,0.8060301655303206,-0.2396752640269696,0.2287495882250368,-0.3420059781894087,-0.4036041173711419,0.3209858964011072,0.0123730574231594,0.0,0.0
1352,14.53016618233174,11.226511313393711,0.2726759546391666,0.7976874786019326,1.1281064497847109,2.2986226346492766,0.3086725600436329,0.0029673801935799,0.433419542528365,-0.3,0.2291424297876656,-0.3273259418085217,-0.3701136995479464,0.3400866827759891,0.0654492784198373,0.0,0.0
1353,16.604816926382483,5.03024368211627,0.189067620966956,0.7069855359643697,0.9455300489533692,2.615838230073452,0.1528141826204955,0.0007122253541632,1.3121298031359896,0.0742694977261125,-0.2873348669819534,0.5,-0.094264003727585,-0.2126420957241207,-0.1785128287393599,0.0,0.0
1354,16.428826779983936,11.784396665543316,0.275128498616442,0.7867430828809738,1.156271694721654,2.3663125067949293,0.3270939828455448,0.0026773069733515,0.5058866764287204,-0.0822421643771231,-0.2054677162393927,0.3383991597220301,0.0580673373863101,0.1448855543360113,0.3308221882656216,0.0,0.0
1355,6.594610730335116,3.5908184770494698,0.2198396052230149,0.7965420940816403,0.9263355344124138,2.1438543343544008,0.2616895746067166,0.0123870723993438,0.9387867409958032,-0.2518909712098539,-0.2329676371738314,-0.0373187713511288,0.0048096627555787,-0.35,0.1054100512377917,0.0,0.0
1356,6.9204527137056,4.3965067230165005,0.2145425966210663,0.7896355296522379,0.9352642917055636,2.177500234246254,0.24212227338925,0.0089025478112745,1.0517088555239729,-0.0654675463512539,0.0510205386467278,-0.5,-0.5,-0.35,-0.0322165777273476,0.0,0.0
1357,9.120479156821968,11.336763701960445,0.1740905263416469,0.8440486464947462,1.086635694405064,1.920115747332573,0.3980520905181765,0.0019716358921073,0.2949425364358417,-0.2018655973747372,-0.2285156075321137,0.2832331380993128,0.5,0.35,-0.0488063734471797,0.0,0.0
1358,8.373749019950628,12.0,0.17,0.815858265504241,1.0861060474589468,1.9063176221251488,0.3661270774342119,0.0018613138229132,0.2642633974631103,0.2707966254204511,-0.1443648664802312,-0.0290695182792842,0.3523111074231565,-0.0687696512304246,-0.1216005306560546,0.0,0.0
1359,5.730125244557858,4.704941327497362,0.3,0.6756526319086552,0.75,1.9747613172531129,0.0831207755580544,0.0005,0.9298980638042882,0.0206898149549961,0.0136178710162639,-0.0367559100687503,0.0294369301199913,0.0357852307297289,0.0578771736826747,0.0,0.0
1360,15.74051341507584,5.433283925428986,0.1894203016530722,0.72323529471457,0.966701174614951,2.583240484893322,0.1318224220536649,0.0009805088824061,1.2911600195509916,-0.0078129497319459,-0.1518363078944385,-0.5,-0.1902206484042108,0.0378913536220788,-0.1857061144392937,0.0,0.0
1361,6.883947063349187,4.657371751591564,0.295815231128782,0.668876683369279,0.75,2.038771029114723,0.0551887849159538,0.0005,0.7054872656071765,-0.0746843511164188,-0.2586099394597113,0.3734932830557227,0.1753546623885631,0.0268218318149447,0.35,0.0,0.0
1362,7.558320442102849,5.152399879693985,0.2924562325261532,0.6500000000000001,0.7503570149950682,1.9753207489848137,0.0870371149852871,0.0005,0.768848447662715,0.0014523967131972,-0.1245846562385558,0.4629466407559812,0.2951517905853689,-0.3369557508025319,0.0596878211796283,0.0,0.0
1363,16.4143301532045,4.703734739869833,0.1995732350181788,0.742528923586011,0.947439186707139,2.5735555626153945,0.1074063362553715,0.0010049099915883,1.157712679864475,-0.1959321990609168,-0.1441601862832904,0.2293103688210249,0.4508108334243297,0.3345937204603106,-0.0267107766717672,0.0,0.0
1364,7.682839326635003,12.0,0.1744126824878156,0.8513775003701448,1.0808103740606456,1.93622556746006,0.4189256318286061,0.0016034416688648,0.2994554278803859,-0.1971886671222746,-0.3,-0.2897457379102707,0.3086472713202238,0.1035116004571318,-0.0913264561481774,0.0,0.0
1365,11.22916234422475,3.1549882840365173,0.2294866507764905,0.7348403076529504,1.0068634336218238,1.656752327263355,0.1952820252813398,0.0060656840324361,1.411175535594749,-0.2231902880184352,-0.0167698007337749,0.3004455429129302,-0.3377320745028555,0.093219875652343,0.2540874601341784,0.0,0.0
1366,8.011808984205127,11.95066830702126,0.1797902501758188,0.8412325434833765,1.053090255657211,1.8107779598236085,0.4000905127078294,0.0017913540406114,0.3497840121942611,0.248100487422198,-0.2015688526332378,0.4059641078487038,-0.4958381129801273,-0.1383552517388016,0.3154673612918705,0.0,0.0
1367,15.407295081317423,5.076495059579611,0.1917884450577199,0.7167081205248833,0.9626304719410836,2.547895183146,0.1249077087268233,0.000701292754424,0.953219227022928,-0.12897048272565,0.1357163997218012,0.0014728246815502,0.0839727611280977,-0.147219733742997,-0.2125350957158953,0.0,0.0
1368,12.108200035877529,10.462496201694012,0.2563064562764019,0.8447536898553372,0.7753179922755808,2.879047498941421,0.3733986426144838,0.0034733526853522,0.4249183290598489,0.2376690287031233,-0.158307285323739,-0.141874299030751,0.4169953465275466,-0.0524650411829352,-0.049935681188479,0.0,0.0
1369,10.652996393740176,3.071716583892703,0.2320079750418663,0.772598006606102,1.0405748742353171,1.6070415930747983,0.1901424158178269,0.0062651068946276,1.4353109777016608,-0.1868204706050455,0.1493243282139301,-0.1325994496792555,0.3782980410382152,0.0871990323513746,-0.2437735094185918,0.0,0.0
1370,16.19814184512943,11.490506671741604,0.2709292213901877,0.7636239649802447,1.1317397127170117,2.3405252713561056,0.342593978960067,0.0029410082508509,0.537874214940836,-0.2241256937272846,-0.1440019446127116,0.0975486115179956,0.021194398868829,-0.35,0.0270801132656634,0.0,0.0
1371,13.953472427912056,5.972724197804928,0.2195925672512501,1.0376293039768931,1.0474565714355557,2.7274371232390404,0.1707870190776884,0.0009523929953844,0.735710352203284,-0.2859620032869279,-0.0131004418395459,0.0860696068406105,0.2369529331102967,0.2793140709605067,-0.1628269997127354,0.0,0.0
1372,6.388029141128063,4.811242440715432,0.2914121916234493,0.6698715728074313,0.75,2.0540497496128083,0.0733111352100968,0.0005765656730637,0.9690314485054956,-0.1132878802344203,0.1401231536865234,0.4789949063211679,-0.2060948310419917,-0.1185498602800071,0.0034286419227719,0.0,0.0
1373,7.446529474109411,4.442694697901606,0.2983061503086238,0.6551656262427569,0.7662651857994497,1.9924823126196864,0.0565752184204757,0.0005,0.7250265349426874,0.2512593582272529,-0.184469389848411,0.002811680752784,0.3264679994247854,-0.0304028264768421,-0.1180881023295223,0.0,0.0
1374,6.986467084735632,5.219127929210663,0.2860651461217552,0.6836713152080774,0.7706480980049819,2.024609831690788,0.0847122371196746,0.0005,0.7545135771830616,0.2407190032750368,0.22722928616032,-0.2160541777685284,-0.2359134454652667,0.1667967078853398,0.3048728430550544,0.0,0.0
1375,7.3678938302397725,11.599516142532227,0.1763780166164041,0.8242460894286633,1.0564235854949802,1.950207343161106,0.3635432195477187,0.0019979860968746,0.3135506875303335,-0.0233110788613557,-0.2571208727248013,0.0310752418078482,-0.5,-0.1121495793554931,-0.2169922342989593,0.0,0.0
1376,15.893908054679631,5.372928194329143,0.2000270601041615,0.7170081373602152,0.9523528219442814,2.5948492512702943,0.1492442873679101,0.0011128931362781,0.9756762230691998,-0.2119785133749246,-0.2294047410003841,-0.2600946166366338,0.3478944654017686,0.1543242556117474,-0.0008687738087028,0.0,0.0
1377,14.931472825482489,5.8164636012166735,0.2235641171324998,1.0367670643925666,1.038961113039404,2.660159449219704,0.1495921147055924,0.0012192955870061,1.0291558733648212,-0.2244397963285446,0.1166576923839747,-0.2227723386697471,0.4041598515771329,0.0621376347914338,-0.2756104329917579,0.0,0.0
1378,7.4312265072017905,5.176419510692359,0.2952633201088755,0.6500000000000001,0.75,1.963691211938858,0.0667885625734925,0.0005,0.8497019673158914,0.0627930508777498,-0.1206085229739546,0.0207553816959261,0.2218621212244033,-0.0449386370833963,0.2761595345400273,0.0,0.0
1379,14.26623258791864,5.708578106015921,0.2172116349890828,1.047625403046608,1.066928835812956,2.6918511288166047,0.1609895460121333,0.0012508724642396,0.8403745547708695,-0.3,-0.2288293713033199,0.0365258724801242,-0.2615100020729005,-0.2110832293126732,0.1869020887129009,0.0,0.0
1380,7.551372875832021,12.0,0.17,0.85800288207829,1.093471909085289,1.9471283252835276,0.4015061697736382,0.0013898577303437,0.3268924007461158,-0.2758120740763843,-0.2354626508541405,0.0591118728183209,-0.1288427122123539,-0.1829298461265862,0.1941320332698524,0.0,0.0
1381,17.104451324678955,4.796941343322397,0.2031114406518638,0.7088925201892853,0.9220125309191644,2.507191796064377,0.1263082061707973,0.000957142916892,1.0793505861493746,-0.1468452633507549,-0.1925191251374781,-0.3761401290819048,0.0669054571166634,0.2486481174640357,0.2706920421570539,0.0,0.0
1382,10.637690173760056,3.8382470302283767,0.2289651485614478,0.7633649280071259,1.0086410731952635,1.6300431062579153,0.2399284709617495,0.0058432786717486,1.113392237329195,-0.2853428230471909,-0.0821801761239767,-0.5,0.0485902081988751,-0.2837137269247323,-0.3146010541748255,0.0,0.0
1383,15.565279581137002,5.12982747554779,0.1967894899930805,0.7220799607634545,0.9499697480164468,2.5370129109621047,0.1149053959175944,0.0008032669783637,1.2600458089676734,-0.2181853296719491,-0.0281403957679867,0.1301314606517553,0.2895957492291927,0.2805879755709319,-0.1685249447505921,0.0,0.0
1384,15.463251839652656,5.84274165444076,0.1909393610805273,0.7072860813736915,0.9304859393946826,2.570851355910301,0.1444288474507629,0.0007457764353609,1.2215297757629298,-0.2505548615790903,-0.1076227405518293,0.262805398888886,-0.4419044459983706,0.0154878190681338,0.217066061714664,0.0,0.0
1385,16.54171198926866,4.861317131295801,0.1956397808376699,0.7461817023158074,0.955723276304081,2.458277890741825,0.1276931023225188,0.0009896271000231,1.1130174647013524,-0.2634194985665381,-0.1987529641315341,-0.0668570757843554,-0.1146488594077527,-0.1095966200381517,0.1782461649831384,0.0,0.0
1386,17.216081019267442,5.275480734556913,0.1933615850809961,0.7180854600667954,0.9584166541211306,2.515540861129761,0.1558317155949771,0.000997730226742,0.9283656081369523,-0.2157065537162125,0.1616244776509702,-0.1957171600311994,0.3930630568414927,0.040646555474028,-0.1770703761316835,0.0,0.0
1387,10.1303698162362,3.389809995889664,0.241137242719531,0.764968305528164,1.0001668471824376,1.746390116035938,0.1906351679004728,0.0044051103441327,1.4624873006312948,-0.2498475173972547,-0.2067205621786415,0.1060195258073508,-0.0066187856160104,-0.2931244922671466,0.0525785930454731,0.0,0.0
1388,16.470281467102467,5.437157390639186,0.1987241621989757,0.7279535591155291,0.9186690361797808,2.5448101227879523,0.1478821363486349,0.0010774689540574,0.9937445938122362,0.1220200252756476,-0.1217284486815333,0.3557503322698175,-0.2905488386936485,0.1802277542836964,-0.3007250128984451,0.0,0.0
1389,11.522009517401456,3.565558383241296,0.2270000206813216,0.7446489067226649,1.0380425231549888,1.6436120653152464,0.1826417539827525,0.0047669142891361,1.5587747645804266,-0.2509492263570427,-0.3,-0.2962826051563024,0.3620013938471675,0.0800072403177619,-0.0169836846739054,0.0,0.0
1390,16.77919059019536,5.629417812079192,0.2011767912849784,0.7411054772287607,0.9466102565824984,2.493631992995739,0.1364846467040479,0.000696260062672,1.1326830393716008,0.0949205596894025,-0.2351608874760568,-0.2859817506559193,0.2090411790646612,0.0411395379584282,0.0951539837364107,0.0,0.0
1391,15.72021148648113,4.662064868211746,0.1941769953209907,0.7018135945945978,0.941470900280401,2.609011902093888,0.1197052962332963,0.0009220304717288,1.0272563598779458,-0.1195654791221022,-0.1041207276172935,0.1932314151525497,-0.1172299664840102,0.2927259971182793,-0.1160532025527208,0.0,0.0
1392,5.745443508550525,5.138659255951643,0.2941868802983313,0.6663290634453297,0.774678178589791,1.9937813422083852,0.05,0.0005,0.7946744641553396,-0.2648978310450911,-0.0665913530141115,-0.4040794995240867,-0.0273440309055149,-0.2695045148860663,-0.2606200839783996,0.0,0.0
1393,6.949113008752466,4.151384419202804,0.2891335147365927,0.657055517822504,0.75,2.076402035713196,0.0878280899301171,0.0005481649646514,0.8762352354731359,-0.0004538052901625,0.2470497470051049,0.2817868625372648,-0.0475966893881559,0.2512159256171435,-0.2977479354012757,0.0,0.0
1394,9.068979872241616,12.0,0.179083360260725,0.8595589403361082,1.0650446061249823,1.9428876269459725,0.3779725089482963,0.0020972073942535,0.3436076227597847,-0.2218833026736975,0.003693847272545,0.0423421636410057,0.2394784050621092,0.2060919962003826,-0.2426899648085236,0.0,0.0
1395,6.425383293554187,4.6342704150825735,0.2906109043616801,0.6500000000000001,0.7622338563781231,2.008330966591835,0.0694049587845802,0.0005017423608176,0.682385919134506,0.1186013864725828,-0.0314081600792705,0.3256873746588826,-0.1489263807237148,0.2543812735490501,0.1633027735725044,0.0,0.0
1396,16.080792060680686,5.304666682332754,0.1887132555261254,0.7053738253563643,0.9480958974380046,2.451348959326744,0.1237652052566408,0.0010148564391898,1.34625368502034,0.0284198105446994,-0.1066660011336207,0.0879449280723929,0.100926853492856,-0.0917551508340984,0.3462126381732523,0.0,0.0
1397,5.359453314580024,6.771633764356375,0.2595548206429928,1.0094740756452083,1.0953410752695052,1.5918281542062758,0.1211851045675575,0.0006572694918165,0.522171097537354,-0.3,-0.2183145757913589,-0.0770700928755104,-0.1574442398361861,-0.1603236875962466,0.1148520859666169,0.0,0.0
1398,16.553314388729632,5.796780974790454,0.1940604437280446,0.7154733753055335,0.9205633426923304,2.586902449607849,0.1128932209312915,0.0007638364590195,1.0239173550517342,0.1030564343445002,-0.1931533263511955,0.193902746476233,0.4582555934041739,0.2370212245732545,0.0097028302531689,0.0,0.0
1399,13.313671060167254,5.662582096084952,0.2289442248903214,1.035253566890955,1.0711849303096532,2.643353275418282,0.2029921532422304,0.0013661617774748,0.8941281076263656,-0.2513580584339797,0.2083445486314595,-0.2622007399983704,-0.3521227331273258,0.2820782458409667,0.0578198955077677,0.0,0.0
1400,14.661574052348731,11.504818342253566,0.2696251337643713,0.7915368021130562,1.11544240421243,2.3109904422163963,0.3284798318520188,0.0034286646191522,0.5729446854619701,-0.3,0.1959282937087119,-0.2306454903818667,-0.2957806897722185,0.35,-0.0110053641851991,0.0,0.0
1401,16.736285271272063,5.157402113080025,0.19991033532992,0.700304581746459,0.9598660033810884,2.628252603292465,0.1433688501827418,0.0007956199724763,0.9772130172911953,0.0893552943952381,-0.2664950270913541,0.4679497256875038,-0.1566438952088356,-0.2673112931940704,-0.0744418517183512,0.0,0.0
1402,16.270839825496076,11.547078904509544,0.2642779437027872,0.781432857632637,1.141936551393941,2.3539186177849767,0.3100548115372658,0.002413971729892,0.4569133825619795,-0.0669249467141926,-0.2250158673003315,0.2635184643231332,0.130292002800852,0.0892393230721354,0.3454222242422401,0.0,0.0
1403,6.436563300974667,3.5023514118045567,0.2228830020539462,0.790684018701315,0.9390003910847008,2.1315070582032205,0.2739918065443635,0.0108200979831779,1.0248266217353006,-0.2671809856407344,-0.1985697642043233,0.0544412598386406,-0.0568681343644857,-0.3258666723296046,0.063301346860826,0.0,0.0
1404,6.76699951030314,4.4967003390192986,0.2270918278459459,0.7961381734758616,0.9496167256254704,2.1906678003668785,0.2223128272034227,0.0078314698514322,0.9594635449014276,-0.0774025542363524,0.0178982757367193,-0.4294553872197866,-0.4360252156481147,-0.35,-0.0419024380519986,0.0,0.0
1405,8.967086971886456,11.585789837315678,0.17,0.8503784344643355,1.0739881283249706,1.9332363129258157,0.4074959352239966,0.0016802906351341,0.325951121087966,-0.1899561447724699,-0.2076918351463973,0.2083483161218464,0.4047803449817002,0.35,-0.003752228397876,0.0,0.0
1406,8.500901535637677,11.98706294298172,0.1745020995792001,0.8215197199434042,1.0987544246390462,1.8932234015464784,0.3831675075925886,0.0021684012784694,0.3531150425737518,0.2824874543845653,-0.1639554522335529,-0.0976247497648,0.4695786187797784,-0.0456004575155675,-0.0481066945623606,0.0,0.0
1407,5.857216741777957,4.419592824950814,0.2883370378322899,0.6811588143408299,0.75,1.961620140492916,0.0708209468796849,0.0005182377987298,0.7026702932574871,0.0089718085080385,0.0480812499672174,0.0599231640435755,-0.0772837209887802,0.0283775801695883,-0.0511233748700469,0.0,0.0
1408,15.765969510041176,5.652305629104376,0.2026080454420298,0.7100465815216304,0.9648942997343838,2.610295356452465,0.1106498115323483,0.0008122382456204,1.0229851783571131,0.056350338332355,-0.1401466971896589,-0.4092890390753746,-0.2024590181186795,-0.0260412722118199,-0.087699668796733,0.0,0.0
1409,7.071969145722687,4.131099498271942,0.2893990484736859,0.6798490994125606,0.75,2.0118260723352432,0.0905292025394737,0.0006302209222159,0.8173332335837168,-0.1185193607881665,-0.3,0.3260031042806804,0.1656204670481383,0.0907662415988743,0.2734156377594917,0.0,0.0
1410,7.532586001344025,4.930796371027827,0.2949189460955559,0.65748479218781,0.75,2.0023858229517937,0.0661096869781613,0.0005755761719297,0.9805737152474048,-0.062631895199418,-0.0877337199300527,0.330357136465609,0.2851099991798401,-0.35,0.0235728721953928,0.0,0.0
1411,16.226029725037513,5.236836845055223,0.1902323196899146,0.7302205807715655,0.9492460551504044,2.546620808243752,0.1425235583260655,0.0007177339950645,1.0067592825328855,-0.1520179808065295,-0.1612571585252881,0.277362781856209,0.437473809774965,0.35,0.009402970213443,0.0,0.0
1412,7.443330993205309,11.91641842238605,0.172000492759794,0.8406350769549609,1.08238653293252,1.91527599298954,0.3839614530280232,0.0017295119299273,0.3427558466990897,-0.2411036059521138,-0.3,-0.2415202902071178,0.296452133115381,0.1674743646644055,-0.0559509905129671,0.0,0.0
1413,11.112140208445489,3.383330145478249,0.2386704007085412,0.7478898714184762,1.0051123861391096,1.677802924454212,0.2163036739267408,0.0038544780390426,1.1050349730549578,-0.1591036275811493,-0.0607925870977342,0.1680290732905268,-0.3475095120817423,0.0292453425154089,0.2187107923999428,0.0,0.0
1414,8.251039022803306,12.0,0.17,0.8536859179884195,1.0548413095772269,1.7898416204452514,0.36488824672997,0.0016609320556068,0.3006287546795891,0.2919364236630499,-0.1630028099566698,0.3586469637416303,-0.5,-0.0743460520561784,0.2162297263909131,0.0,0.0
1415,15.524038922265172,4.845461565628648,0.1980475822649896,0.7049476285576821,0.9610543066319076,2.56895901542902,0.1461601060256361,0.0011034301511329,1.2010884896101646,-0.193136345308274,0.1202298890724777,0.1333489468693733,0.0707669018581509,-0.2112094750050455,-0.1132981813233345,0.0,0.0
1416,11.869036562107503,10.393455881252883,0.2430653266217559,0.8570268871486187,0.7768694318085909,2.858098159074784,0.3337144840508699,0.0037425973668209,0.4944405188082528,0.3,-0.1694238216876983,-0.00455510571599,0.4268168095499277,0.0115249404050409,-0.0844497586172074,0.0,0.0
1417,10.536181622222069,3.4480074495077133,0.2383709038674831,0.7610381996631623,1.038795811716467,1.6280920586585996,0.2140034795366227,0.0039852922786369,1.139002308911551,-0.2306299402825534,0.192155650511384,-0.1744611415825784,0.3904493147321045,0.0231900729946792,-0.2092582298908382,0.0,0.0
1418,16.437583596743643,11.562092140316963,0.2684132400438189,0.7526867159157992,1.1335187816731631,2.319589063584804,0.3026789573021233,0.0027296870225347,0.4698820017766862,-0.2881860871575772,-0.1805822052620351,-0.0406637791916728,0.0344442835822701,-0.3012037460710853,0.1257024537101388,0.0,0.0
1419,14.07056547727436,5.589640137180686,0.228880108801648,1.05,1.045905125465244,2.748500720918179,0.1948862844146788,0.0014969792721904,0.9396172842212892,-0.242020597089082,0.004371850837022,0.1284894989617168,0.247082035113126,0.2153510664273052,-0.2614486196488142,0.0,0.0
1420,6.413831828460097,5.178213005512953,0.2937711284518242,0.6815734803229571,0.75,2.081104752779007,0.05,0.0005,0.759729819210916,-0.1572283590584993,0.1306665109544992,0.5,-0.1964044894836843,-0.1825712269321084,-0.0944546967633068,0.0,0.0
1421,7.634757323935627,4.364370876550675,0.2890690117213874,0.6500000000000001,0.7678530895281583,1.9655371212363244,0.0965862345509231,0.0006095301880429,0.8338121179449338,0.3,-0.1398735291436314,-0.1352221821248531,0.3387504053115844,0.0336375329643487,-0.0202040431350469,0.0,0.0
1422,6.960942760184407,4.845473996922374,0.2991491131696849,0.6706803544908763,0.7690602007135748,2.05167514026165,0.0609910988807678,0.0005944992587039,0.9523945450520854,0.2845277515724301,0.1890385639183223,-0.2577373418398201,-0.2226202755980193,0.102852538427338,0.3406185913328081,0.0,0.0
1423,7.179944343194366,11.68056825324893,0.1700656107023358,0.8350471201837063,1.0582584691755474,1.9232724571824076,0.4033089387230575,0.0014284814530969,0.270619163921303,-0.0875008399263024,-0.2413636864162981,0.1685729629546404,-0.5,-0.0482167131956666,-0.2527367804776876,0.0,0.0
1424,15.712835131846369,5.355421863123775,0.1987881993681192,0.736426518946886,0.9473232359178364,2.44033183658123,0.1561495601013302,0.0009696435575122,0.9451068566256074,-0.1491442166939377,-0.2468807257711887,-0.2497606243751943,0.416297869104892,0.1629452661331742,-0.047436525112018,0.0,0.0
1425,14.768683172352612,5.803649383410812,0.2164773922216147,1.0143942133933306,1.044004204524681,2.6947837574481968,0.1529965967312455,0.0010591968887516,1.0032003301322028,-0.2738260170891881,0.0992334083989262,-0.2123559010028839,0.3348831273242831,0.0412273108232766,-0.2350450601819902,0.0,0.0
1426,7.620788195319474,5.2246840916574,0.2989301656950265,0.6627680527865887,0.75,2.124161751627922,0.0814299988932907,0.0005,0.8641494084755983,-9.386189281942458e-05,-0.1107227879203855,0.031523301731795,0.1982447271980345,-0.0555283107683062,0.2576771704964339,0.0,0.0
1427,14.438624287582934,5.761534800380469,0.2228301403261721,1.0282097025066614,1.0719580227266996,2.651461195588112,0.171661527454853,0.0014401803544707,0.8595775669203963,-0.2731388782560826,-0.2189957458041608,0.0472115073725581,-0.2373596785962581,-0.1882042412422597,0.2073185939453542,0.0,0.0
1428,7.6740833337605,12.0,0.17,0.8382308396100998,1.091804345458746,1.7955626100897788,0.3983481523580849,0.0015726233928565,0.322399418775017,-0.3,-0.2528867252245545,0.0694486971572041,-0.1953069324418902,-0.1684179631788283,0.2303600619398057,0.0,0.0
1429,17.209817843958735,4.732711109891534,0.1960551913484931,0.7317101045101881,0.9236668208297342,2.5388615552186966,0.1191509792394936,0.0010820467147082,1.058343411139039,-0.083960700597614,-0.2099953195229172,-0.3657210303284228,0.1324963648431003,0.2296911584120243,0.2365212015509605,0.0,0.0
1430,10.52319016929716,3.8629276268184185,0.2326015183076262,0.7405500417202712,1.0069863841719926,1.787468196451664,0.2290379520691931,0.0051633419463084,1.1526667446297258,-0.2359575489722192,-0.0723463514707982,-0.5,0.069928035698831,-0.2962567664645611,-0.2897241579275578,0.0,0.0
1431,15.469236796572805,5.149825185537338,0.2023775343675166,0.7418488361686468,0.9516377365048976,2.499671276807785,0.1004843316785991,0.0007106146264491,1.2966923652019604,-0.2810170317180455,-0.018254859868437,0.1408197566308081,0.2687908592261374,0.2975760902762412,-0.1992811726164072,0.0,0.0
1432,15.571542892344295,5.785684005543589,0.192627642852813,0.7326543420404196,0.9422123919334262,2.512332841873169,0.1309609045088291,0.0008447055586235,1.1315995725582937,-0.1885140299163759,-0.0905051803104579,0.2523944409750402,-0.3725335319526494,-0.005437799392268,0.1823343604747206,0.0,0.0
1433,16.632835261859,4.799576524272561,0.2031759137671441,0.7177645811885596,0.9439833440557122,2.588900368630886,0.1177262931875884,0.0011176298857439,1.0251814295059056,-0.3,-0.1815832927264273,-0.0771745697781443,-0.1831352707743644,-0.1009910767432302,0.2148658648338169,0.0,0.0
1434,17.098466231860222,5.3029451422393326,0.1902050971012562,0.746505353614688,0.9701570112314076,2.5800125001668928,0.1496274955198168,0.0008807347001111,0.9932558199068892,-0.2776945134066045,0.1521037557050585,-0.2063863073848187,0.3688297686167061,0.0635410107709467,-0.2073416863568127,0.0,0.0
1435,10.031036090180278,3.4125914454460142,0.2360290819711983,0.7395969636291266,0.9884399955309928,1.610002013146877,0.1884009746834635,0.0039009808115204,1.5549014251318924,-0.2013060130365192,-0.216292980082333,0.0952570962533354,0.0170927552878856,-0.3036988714598118,0.0769244290739298,0.0,0.0
1436,16.276739598065614,5.422433726117015,0.2004429049339145,0.70213725528121,0.9270342902932316,2.4892462393641472,0.1576028277724981,0.0009378082079035,0.9261939439311724,0.0734775621592998,-0.1045589780397713,0.3453367132693529,-0.3562227567657828,0.1612862699683755,-0.2605676534324884,0.0,0.0
1437,11.346922659911217,3.5555267605930565,0.2345666294507682,0.7734163617193699,1.0296905685067177,1.771282922387123,0.1963613113760948,0.0041452878297256,1.4615560640494891,-0.1889586599618196,-0.2835904639922083,-0.306602931227535,0.4285598011873662,0.0945344102475792,-0.0629434714615345,0.0,0.0
1438,16.963130412697794,5.68017323538661,0.1979898276977241,0.7123349469006062,0.9549618121180684,2.555055251419544,0.1389379531517624,0.0007998684256033,1.2190121709034696,0.1434101572707295,-0.244733519822359,-0.2966535590961575,0.2299402132630348,0.058112365681678,0.1160852070245891,0.0,0.0
1439,15.886809578686954,4.717512333393097,0.1890383738424629,0.7276326881945133,0.9331060710288585,2.4756691700220106,0.1256885755993425,0.0010604726452184,1.1119975484563007,-0.1816086471229791,-0.1136412351205944,0.1824661535210907,-0.1386507614143192,0.2801674828417599,-0.1349733803551643,0.0,0.0
1440,5.915860752463341,4.907626405730843,0.2917281770963221,0.6793962103426456,0.7730443415958435,1.9728100182414057,0.080047353785485,0.0006858212934219,0.9205729902573684,-0.2075636960417032,-0.111035395592451,-0.5,-0.0174339637905359,-0.2075254004169255,-0.2872594022024423,0.0,0.0
1441,6.992730633765459,4.675020525977016,0.2984858921095728,0.6500000000000001,0.75,2.0974305400848388,0.0630335602536797,0.0005172815644916,0.6943063092700799,-0.0511178650259971,0.2565523255169391,0.3293730969168246,-0.0344793215580284,0.1892558048758656,-0.2711078966688364,0.0,0.0
1442,8.898840974122287,12.0,0.17,0.8478277445286513,1.063242465879768,1.9219265053868293,0.4169458249025046,0.0013121633321064,0.2988331205562577,-0.2792966446503997,-0.0122147451750934,0.17502789452672,0.2515850518271327,0.2681483078636228,-0.1519423835687339,0.0,0.0
1443,6.382044014334679,4.117281018942594,0.2970384895522147,0.6594346116483212,0.7638676998093724,2.029369673371315,0.05,0.0005316456280208,0.8702189062924043,0.1691864516660571,0.0067362143956124,0.2775662008486688,-0.1394118425436318,0.1923136595264077,0.07255639443174,0.0,0.0
1444,15.98179224383086,5.837769145146012,0.2018544997885823,0.7163755418509246,0.9498549818918108,2.478379048705101,0.1486502720043063,0.0007378530833411,1.0539014673330185,-0.0221659752242267,-0.1494509740546345,0.0396452264301478,0.1108801534585654,-0.1537646890636533,0.2562045402824878,0.0,0.0
1445,5.102479251883924,6.5500307563692335,0.2533072496216744,0.99625606200099,1.0937828346267342,1.564858071923256,0.0821157369203865,0.0008059716963637,0.5978434984054873,-0.2445796126239002,-0.2070466348975896,0.0554371101781725,-0.1443701155856251,-0.098333128074184,0.2048613859564066,0.0,0.0
1446,16.652592500410975,5.270508363842964,0.1964763611543923,0.7031826084703208,0.9221215768978,2.613945774078369,0.137547767907381,0.0010506974480318,1.2905328822083608,0.153721420649439,-0.2106715564168989,0.2413104530237615,0.4702310637198388,0.1749959975667297,0.0375733377356082,0.0,0.0
1447,13.570923417694868,5.881603299081325,0.2197717435978353,1.0467606537640095,1.0694258522931486,2.616396428227425,0.1641606438905,0.0011139234802351,0.768260298405461,-0.3,0.2447729927636683,-0.3941509451344609,-0.3424770292267203,0.3441147601865232,0.0299501085337251,0.0,0.0
1448,14.56236197888851,11.585869809240103,0.2721524451192468,0.779054139316082,1.1172262078039348,2.3380203999876974,0.3487118238583206,0.0024902567037999,0.4546217876607937,-0.2800589936859905,0.2401024846024811,-0.3680497744306922,-0.3088107885792851,0.3169575824197381,0.0791258406620472,0.0,0.0
1449,16.47896254375577,4.783747394010424,0.190626460108906,0.711977197393775,0.9583357779756188,2.601282755613327,0.1070867840759456,0.0009766251269612,1.1372054160390097,0.0386640402786433,-0.2763737500123679,0.5,-0.1666410596854984,-0.2052863065134733,-0.1645742586646228,0.0,0.0
1450,16.36977362111211,11.468755726888777,0.2775305818937719,0.7922514672279358,1.1434667703621089,2.3809617076516147,0.330048830807209,0.0033239589060487,0.583605176252282,-0.1243671245835721,-0.2096811731681227,0.4018325962498784,0.1206903243437409,0.0272490038760006,0.3171825160533189,0.0,0.0
1451,6.69360775064677,3.869322763383389,0.2165240371040999,0.777675479143858,0.9372165939304976,2.104550342619419,0.2379403746500611,0.0088132993405721,0.8951946438711211,-0.2166214668788015,-0.2371817442700266,0.011936105992645,-0.0688874691911041,-0.2638568937741219,0.0915403345413506,0.0,0.0
1452,6.937207181602717,4.113615920767188,0.2140190866652876,0.7845959410816431,0.9480109036676584,2.169696241796017,0.258211273048073,0.0125318075914674,1.103115176619287,-0.1279611456245183,0.0603071042485535,-0.472133575733751,-0.4491864372603595,-0.3173996277768164,-0.014401731621474,0.0,0.0
1453,9.01035311218351,11.65737480521202,0.1756493649896234,0.8626340572088956,1.0758149814717473,1.9542649489045143,0.3874077525362372,0.0015839969511794,0.2556205349060252,-0.1325165422260761,-0.2192296277247369,0.3464894133806229,0.3949143140390515,0.3296666329223663,-0.0312536553367972,0.0,0.0
1454,8.33041550155729,12.0,0.1721548051830381,0.8347729005664587,1.096927565054968,1.8722621483802795,0.4193114792741835,0.0013553138925986,0.3048519714931527,0.3,-0.1469048277586698,-0.0558345223031938,0.4600202268175781,0.0163594228997826,-0.1394695702586323,0.0,0.0
1455,5.813672238700092,4.350553005188703,0.2975780063994228,0.6701922662556172,0.75,1.982659081876278,0.0505092253163456,0.0005496881257543,0.886705808131854,-0.048336065120995,0.0110789075195789,-0.0776541546732187,-0.0893463315814733,-0.0336017746254801,0.0402382987271994,0.0,0.0
1456,15.634700931832194,5.748999816179275,0.1898070444412529,0.7047422599941492,0.9505558347590268,2.621889600276947,0.129279586430639,0.0006978363709822,1.1192529143256835,0.0680684349015355,-0.1611129664890468,-0.5,-0.1165251593105494,-0.0649488101191819,-0.1680682618077844,0.0,0.0
1457,6.940639820843935,4.378933271020651,0.2943919397082179,0.6740086493641139,0.75,2.023467134296894,0.0784124900586903,0.0005590439913139,0.7398524684382732,-0.130210254125297,-0.2678859478868544,0.4114308745041489,0.1127334658056497,0.1454353076405823,0.35,0.0,0.0
1458,7.690711975842714,4.793115204945206,0.2899185717727988,0.6513283006697893,0.75,1.9907184174060824,0.05,0.0006535395818822,0.7330190391830775,-0.0745412834286689,-0.1220611937642097,0.4108643127791583,0.3675306369177997,-0.3453499878775328,0.0421339624598622,0.0,0.0
1459,16.384216446205976,4.950295684859157,0.2030255401141941,0.7235220956355334,0.9635853312257676,2.53500017362833,0.1536592796817421,0.0008431555088205,1.3358026584225309,-0.1400830630436539,-0.1416377859637141,0.1687294454872608,0.3895062796026468,0.35,-0.0445264028981327,0.0,0.0
1460,7.59720181722194,12.0,0.1747994247820228,0.8462907163649798,1.0950381802618503,1.9261701791882515,0.3653329369798302,0.0019159666006963,0.2595771463488182,-0.2258136558942496,-0.3,-0.3501522573083639,0.4274323260784149,0.1758745613060891,-0.0774575195722282,0.0,0.0
1461,11.265949742197993,3.5093005053699016,0.2280633589200675,0.7533785229325295,0.99076403346844,1.6886499949693676,0.2284227896668016,0.0044177873224618,1.4798942028200843,-0.1744207551218569,-0.0277473135106265,0.2485376296006143,-0.4454428340680897,0.0050989835783839,0.2677259917370975,0.0,0.0
1462,8.124303855933249,12.0,0.1772525899164378,0.8601944655328989,1.0691904733479023,1.7789740642905234,0.3844098561257124,0.0014387667098071,0.3334709763714537,0.2768505368717014,-0.1973455273211002,0.4440788471326232,-0.3785489154607057,-0.097515121852979,0.3015278890561312,0.0,0.0
1463,15.397365045659244,4.755806706473232,0.1952407505895942,0.7112950418591499,0.9484034704025834,2.5580442992448806,0.1350228969380259,0.0009868840835636,1.0998425474964084,-0.1780760137997567,0.1399403108283877,0.031046396587044,-0.0222421411983668,-0.2038019333425909,-0.2262126802820712,0.0,0.0
1464,12.035781505480408,10.220620999857784,0.2558587746225297,0.8637140097320081,0.7895203839093448,2.869695150196552,0.3235001220554113,0.0041503379187463,0.3681855262174388,0.3,-0.1355216724425554,-0.078732869233936,0.3109561811946332,0.0041174024976789,-0.0675118301380426,0.0,0.0
1465,10.703005250878633,3.4263120822608477,0.2333703275386243,0.7671833257675171,1.0244467638172208,1.6397362326979636,0.2344772400520741,0.0045630298792649,1.505875506141444,-0.2423400039039552,0.1721109517514705,-0.0834044714272022,0.4957630613818765,0.0463591390363872,-0.2615798230152577,0.0,0.0
1466,16.31495192602277,11.77363204881549,0.2734059460092336,0.758538508489728,1.1478669927231966,2.307924403905868,0.3157209219224751,0.0023621386742671,0.5129695791575988,-0.3,-0.1600411591641604,0.0567195612005889,-0.0863406237028539,-0.2770573833789675,0.044695074852556,0.0,0.0
1467,13.94785512126982,5.652320266142487,0.2160793260790407,1.05,1.0332533365152776,2.7368831998109817,0.1772099212743342,0.0013402418624518,0.8486171625546918,-0.2301064718104899,-0.0291402550600469,0.059232315942645,0.3559138106927275,0.2069508660305291,-0.1449499101303517,0.0,0.0
1468,6.2957161570712925,5.127241536974907,0.2909645094756036,0.6752381419688464,0.75,2.091995825469494,0.059579561240971,0.0005,0.8396442683629252,-0.1419192644655704,0.1645839037299156,0.4523347766697407,-0.2672235593572259,-0.1426710302904248,-0.0105018781721591,0.0,0.0
1469,7.516719794236124,4.164557804912329,0.299668502369523,0.6500000000000001,0.7805139293242246,1.9763814458847049,0.0761102996580302,0.0005412455925728,0.7606424119775859,0.3,-0.1600092770978808,-0.0378402190469205,0.3990225854329765,-0.0220088259726762,-0.131788577940315,0.0,0.0
1470,7.123449931107462,4.86012760438025,0.2885418712347745,0.665179608002305,0.756398524068296,2.040804472029209,0.05,0.0006757195670126,0.7195676438118106,0.2694626830145717,0.209514928009361,-0.1666847875341773,-0.2983588165417313,0.0481834686305373,0.3187510922607033,0.0,0.0
1471,7.342373372428119,11.846379819512368,0.1728647758800536,0.8293793829381466,1.0725967925302684,1.9123549937009807,0.4209865607134997,0.0016763812124206,0.3616586037272769,-0.0724102144762873,-0.2748341815955937,0.0943910728581249,-0.4370451438613236,-0.009309171533212,-0.2033759929258376,0.0,0.0
1472,15.797250084802508,5.283099073171615,0.1912872441653162,0.7351153694838286,0.9257591243572532,2.56129505521059,0.1477763150446117,0.0008384911409689,1.1898527455753576,-0.1681205812767147,-0.2988609313555062,-0.2330583344958722,0.3037192324362695,0.1428251275960356,-0.0721374682802707,0.0,0.0
1473,14.997242090553044,5.875457759201527,0.2244657451428473,1.0307168522775174,1.0664118584822864,2.5726003239750863,0.1446092755533754,0.0015041730737501,0.8636181845498783,-0.2615971789732575,0.1585750548429787,-0.2048553100228309,0.4476100727170706,0.053468603676185,-0.204377305349335,0.0,0.0
1474,7.4925382985174656,5.30236159004271,0.2904540859237313,0.6824543402045966,0.7634116945881396,2.051245576441288,0.0730605375394224,0.000557483490058,0.6915788155618406,0.0188988824039697,-0.0515722506791353,-0.0056018908508121,0.0856640339456498,-0.0521388076283037,0.3474079064503312,0.0,0.0
1475,14.165117144286633,5.683344036713242,0.2298438521336764,1.0175122001469137,1.038678794665262,2.7254100856184964,0.1632777610979974,0.0009733147801242,1.0089499901473864,-0.2853775042891502,-0.2711670638099313,0.0179243464395403,-0.1246306766197085,-0.2152072092071175,0.1156796705946326,0.0,0.0
1476,7.474750698395074,12.0,0.1763101489588618,0.8159167616218328,1.0668633284568787,1.8666933131217955,0.4068352660164237,0.0019065880959579,0.2678501886119239,-0.3,-0.1969085415266454,-0.0044869066402316,-0.2629315535724163,-0.1727919464614242,0.1389037938043475,0.0,0.0
1477,17.1501760488376,4.659124874323607,0.1884435479599982,0.7390122353136539,0.9494517922159283,2.4687635670304298,0.1276533136516809,0.0007510683398451,1.285287690659218,-0.0759362460337579,-0.2585889910720289,-0.447494655046612,0.2002692866511642,0.2576786065194756,0.3259462354145944,0.0,0.0
1478,10.678966121673584,3.785853824391961,0.2397254422266036,0.7452392592728139,1.0343580731637776,1.668478293299675,0.2375288351252675,0.004437526652364,1.368968170790854,-0.22119699415192,-0.121157499410212,-0.4976461456716061,0.0023054711520671,-0.2771211080700159,-0.259362105185166,0.0,0.0
1479,15.484208627454937,5.22623923830688,0.1937912424847483,0.7281718406379223,0.9217345899101348,2.617440965116024,0.1089902066066861,0.000998837991153,1.0503067223587128,-0.2890251130051911,0.037505844220519,0.2021704893745481,0.3365617244504392,0.2863192775659262,-0.2237994605693966,0.0,0.0
1480,15.381810375452044,5.708601009845734,0.1996411045353859,0.737340674251318,0.9578789551164956,2.585291486442089,0.1394512153603136,0.0009579555377538,0.9993209313655316,-0.2066458253525197,-0.0387057325467467,0.278593740966171,-0.3052899930439889,0.0058190133180469,0.2720655766110867,0.0,0.0
1481,16.58279331341386,4.875999765843153,0.1947000580854714,0.7040671250522137,0.9291607352569698,2.514724438905716,0.1262309092655777,0.0007271623423513,1.32747356881199,-0.3,-0.2412119929343462,-0.0376866139099001,-0.2505820741876959,-0.1201267351377755,0.1232283829692751,0.0,0.0
1482,17.26161981716752,5.375861290469766,0.1981936722524464,0.7241942496597766,0.9301354564335196,2.4591005385518074,0.1581142658554017,0.0008091840986407,1.1398862552728113,-0.2595463446937501,0.0922838436998427,-0.2108223726414144,0.4360753694735467,0.0355535626634955,-0.2320421484038233,0.0,0.0
1483,10.053385825790464,3.339014403149485,0.2285278710644692,0.7469196494519711,1.0259300927259027,1.7319437599182126,0.1969018213637173,0.0058497161823663,1.2207443448937985,-0.2127017082162201,-0.1646847473345697,0.076171432994306,-0.050356110073626,-0.299324888177216,0.1075936263315379,0.0,0.0
1484,16.368806350864467,5.5001203417778015,0.1918563629262149,0.7218265167325735,0.946073536047712,2.608381150245666,0.14923279421404,0.0008669471934768,1.2138175602418089,0.0578626502752303,-0.160797845095396,0.2808994928747415,-0.2440211159735918,0.1882892379332333,-0.2302041582651436,0.0,0.0
1485,11.583133106157184,3.4773268751800064,0.2416907774593681,0.7627394143790007,1.0114948651492597,1.6531777966618535,0.1879762861691415,0.0062802363147834,1.3059685778185404,-0.1800912745445966,-0.2351511862948537,-0.3563905643485486,0.3161549093015492,0.0911449071075767,-0.0874612782932818,0.0,0.0
1486,16.844762955196202,5.607859567180276,0.1903784065391868,0.7110209120959043,0.9183141758535056,2.4840607684850693,0.1305643647722899,0.0008868410775108,0.9231904775673268,0.1590152812376618,-0.1965118211098015,-0.2118140353634953,0.3421397921070456,0.0458710728287696,0.0246303803753107,0.0,0.0
1487,15.623185146488249,4.789311591908335,0.1971371592454612,0.7439348664730787,0.967222661677748,2.545446367800236,0.1172997666895389,0.0006717933887521,1.2315947882780256,-0.1904596528261899,-0.170097684379667,0.2540170106478036,-0.2510535913519561,0.3002876213788986,-0.0455478663090616,0.0,0.0
1488,5.829014928340912,5.040709427371621,0.2931767001889646,0.6500000000000001,0.75,2.008966572165489,0.05,0.0005336430795217,0.975734635769189,-0.2007520403712988,-0.1359289413169026,-0.4754566019773483,0.0163698587566614,-0.2598318826965987,-0.3153725968617946,0.0,0.0
1489,6.905901796966791,4.2045832734555,0.2979818832393735,0.6631687178611756,0.76154099265486,2.133580138504505,0.0820283630117773,0.0005,0.7313972128816707,-0.0712935761511325,0.2890857091024517,0.2181227635778486,-0.0906293408758938,0.2617499047070742,-0.2429752337317914,0.0,0.0
1490,9.02131118670106,12.0,0.17,0.8174517053514719,1.092442565795034,1.8857025661468505,0.3834207144938409,0.001645292023848,0.2811019283132962,-0.2859862136766314,0.0726113115213811,0.1144465065002441,0.3753909369930625,0.2111888154502957,-0.1879635122679173,0.0,0.0
1491,6.504497239589691,4.62169806882739,0.295528690239042,0.6770607482790947,0.75,1.993152694642544,0.0704002252966165,0.0006881343091521,0.8138681426199189,0.1895103398188948,-0.0738646582178771,0.3886297210119664,-0.2855639244802296,0.2605855334494263,0.1085349835641681,0.0,0.0
1492,16.179946147911252,5.3285091701895,0.203272610008344,0.7474994969516993,0.9198080565556884,2.51415328091383,0.1301523985341191,0.0007898270726385,1.0972606730641647,-0.0154743446521461,-0.0680196569412946,0.1058845278434455,0.2347301395051181,-0.099820490963757,0.2754468242973089,0.0,0.0
1493,5.300650686882436,6.646643817797303,0.2527727163568139,0.9793821929097176,1.1211109640076755,1.6006370623707769,0.1231200454570352,0.0008942700341841,0.6260395978831297,-0.2649006216935813,-0.2842922092750668,-0.0499684965983033,-0.2905662876740098,-0.1714651883356273,0.1855765623748302,0.0,0.0
1494,16.490062984786928,5.73639523088932,0.1969501540146768,0.7335594929009677,0.947949715219438,2.5780983021855355,0.1110756517201662,0.0009420505338729,1.250672641947563,0.1469143016673624,-0.2322230904959142,0.1752359009347856,0.5,0.2322858332227914,0.0804735557902604,0.0,0.0
1495,13.408376371152698,5.753363345563412,0.2182924689117819,1.0291338546276092,1.0446290324572474,2.5805441930890085,0.1981282097101211,0.0010289902067952,0.7491162152015646,-0.2885153505541383,0.2738983501754701,-0.2885805890336633,-0.3986711386963725,0.2745127876307815,-0.0129306412432342,0.0,0.0
1496,14.75608253121376,11.376765974611043,0.2706733947262168,0.7614280096590519,1.141152863781899,2.278169266343117,0.3226784455403685,0.0024986736961922,0.466324101004721,-0.27327452756837,0.2649637991599738,-0.2907746527716517,-0.4326807034388185,0.35,0.060016207171604,0.0,0.0
1497,16.672665565162895,5.180498428270221,0.1911000550601631,0.7423532406836748,0.9316373856738208,2.541437111914158,0.1406137237511575,0.0010136337123929,1.1732378857485732,0.0184611589126288,-0.3,0.3930321935005486,-0.0204688933677971,-0.2586383980885148,-0.1454297797922045,0.0,0.0
1498,16.211677593141793,11.634504764154553,0.2769958525795489,0.7753782676160336,1.1153214303664862,2.4407396023273464,0.3110521952062845,0.0031794270212438,0.557213158954775,-0.1310822577439248,-0.2944752046912908,0.3243707472458482,0.0868183522298932,0.0964433200564235,0.2744188125133514,0.0,0.0
1499,6.535529253594578,3.440926526486874,0.2179423771958798,0.8087985931038857,0.9664461927805096,2.164322740912437,0.2794415570423007,0.0087034239551978,0.8599852258456679,-0.1963231235481798,-0.1566526536047458,0.1286301729641854,-0.0127132456190884,-0.3217388284448533,0.1342768831290304,0.0,0.0
1500,6.845927462130785,4.546543803438544,0.2125096231669187,0.802222735747695,0.975315598051995,2.1094774291515352,0.2242455364950001,0.010402966206962,1.179705891951165,-0.1212423061877489,-0.0210789904184639,-0.4002637275122106,-0.4830142763070762,-0.35,0.0135711220838129,0.0,0.0
1501,8.919056405387819,11.486800867319108,0.1760924353137612,0.8322571654468774,1.0457447305731475,1.894039913892746,0.4138816979900002,0.0013631184914601,0.2716954584036389,-0.15281034886837,-0.1420426653809845,0.2242033456265926,0.4510443938151002,0.35,-0.0592536639943718,0.0,0.0
1502,8.457319745384156,11.971428175643087,0.1716504887416959,0.8516467651873827,1.0721540836561472,1.9324135749936104,0.3783053378947079,0.0015929107098992,0.289336577997061,0.3,-0.1253987221196293,-0.127539535369724,0.3361944450251758,-0.0521969328504055,-0.103592646503821,0.0,0.0
1503,5.940593469850719,4.555125050991774,0.2990268708858639,0.6500000000000001,0.756008540617302,2.042816737294197,0.069005265943706,0.0006655468976998,0.8367377833644954,-0.0281311222091317,-0.0179880438521504,0.0447967482358217,0.0567816909402608,0.0226424442250281,0.0043962203543633,0.0,0.0
1504,15.870913492999971,5.827172253653407,0.1982870676320046,0.718050389289856,0.9223385402150452,2.499712022960186,0.1226537470147013,0.0010209627413939,1.010732711911116,0.0465607688203454,-0.2128810004219412,-0.5,-0.1837467275746167,-0.0614477957487106,-0.072490403542295,0.0,0.0
1505,7.032708688564599,4.301274103298783,0.2873745522730052,0.6696888468265534,0.775890027679503,2.144424496769905,0.071800726763904,0.0005,0.9767191040360236,-0.1289501145109534,-0.2083313025981187,0.3503554866090417,0.180114353261888,0.1182977571561932,0.2877462714221327,0.0,0.0
1506,7.427085309810937,4.721288498491049,0.297423232357949,0.6500000000000001,0.7601794980783015,2.064661444842816,0.05,0.0005,0.8201734150767381,-0.0530172376334667,-0.0622757854945957,0.4845025990717113,0.3003070107288658,-0.35,0.0075263114087283,0.0,0.0
1507,16.26584675487131,5.02263680100441,0.1950332735281437,0.7462165756821633,0.9369584621731192,2.4620898610353468,0.1470439615659415,0.0009640860161492,1.0194425974433858,-0.1413529905751347,-0.1931750536970794,0.2515694306790829,0.4568892249837518,0.35,-0.0080105644501745,0.0,0.0
1508,7.547161966711283,12.0,0.17,0.8566076342761516,1.0634481001496314,1.8560663348436357,0.3718467388488352,0.0013729300359505,0.3307001450362489,-0.2515526906959712,-0.2717736004069447,-0.3126638292521238,0.3151647693291306,0.1951294213607907,-0.0411281665340066,0.0,0.0
1509,11.07621932324022,3.586392638459801,0.2366459751751273,0.7340733698159456,1.023198067964986,1.7597865541577338,0.2349213707819581,0.0051881188426434,1.2893203733649568,-0.1689276020564138,-0.0761255142912268,0.2768243480287492,-0.3330159715376794,-0.0062847212217748,0.2334278729707002,0.0,0.0
1510,8.146651340723038,12.0,0.17,0.8435022278130054,1.0899122752547263,1.8967496151924133,0.3909198885969817,0.0020920419973817,0.2574917482255236,0.3,-0.2455193323083221,0.4283550271019339,-0.4908144142851233,-0.1020006163660436,0.200292751410976,0.0,0.0
1511,15.560516380146147,4.682899695634842,0.2028484803132713,0.7129748737365007,0.9251502108927816,2.439048533499241,0.1415179375372827,0.0008198929097243,1.2456841832012773,-0.1835527935884893,0.1963391850627958,0.0231605974771082,0.0901826634071767,-0.1756799027156085,-0.1308213074263185,0.0,0.0
1512,11.976137595437468,10.294179787486792,0.247866257911548,0.8470306969732047,0.8253228266090155,2.795513363599777,0.330008895676583,0.0027819658384032,0.4546314368564091,0.2911934209428727,-0.0835067567266523,-0.1639562278054654,0.4235567871667445,-0.0240046281293034,-0.1021199613716453,0.0,0.0
1513,10.503670500591396,3.3534141931682826,0.240875212213397,0.7688779448419809,0.989488275501877,1.7127007341384886,0.2409717084467411,0.0050229442588615,1.2676727476005245,-0.2402352887056767,0.1126985466890037,-0.1539782319962978,0.3829702013731003,0.0508446335494518,-0.2250654260534793,0.0,0.0
1514,16.329925990737976,11.697190548107027,0.2663887808039784,0.76884677323699,1.12798214141652,2.429872012555599,0.3222332360595464,0.0036717875588437,0.4223045031139589,-0.2777587733678519,-0.2192229046449064,0.1201577123813331,0.026262045558542,-0.2656736785788088,0.1402724519968033,0.0,0.0
1515,14.103633307479322,5.729421516507864,0.2245590935658663,1.0368491839766505,1.0506067302189768,2.6159653763175013,0.1837081590667366,0.0011878845398507,1.0216125390574606,-0.2322209684886038,0.0231053234562277,0.1093818112462759,0.2431188873946667,0.1876960059758275,-0.2464960224851966,0.0,0.0
1516,6.524272977337241,5.055424023792147,0.2985719890743493,0.6675460413098335,0.7674093313738704,1.9738965566158293,0.0529486792720854,0.0006417998102553,0.715484769391408,-0.1668153748512268,0.1085580327026546,0.4578358291089535,-0.1996648528426885,-0.1550392152331769,-0.1117384582422673,0.0,0.0
1517,7.60113264925778,4.236889732256532,0.2915733907345682,0.6588371664881707,0.75,2.095510499894619,0.0694944093376397,0.0005,0.950294267836004,0.3,-0.1113578241281211,-0.0190505000017583,0.3312716329284012,-0.0017694857753813,-0.0363976862058043,0.0,0.0
1518,6.849945038631558,4.938309230655432,0.297124709719792,0.6784966622591019,0.75,2.110575807929039,0.05,0.0005,0.8357340548551523,0.2943490054830909,0.2583706733733416,-0.1926101159676909,-0.2308021733164787,0.0753210191149264,0.35,0.0,0.0
1519,7.214125726446509,11.7687114585191,0.17,0.8250743675976991,1.086574207764119,1.8413663726449008,0.4143744540959596,0.0017967212882414,0.2873269078717358,-0.077042418681085,-0.3,0.0538161571510136,-0.5,-0.0128101859036832,-0.2376745918747037,0.0,0.0
1520,15.674687684141098,5.522746815532446,0.2021380789875984,0.7291727108210325,0.9384066775627434,2.5744244445562363,0.1371537422947585,0.0007204841013838,1.0778353231559683,-0.152824580155313,-0.3,-0.3135640959441662,0.4202393844723701,0.198413751984015,-0.0615133764725178,0.0,0.0
1521,14.874740708358589,5.966282343119383,0.2214229870777577,1.0253044656217098,1.0520594116877764,2.585682894468308,0.1637370964325964,0.0013341210187394,0.945570413505378,-0.276865975253284,0.1786913420297205,-0.0962205587886273,0.3430430523864924,0.0136338320132345,-0.2504927306342869,0.0,0.0
1522,7.659492215700448,5.026384542509914,0.2935045952755957,0.6758579921573401,0.7777633045334369,2.038136615157128,0.0846357129141688,0.0006330774601367,0.9169062231844632,0.0038206946253776,-0.0720812591314315,0.0967034542933106,0.2057015269249677,-0.090996297661215,0.2748523037172853,0.0,0.0
1523,14.332010043002663,5.558543124422431,0.2190004711098969,1.0114637079536914,1.0260304046105593,2.712254352688789,0.1450723375938832,0.0011432513554128,0.7536526032924448,-0.2702737853676081,-0.2377300482317805,-0.067504752818495,-0.2341212878935039,-0.1606112623289227,0.2236189407892525,0.0,0.0
1524,7.637049439102411,12.0,0.1715609316814691,0.8215082826465369,1.0525273611545565,1.8790286187529563,0.4174602420255541,0.0021124040913315,0.3589880950363266,-0.3,-0.2307774284295737,-0.0899173751659691,-0.1913657573796808,-0.1958878970947116,0.2163889549262822,0.0,0.0
1525,17.312535264417527,4.946830895543099,0.2010008419945836,0.7447766064703465,0.962115824913606,2.4811459890604017,0.1085267516225576,0.0008607220457696,0.9741264872352318,-0.0876594031266868,-0.2385118426792323,-0.3451906898990273,0.1406566302105784,0.2650361003074795,0.2209677886292338,0.0,0.0
1526,10.560780636630952,3.68799018971622,0.2271760185554623,0.7514837315380574,1.021693203616887,1.6560753412842748,0.2259521720185875,0.0038444591138961,1.2526670617192217,-0.2331235571019351,-0.1416792794689536,-0.3890155076049268,0.0773851764015853,-0.268786340162158,-0.2729316245224327,0.0,0.0
1527,15.365962667539716,4.979570621624589,0.1985477944839745,0.7345715906322002,0.9360697203632444,2.605085173845291,0.1271934557333588,0.0008932244426603,1.1642076324172888,-0.2771241069473326,0.0710380288660526,0.1216606040298938,0.2720289089530706,0.2622306569330394,-0.182598227834329,0.0,0.0
1528,15.540144780166449,5.692777677625418,0.1887979362107813,0.7434005318582058,0.943543889036402,2.598423987865448,0.1567316173948347,0.0010624572423608,1.3221559238795924,-0.1913689945153892,-0.0177717084959149,0.1812089830264449,-0.3919712661579251,0.0299076377060264,0.1988721493352204,0.0,0.0
1529,16.741049848236145,4.711353060603142,0.1977503803085535,0.710674835652113,0.9418256691768764,2.5278097566962243,0.1137020950391888,0.0008324703287501,0.9892173961196316,-0.3,-0.274223991304636,0.0315691515617072,-0.1983539086394012,-0.128461506800726,0.2317900977861136,0.0,0.0
1530,17.130421052612363,5.42566331140697,0.1951507140409201,0.729595296651125,0.9174713336136192,2.4459946907758714,0.1380648549459874,0.0007003185430058,1.0287004000713127,-0.2746453249566257,0.1266466526873409,-0.1366432774066925,0.3543142554163933,0.0281960726305842,-0.2230402570776641,0.0,0.0
1531,9.92226493112743,3.5399926308542486,0.2393789390422403,0.752850965589285,1.0402659699060022,1.7187907728552816,0.2065746444649994,0.0052365641705139,1.33166221580359,-0.1976282574869692,-0.1843759159259498,-0.0148839054442942,-0.0016418535821139,-0.2762289412990211,0.0630850197300315,0.0,0.0
1532,16.242001913934946,5.28741557225585,0.1966131425019353,0.7154146946519613,0.958721990475431,2.620713710010052,0.1319502178020775,0.0007441705416857,1.108151643724942,0.0695938403159379,-0.1398510494381189,0.1898455210216343,-0.3756601446308195,0.1336932872999459,-0.2441356089189648,0.0,0.0
1533,11.456250255741178,3.415816470980644,0.2291411517821252,0.7564828671664,0.9971433195769788,1.6655571051836011,0.2005036126635968,0.0055759565458341,1.444449306634432,-0.1917952871024608,-0.2682583537325263,-0.2822100917994976,0.4133408169820904,0.1300024008955806,-0.0459134960398078,0.0,0.0
1534,16.998424805402756,5.779529292508959,0.2029355153046548,0.7052686387747527,0.9326665325257928,2.471655069172382,0.1506150345318019,0.0010081304584625,1.2328730677714774,0.1471190122291445,-0.162217814002186,-0.1425541540421545,0.2154243543930351,0.0857058407366275,0.100769236119464,0.0,0.0
1535,15.776925410181285,4.812176406756043,0.1923881602462381,0.7383554404228926,0.9545750183500348,2.53308746445179,0.1076293468475341,0.0007882757269469,0.9298423951269345,-0.1785378285348415,-0.1897497141771018,0.1566363792866468,-0.1573850246146321,0.2446990007460117,-0.1491953876372426,0.0,0.0
1536,5.862879629656672,5.158379997685552,0.2957131799388676,0.6643757202774286,0.7533735307194293,1.959344440817833,0.05,0.0005,0.8171218188385986,-0.2612724235318601,-0.1381493644975125,-0.4501736119762063,-0.0157826252654194,-0.2162266583237796,-0.2859570429082959,0.0,0.0
1537,7.082171080484986,4.17106854878366,0.2871273176386952,0.6500000000000001,0.7549780399706214,2.0869180901646613,0.0825248632580041,0.0006208371108979,0.7457777380663052,0.0031717534996569,0.2834915218837558,0.2435156329534948,-0.0359824304841458,0.2102706423420459,-0.2763285275418311,0.0,0.0
1538,8.987168139591812,12.0,0.1767096259623766,0.8568482729494572,1.0990054995696992,1.9294623928070067,0.383977871555835,0.0018553939354923,0.2782016410952925,-0.2254297073967754,0.0685069088190793,0.0891498352214694,0.2504335054010153,0.2788179806284606,-0.154364060871303,0.0,0.0
1539,6.327949610278011,4.653807476907969,0.2925047402728348,0.6500000000000001,0.75,2.045858688294888,0.0709572645649313,0.0005,0.9803710099334182,0.115055030029267,-0.0745952968820929,0.3632671049423516,-0.1381120665185153,0.1693304072022438,0.078873272024095,0.0,0.0
1540,15.927697848267854,5.286740939691663,0.1902395584210753,0.7073491867780686,0.9267912491653114,2.4618680636286734,0.1297705645114183,0.0009145850641286,0.9354890251659492,0.0319662619382142,-0.0685381766594946,0.1255232917703688,0.112541107032448,-0.1051888846140355,0.2460312102623283,0.0,0.0
1541,5.1908064598217605,6.75367140956223,0.2575486193608493,1.0172355705946683,1.1145364237781612,1.5573939593434334,0.1227374137006699,0.0006084132831244,0.6421787390740864,-0.2984490165710449,-0.2881869649551808,-0.0302637986093759,-0.1458828395605087,-0.1424727562237531,0.2189299162663519,0.0,0.0
1542,16.742032989598812,5.779001151025295,0.1916867210526019,0.7182089906334878,0.954524235734716,2.624433324158192,0.1106369407847523,0.0008201772481588,1.2014622815716265,0.0994309737235307,-0.2380294030979275,0.1556328942067921,0.4690699022449553,0.1244511154852806,0.046874164475128,0.0,0.0
1543,13.517942303381862,5.644765642285347,0.2308380501084029,1.043781175121665,1.0376458330079912,2.629930850803852,0.1976889303699135,0.0015251764499931,0.8655266519623976,-0.2549835608974098,0.2714682735353708,-0.3082934858649969,-0.3411676381528377,0.35,0.0167310102153569,0.0,0.0
1544,14.509589519873265,11.484694761782883,0.2676189480569214,0.7940746234804392,1.1346376786921173,2.3245562902688977,0.3231775770336389,0.0028933560636344,0.4232526451529845,-0.3,0.2678059240579605,-0.2711125911772251,-0.3073338586837053,0.2747866141479462,0.0936004584226757,0.0,0.0
1545,16.568751086220146,5.13724192045629,0.2014366537995636,0.7090035366415978,0.9385612746421248,2.590771767675877,0.1411134312488138,0.0006896209276323,1.2810990181108384,0.0924798909053206,-0.3,0.4128041451983154,-0.1683213224820792,-0.1508036812897771,-0.1750767708998173,0.0,0.0
1546,16.458448882326486,11.526809418573976,0.2661717835657298,0.7832309329062701,1.108397521683946,2.388496133089065,0.3116079765185713,0.0027681022616414,0.5180415717703334,-0.0701285926848649,-0.2901421619094908,0.3047004009783268,0.1193616240471601,0.0674508888833224,0.3038197661973535,0.0,0.0
1547,6.63972201038152,3.4820452958345416,0.2205092940233647,0.7986490868777038,0.9729613710306584,2.121037889838219,0.2799981427937746,0.0129002940916839,0.9615205248545204,-0.2703845768943428,-0.1556958467848599,0.10889389263466,-0.0677621017955243,-0.316370435733348,0.1009386693015694,0.0,0.0
1548,6.883321466818452,4.513930274173617,0.2250856453929096,0.7936222788095475,0.9688120005074888,2.1531837890148164,0.2238659955374896,0.0091479927536435,1.027023554629724,-0.0741988519392907,-0.0199099556207656,-0.3750013851560652,-0.4477026375569403,-0.2983541110847145,-0.0200131892487406,0.0,0.0
1549,9.09902843285352,11.602983160316944,0.1708595028903335,0.8416545312702656,1.0526833999883385,1.9467993743419647,0.4135022681206465,0.0020323262105989,0.2879715786695203,-0.1867526066266,-0.1374998665452003,0.2495316327735781,0.3932271814346313,0.315059215137735,-0.0296066128052771,0.0,0.0
1550,8.4202041034773,12.0,0.1763959510650486,0.81974650105834,1.0652153953313828,1.882751160442829,0.3778652565740049,0.0017963210118022,0.2706104691055911,0.2793629656992852,-0.1193925828002393,-0.1527717102505266,0.4586846567131579,-0.0007176695466041,-0.1329935401063412,0.0,0.0
1551,5.760899805165828,4.436933193355799,0.2859633191086351,0.67317172755301,0.762512132126838,1.9961949721574783,0.0685655241459607,0.0005,0.9524249117572764,0.0058472586683928,-0.0153556685708463,0.019454693980515,-0.0882140943780541,-0.020962781086564,0.0377343741003423,0.0,0.0
1552,15.687412355393173,5.390744645893574,0.2024007941700518,0.719721688657999,0.9192356966044752,2.605424022495747,0.1472809556312859,0.0009512886910093,1.2608671467398636,0.0141990259252488,-0.1875478521734476,-0.4172787759639322,-0.1176794543303549,-0.0229628064446151,-0.1744217327777296,0.0,0.0
1553,6.850912245884538,4.465972477942705,0.291121761142835,0.6709822143614292,0.7795895580556244,2.0159546847343446,0.05,0.0005,0.6888060225440901,-0.0760780083127319,-0.2403731877431273,0.3172938376665115,0.1140469767525792,0.0911376470141112,0.35,0.0,0.0
1554,7.602097682133317,5.194381867721677,0.2937370202358811,0.6500000000000001,0.7564795561172069,2.001254304468632,0.0725009769946336,0.0005,0.7873248717718309,-0.0208300838135183,-0.0403309169970452,0.3167478820122778,0.3691957103647291,-0.35,0.047375805851072,0.0,0.0
1555,16.43804115101695,4.896856313571334,0.1909804247774184,0.7445483978688717,0.9400617181733252,2.5484891889095307,0.1191345608234405,0.0010410670181215,1.185742727074248,-0.1943735053427517,-0.2218551550246775,0.2630230328068137,0.3880004220828414,0.35,-0.0458038321323692,0.0,0.0
1556,7.651026530526579,12.0,0.1717932303007692,0.8552642912864685,1.0603547833431513,1.912659194469452,0.4072185879945755,0.0016563159676968,0.2924271271308331,-0.1715240331441164,-0.2464816637635231,-0.2560358205065131,0.4262848995253444,0.1570131079889833,-0.0642173288986087,0.0,0.0
1557,11.177335490956905,3.1231217958033084,0.240393124564737,0.7323579529374838,1.02690784612298,1.678185882031917,0.2098098178021609,0.0062196786261238,1.377820323366584,-0.2281294904574751,-0.1082086110413074,0.1542440375871956,-0.4441361915878951,0.0195223379880189,0.2584502152204513,0.0,0.0
1558,8.034576323442161,12.0,0.17,0.8452207719683648,1.0862029086817055,1.786461614727974,0.4183742490038276,0.0017201992664047,0.3581845641943904,0.2227191234827041,-0.2235892824791372,0.3497619158774614,-0.3768907104805112,-0.0806229864936321,0.2874228855315596,0.0,0.0
1559,15.450076477713884,5.110106736049056,0.1987956910427659,0.7143154903501272,0.9282431153096258,2.57457872146368,0.1094263962656259,0.0006782460129475,0.9763123689572628,-0.1242090819776058,0.1676442650668322,0.1251834287308156,-0.0237411302514374,-0.2162559697944671,-0.2160797813441604,0.0,0.0
1560,12.088841024786234,10.729333674535155,0.2438134075336158,0.848734586969018,0.8223615775834769,2.853231040120125,0.3569661542400718,0.0033561652396092,0.3954826002905806,0.259307957701385,-0.108826700862497,0.0043354467116296,0.3096247309632599,0.0126336958073079,-0.0769352151211351,0.0,0.0
1561,10.613486339710652,3.1896942771971224,0.2371889984641224,0.7702097666710616,0.993118462761864,1.632225245118141,0.2075041590817272,0.006021701825603,1.3366415635991604,-0.1885777180641889,0.1447536206580698,-0.166301126666367,0.4969021650403737,0.025529266167432,-0.2482381655145436,0.0,0.0
1562,16.22654629610479,11.223116413503885,0.2701359917659313,0.767518072962761,1.1243515417668968,2.318458828985691,0.3561704815737903,0.0030191809703225,0.5779047155245468,-0.2459424115419387,-0.2411809740364551,-0.0261537521146237,-0.0848499575443565,-0.2875430002789944,0.0552380181699991,0.0,0.0
1563,14.002027921825649,5.856473453715443,0.2286728221960365,1.0351425504386425,1.0535683908294886,2.750370747387409,0.1581580962054431,0.0009826559538731,0.7900242055124246,-0.2839214986637234,0.0517722327411174,0.1422800392284989,0.3542307979613542,0.229750062489882,-0.1593880546763539,0.0,0.0
1564,6.349888983108103,4.918840096890927,0.2945191981766372,0.6662645843923092,0.7644378345664591,2.0784833730459216,0.0859923662990331,0.000597997221168,0.9019160298438076,-0.088103418868035,0.0832529072351754,0.5,-0.2685453931987285,-0.1910627713650464,-0.0079576426260173,0.0,0.0
1565,7.428314223773777,4.7014503128826615,0.2878871175050735,0.657177783459425,0.75,1.9659158709645272,0.05,0.0005,0.6751752881586736,0.2458494653217494,-0.0792879314906895,-0.1208879362978041,0.4001520727016032,0.0219467388018965,-0.1382280147150159,0.0,0.0
1566,7.033931079395115,5.110954599454999,0.3,0.6801533189117909,0.75,2.0482934844493865,0.0673879108950495,0.0005,0.810674221144849,0.2156995655559003,0.2364538155868649,-0.2497531081736087,-0.2968777667731047,0.0985433936249464,0.3170791196692734,0.0,0.0
1567,7.395432917214929,11.342501209676264,0.17,0.8263589517921209,1.089545292986557,1.9288908836245533,0.3799254627712071,0.0019401726481537,0.3366956436608216,-0.0181716779507696,-0.3,0.17728773413226,-0.4387185402028262,-0.0552329202275723,-0.1977857478167861,0.0,0.0
1568,15.854644754268229,5.415944118052721,0.191557851068303,0.7130202724039555,0.931896420529112,2.6177594665288924,0.1375348903425037,0.0010718553801356,0.9524208400300412,-0.2133713047541678,-0.3,-0.2938841842487454,0.2752406587824225,0.0766747378408908,-0.0279288740996271,0.0,0.0
1569,14.912154002152384,6.008266276866197,0.2247213045671582,1.0391600638180971,1.0590047148428856,2.6380695521831514,0.1641185840032994,0.0011757405263741,1.0052061861979729,-0.202427038539201,0.1741473070308566,-0.0764747023023665,0.4655471907742321,0.1117488076947629,-0.2801394931506365,0.0,0.0
1570,7.479813491366803,5.135205995664,0.2906938075117766,0.6500000000000001,0.7708180210925639,1.9888513978719715,0.0850737365335226,0.0005,0.8704339815745632,0.0643508594669401,-0.07808863421157,0.0770537047088146,0.1478978550061583,-0.1100228939671069,0.3042530363202095,0.0,0.0
1571,14.294875095002354,5.516151763126254,0.2300681691873818,1.05,1.0325406684838234,2.666011249661446,0.1455104723013937,0.001286761666058,0.8604119653321145,-0.3,-0.2403611873500049,-0.0872643817774951,-0.1988122032769024,-0.1494606266226619,0.1902804683297873,0.0,0.0
1572,7.53311947621405,12.0,0.17655023515746,0.8616146328449249,1.0460056195724756,1.9257884454131124,0.4169622500240802,0.0014458626609148,0.3191055156861715,-0.2807521487697959,-0.2336207894906401,-0.0646756348572671,-0.2464006868563592,-0.1146005292609334,0.1828043924719095,0.0,0.0
1573,17.066062102764846,4.82950420230627,0.1886686908211559,0.7068734151571989,0.969046244625002,2.5308519827127456,0.1080295640602707,0.0009906836348991,1.054217471183984,-0.1211814050674438,-0.2447289677783846,-0.3198390594869852,0.1731969616562128,0.1916227704659104,0.2506146112270653,0.0,0.0
1574,10.664988894350827,3.6562693264335393,0.239995699628815,0.7668781708925962,1.0147628028150648,1.6034532099366186,0.2253938707709312,0.0056625565620445,1.140568028408438,-0.2805805436074733,-0.1460110860876738,-0.4142655379511416,-0.0704698068462312,-0.2112768193837255,-0.3023322970438748,0.0,0.0
1575,15.612714124023915,5.09661806114018,0.1940459614567458,0.7199740608781576,0.9425914679802954,2.561423125505448,0.1266357304900884,0.0007825744279293,1.2900783601810797,-0.2435659243538976,0.0700799862854182,0.096344639621675,0.3973892941698432,0.2283470972236245,-0.1492598154563456,0.0,0.0
1576,15.430316054038704,5.576379681378603,0.1998961347106844,0.7108037144988776,0.9505204738564788,2.5457615733146666,0.1571123029850423,0.0007272131863748,1.137347875743956,-0.2523128718584775,-0.0172519526146352,0.2065180628746748,-0.3344706617295742,0.0637911983542144,0.2282879619207233,0.0,0.0
1577,16.488781715892255,4.743741695582867,0.1949700334578752,0.7440684710592032,0.935257813984528,2.484187991559505,0.1140822122246026,0.0009581647638513,1.03610416432531,-0.2417814546972513,-0.2703304713852703,0.0569441654719412,-0.2333491110987961,-0.1859710285179317,0.1984370250571519,0.0,0.0
1578,17.23997150089592,5.543640610203147,0.1984185312241316,0.7216928120106458,0.924039207715541,2.4927010506391527,0.1385060804523527,0.0010315082141714,0.9970967958785364,-0.2136652669608593,0.1324517291262745,-0.1619166054204106,0.4990112855657935,0.1016094034109264,-0.1894410342723131,0.0,0.0
1579,10.174254785627127,3.5067571152001618,0.2287682703260332,0.7629565175622702,1.0332893911208958,1.7685502333045005,0.2070150722377002,0.0045878806655981,1.5710247894289462,-0.2716633693948387,-0.1819446035251021,-0.0402671235613524,-0.1238334817625582,-0.35,0.0334230570681393,0.0,0.0
1580,16.41828613780439,5.3303282029926775,0.1920808721646666,0.7240590879619122,0.9657134587392212,2.5714702407717707,0.1314517722837626,0.0011070950123348,0.9252524659723712,0.1166109016276895,-0.1376318620182573,0.2094609363190829,-0.2281944042257964,0.1225426525324583,-0.2735514815859496,0.0,0.0
1581,11.490095650963486,3.307497994601727,0.2419303360361605,0.7471352913677692,0.9905869489330796,1.6192722541093825,0.2000050493516028,0.0049140028115168,1.4510707815113824,-0.2257638862989842,-0.2626629303507506,-0.2624847971275448,0.2883804892748594,0.1490289962626993,-0.0125603632293641,0.0,0.0
1582,16.821862218752504,5.7380677904933695,0.19063380109258,0.7371249436438083,0.9392229228839276,2.515042093098164,0.1500599405355751,0.0006719967930654,1.2165230908149234,0.1000591849051415,-0.1581121755391359,-0.1621832559816539,0.2700686690770089,-0.0124091340061277,0.0671700733955949,0.0,0.0
1583,15.742801652178168,4.919483207538724,0.1974079601928592,0.7042022037804126,0.947583556925878,2.585422120213509,0.1070739057287573,0.0008872270714732,1.103509537568032,-0.1445857890956103,-0.1890203116759657,0.1369413325563073,-0.1895239266008138,0.35,-0.1195334850568324,0.0,0.0
1584,5.709415681771935,5.170695724710821,0.2929061530277133,0.6699349703937769,0.75,1.9709414430260657,0.0586505706049501,0.0005,0.7399105071710224,-0.2462081403248011,-0.1582264621965587,-0.5,0.0898401189036667,-0.1921458520386368,-0.2325275477264076,0.0,0.0
1585,6.928785274289548,4.334533070400358,0.2977262645382433,0.6550422791391611,0.7693139300253242,2.0985622531175614,0.0714170645922422,0.0005333935756659,0.8156832863224642,-0.0119197087995708,0.3,0.3380881037935614,-0.1535582929477095,0.2019282929021865,-0.294374359017238,0.0,0.0
1586,9.114331382773816,12.0,0.17,0.8630780524313449,1.0846704463642092,1.9177977442145344,0.3653201739676296,0.0021796178314365,0.369045978611328,-0.2407379651404917,0.0349746734797954,0.1886427182517945,0.3581652819178998,0.2714680683724582,-0.2697548673935234,0.0,0.0
1587,6.455034711770713,4.4516470834612845,0.295304432927072,0.6500000000000001,0.75,2.034241156101227,0.0829883761331438,0.0005198244365537,0.7330298578542417,0.1303377308808267,-0.0540735691264271,0.2919007252901792,-0.2563907113298774,0.1924341721832752,0.1587727488242089,0.0,0.0
1588,16.05909444719553,5.495924371108412,0.2030324645329267,0.7013918353319168,0.9411436187122016,2.47275914812088,0.1101587765663862,0.001048246157882,1.253460128084254,0.0439067294597625,-0.088654413152486,0.0541555321216583,0.1732074360921979,-0.1597926533501595,0.35,0.0,0.0
1589,5.3222817440330985,6.814022518321872,0.2525476332373917,1.0118612226694823,1.1018887933250516,1.5682382721900938,0.1338439535163342,0.0006740048238874,0.4860937063796499,-0.3,-0.2542492238692939,0.0692277151532471,-0.218502278868109,-0.103622840212658,0.1341162506714463,0.0,0.0
1590,16.58405732318759,5.603810069710017,0.1966799563542008,0.7115803716778755,0.9671727030370384,2.6135626677274706,0.1292961261048913,0.0007335488998152,1.099711586497656,0.0877472523450851,-0.2714664693698286,0.2502012411504984,0.5,0.1642934611700474,-0.001625776072964,0.0,0.0
1591,13.35988795168698,5.6207415498793125,0.2180376906629652,1.0377414247840644,1.0232943003103137,2.6190133755207063,0.1856599931791424,0.0013211698639535,0.9604950839789046,-0.2432743083760142,0.2919772296845913,-0.3859908225946128,-0.4144905451126396,0.3346426634378731,0.0377376613449305,0.0,0.0
1592,14.627559775523842,11.246231491863728,0.2704184238277375,0.7876481973081827,1.1489893015120178,2.336150545179844,0.3102257927507162,0.0033127988869704,0.5592893278450606,-0.3,0.3,-0.3769350579939782,-0.3585083482600748,0.3303674204330891,-0.0233827481660991,0.0,0.0
1593,16.686660051606594,5.049927230551839,0.1908300199460238,0.7027851225733757,0.9259128974620252,2.6024128185510635,0.1588204654492437,0.0007647523801834,0.9544707952629192,0.0774203447476029,-0.3,0.5,-0.0826936904713511,-0.1906460307296365,-0.093600275831297,0.0,0.0
1594,16.295808798335493,11.803970920667052,0.2767709338661283,0.777446477368474,1.1210450877640397,2.376828738629818,0.3217916674539446,0.0024782748394736,0.468061044256341,-0.0854193280935287,-0.2704900814183056,0.3873167873360216,0.0688906021229922,0.02860097662732,0.35,0.0,0.0
1595,6.4771432166546585,3.610356120020151,0.217702037211135,0.7930784970968963,0.9586089371107518,2.109417244136333,0.2594342019408941,0.0111632870404155,1.0492636178625274,-0.2550682862028479,-0.1899898015893995,-0.0018489944189786,0.0157558125630021,-0.2617666707523166,0.0834854820333421,0.0,0.0
1596,6.716152252294124,4.378580417111516,0.2122850541867315,0.799649954199791,0.9561471438352018,2.164077987015248,0.2368199541978538,0.0081231602251641,0.9366042111526448,-0.062290326308459,0.0131019920557737,-0.4857428948953747,-0.5,-0.3214578798208385,-0.0698892355896532,0.0,0.0
1597,8.931798471659421,11.318800766021011,0.175852936013788,0.8482710781395435,1.0670185433160513,1.9576464330554009,0.3957967216521501,0.0017442854186825,0.318362633989697,-0.1986883354894816,-0.1584339428991079,0.3321493857167661,0.5,0.3224091311488301,-0.0072392358034849,0.0,0.0
1598,8.54242509290576,12.0,0.171395153465122,0.825132943958044,1.0508794409036637,1.871883616089821,0.3676803067885339,0.0021080556640071,0.3617355200696654,0.2676456802301108,-0.0997013635151088,-0.0638243668153882,0.3632572518661618,0.0076246761381626,-0.0209398890901357,0.0,0.0
1599,5.883181541264057,4.687125454843044,0.2987560101967305,0.6791411768347025,0.7751761776991188,1.9852802441716195,0.0891270617395639,0.0005032784922341,0.7194150039477761,0.0175390146039426,-0.0497184252552688,-0.0863636569865047,0.0402601894922554,-0.0450435836166143,-0.0467029415611177,0.0,0.0
1600,15.818132506348192,5.3137354668229815,0.1937988978099078,0.7030240943878889,0.9543080994095652,2.4862010382413864,0.1557680694013833,0.0008509736425103,1.085686867968523,-0.0073078177906572,-0.1324197028912604,-0.4789701063372195,-0.1854132581315934,-0.0430789814814925,-0.083028903177008,0.0,0.0
1601,7.1225058266147965,4.542469536140561,0.2982610254667699,0.6726684098690748,0.75,2.133960383832455,0.05,0.0006858476225425,0.8669782520737966,-0.0748170463331043,-0.2898177144639194,0.2646724238991737,0.1816214962303638,0.1033826667964458,0.3021876655314117,0.0,0.0
1602,7.515769166611134,5.2673729725182055,0.2861104828201234,0.6526712897866964,0.75,2.072148995280266,0.0809918601624667,0.0005315953434415,0.9240126344631068,0.0006931396163999,-0.0899797397330403,0.3987961863912642,0.3014625911973417,-0.35,0.0169541447684168,0.0,0.0
1603,16.21195248696953,4.8233542278409,0.1990945644747466,0.7252371572107077,0.9598326549902558,2.4786242832541467,0.1276404356397688,0.0006815375420889,0.9490825588769792,-0.1956442552395164,-0.1669312985390424,0.3374529999122023,0.455574256926775,0.35,-0.0213489827141165,0.0,0.0
1604,7.493267656341195,12.0,0.1787913376890123,0.8475872045606375,1.0988006926942615,1.839600757062435,0.3988453430496156,0.0018176413404486,0.3552160164139641,-0.1972638903111219,-0.2992863605506718,-0.2269574212655425,0.3135078497976065,0.1526507786363363,-0.0394529471956193,0.0,0.0
1605,11.164903171546758,3.044849242642522,0.2319323851402848,0.75504707929492,0.9876179823875428,1.7522741045951842,0.2014224965125322,0.0041819221273403,1.1444300621200487,-0.2226371597573161,-0.049690628606826,0.1909407848306,-0.3315184395946562,0.0475212034545838,0.2278420687280595,0.0,0.0
1606,8.236448470279575,12.0,0.1734444414254278,0.8585228108614683,1.0723361120391637,1.9072855022549629,0.410004787761718,0.001529348169443,0.2900851041782058,0.2484491991698741,-0.1653019632473588,0.3424920592457056,-0.4896684448421001,-0.0614910512734204,0.1977517579179256,0.0,0.0
1607,15.507735351026058,5.18183446675539,0.1913098344884813,0.7100013204514981,0.9446413695551454,2.452537548780441,0.1010426297970116,0.0010510496404792,1.1596823757543029,-0.1296850394010543,0.1146089082956313,0.1088436662219464,0.0888773063756525,-0.227516749760136,-0.1243774194587022,0.0,0.0
1608,11.923147673197091,10.65693936124444,0.2519278010752052,0.8620569977760315,0.7932033056449146,2.7820009111762047,0.3485961207933724,0.0039373213131941,0.512168897622405,0.236956538401544,-0.1642281023338437,-0.0668528830446302,0.4220674118213355,0.0238944757729768,-0.1073583186287433,0.0,0.0
1609,10.593119814693928,3.261431129649281,0.2295622406780719,0.7658983877003194,1.0214327803160994,1.7022351592183111,0.1991191337630152,0.0043194424162857,1.1802296800337957,-0.1864738252311945,0.1940295431837439,-0.2509099160507321,0.3846517516300082,0.0063973309472203,-0.2237837972175329,0.0,0.0
1610,16.418262023590508,11.30072123967111,0.2772750301405787,0.7598203425258399,1.1508813878092914,2.4373610249757767,0.3477968933060765,0.0025108700437282,0.4536042052607436,-0.2235746189653873,-0.1921094501204788,0.0232054356671869,0.0275920333154499,-0.3155418657455592,0.1466294062845409,0.0,0.0
1611,14.049530103988946,5.778210017830133,0.2200711778204888,1.05,1.0295700023900718,2.632501266241074,0.1497692871838808,0.0014273715065154,0.9068635578562776,-0.2860351729765534,-0.0038335641212761,0.2065084979310631,0.2419810745492577,0.2341123918425291,-0.24887317706272,0.0,0.0
1612,6.470169714391232,4.991840394958854,0.2870335954666137,0.6765664883702993,0.75,1.9574324465394024,0.0944826772622764,0.0005003919484369,0.8060166681188116,-0.1129987068884074,0.1359153637960553,0.5,-0.2011473650857806,-0.1640481457151472,-0.09762925042212,0.0,0.0
1613,7.689468656629324,4.627939038351178,0.295860355970636,0.6500000000000001,0.7774896980412305,2.0879995123147967,0.0514675209298729,0.000664016520336,0.8847231240713764,0.2504988716058433,-0.1380527957081794,-0.1161771913804113,0.3329463200829923,0.0185686492659151,-0.0465270943157375,0.0,0.0
1614,6.939394327253103,5.033954609185457,0.2924108958277851,0.6634760965555907,0.7594223437663168,2.121110233008862,0.0758746813423931,0.0005496408549033,0.8976547846970141,0.2405850656591356,0.1774581855721772,-0.2897134546935558,-0.2294790486618876,0.0862983738426119,0.3418430202510207,0.0,0.0
1615,7.1611357447505,11.418989074602724,0.1768566871598363,0.8280479382276535,1.0689238099884242,1.8548539202213288,0.3884263093397021,0.0013550397290916,0.2550480019672947,-0.0228047045208513,-0.2495159421376883,0.1507478365115821,-0.5,-0.0351167451906949,-0.2283953367341309,0.0,0.0
1616,15.727738404013216,5.619344217330218,0.1900473767548799,0.7441463171243667,0.9583840845432132,2.557913459479809,0.1110334768332541,0.0009195546120931,1.003493298910522,-0.2065341332294047,-0.2516582900807261,-0.2194215599074959,0.4213922203704714,0.1503296834845096,-0.0481538733635098,0.0,0.0
1617,14.78523066457361,5.617511946707964,0.2251653854738921,1.0222839327305555,1.0348673241399229,2.578218781888485,0.1981154462508857,0.0009790238501586,1.0652345595459871,-0.2225771823115646,0.0977785446345806,-0.1905429939366877,0.3417418152280151,0.0582660992126912,-0.2598955062609165,0.0,0.0
1618,7.571095453165472,4.963460254296661,0.2901885992158204,0.6668843356966973,0.75,2.04862416523695,0.0665465666353702,0.0005125168948489,0.8139224477498866,0.0576884574629366,-0.0987765399031341,0.0024043583869934,0.2040487272664904,-0.0409440546296537,0.2603744439035654,0.0,0.0
1619,14.386174044124784,5.950251735374332,0.2315179252959787,1.0324841878265143,1.0608967496417463,2.725788775265217,0.1865440781600773,0.0015076875278244,0.8095056455149319,-0.3,-0.2103722015507519,0.0266171878762543,-0.2326168894954025,-0.2072117040604353,0.2341170018315315,0.0,0.0
1620,7.691213397756219,12.0,0.1750702926773578,0.8304877425134182,1.0758647301960738,1.865563041329384,0.3834664369374513,0.0014991116567692,0.3342196668131754,-0.274086034052074,-0.2577166247963905,0.0043817160464823,-0.1902060570381581,-0.1866949032377451,0.2099084810912609,0.0,0.0
1621,17.224138493388892,4.996425186097621,0.1891431771621108,0.7237502083927393,0.9415304035283624,2.4706335391402243,0.1340354752168059,0.000995053080514,1.0973789274295809,-0.1415279814898967,-0.2113978737741708,-0.4393126245588064,0.1393485286086797,0.2445139018911868,0.2234684636928141,0.0,0.0
1622,10.471270584352316,4.051848271116614,0.2394599592670798,0.7365042098909617,0.9891223762091248,1.6636112287044522,0.18392015196383,0.0055977098657714,1.1119458928398784,-0.2874148296117782,-0.0603477681912481,-0.4831580483354628,0.0757255122996866,-0.2799486519768834,-0.267324615271762,0.0,0.0
1623,15.419013344943522,4.888686029985547,0.1954653118986636,0.7375979240685702,0.9675761025287212,2.6215741887688635,0.1456012359261512,0.0007477786042552,1.2504577179878489,-0.2234137254729867,-0.0096836251281201,0.2159830452129245,0.2735401717945933,0.2847221733070909,-0.1842485096026212,0.0,0.0
1624,15.592847676090896,5.446967924386263,0.2013151386447251,0.7284269196540117,0.926353165794164,2.581911535084248,0.1160768642835319,0.0008044012315785,1.17359654770847,-0.2455539730936289,-0.0995014696754515,0.2641001404076815,-0.3906440216302871,0.0113538588415831,0.2012896223422139,0.0,0.0
1625,16.65133086886257,5.210800652205944,0.1944346067111939,0.7136953626424074,0.9617154512051492,2.5203441821336745,0.1326075492799281,0.0010288228523063,1.06258258107953,-0.2620098519176245,-0.1940069314353168,-0.0514936651848256,-0.1994779919274151,-0.1133614518437534,0.225469729365781,0.0,0.0
1626,17.04181535448879,5.639081725105644,0.1988933367591351,0.7385689472109079,0.9524253027923404,2.4564837028384208,0.1045110474713146,0.0009557987972705,0.9576954756191138,-0.2204076186418533,0.1530812287777662,-0.2196854907646775,0.3528386096283793,0.0447805279046297,-0.2243468234837055,0.0,0.0
1627,9.976081108301878,2.998668800666928,0.2272879831977188,0.7318304798156023,1.0043004443552344,1.732326663136482,0.233518315013498,0.0041008166157685,1.5002673812334133,-0.2513921930864453,-0.2118881608843803,0.0679838992841541,3.695344552397811e-05,-0.289359672665596,0.0683021719790995,0.0,0.0
1628,16.29581803165376,5.833573163300753,0.1935304081644863,0.7064352174401284,0.9381746010705828,2.607249600291252,0.112484434004873,0.0008902854267802,0.983615206281441,0.1233553084172308,-0.1136076026670634,0.2728877404145896,-0.3743232904188335,0.1763559933993965,-0.2534399217925965,0.0,0.0
1629,11.36764453213662,3.216606979072094,0.2414253149561583,0.7775092478990555,1.0204231395442038,1.6550461172461506,0.2414769353158772,0.0038275526829802,1.551540594270412,-0.2460321770869195,-0.2959617931880057,-0.3650779012218118,0.4122071240097284,0.0760124128442257,-0.0326985973231494,0.0,0.0
1630,16.908705800548198,5.266458877548575,0.1910780747942626,0.7202481430768967,0.9642304645702242,2.479189494609833,0.1240558586455881,0.0008706917032357,1.1477486311742584,0.093304816391319,-0.2437037114873528,-0.2254453053884208,0.2139390989206731,0.0450113185569643,0.1109390828218311,0.0,0.0
1631,15.8296282466501,5.053738175705075,0.1958972676303237,0.7353290896415711,0.9219661597665398,2.5495750116705893,0.1405715480819344,0.0011113325121952,1.0475477396243824,-0.1243536791615188,-0.1092887254357337,0.239699191339314,-0.155696607902646,0.2967208048775792,-0.1632681297529488,0.0,0.0
1632,5.970572365447879,5.244179551303387,0.3,0.674629724740982,0.7554185270704329,2.088953004717827,0.0651643723621964,0.0006300125292067,0.9769320313293804,-0.2651836825422942,-0.1028828421458601,-0.5,-0.0225366406328976,-0.1886331799831241,-0.2687972924243659,0.0,0.0
1633,7.049068256393075,4.261560220271349,0.289616038505733,0.6500000000000001,0.753761281332001,1.9793334062695505,0.0779156458191573,0.0005,0.7364935422790235,0.0003099516816437,0.2681322258934378,0.3539987128600478,-0.0413298555463552,0.1748021560218185,-0.2600128017161041,0.0,0.0
1634,8.880032112374902,11.960230363160372,0.1747007621049881,0.8407585249096156,1.0470664346795528,1.8479269824028013,0.3718302063271403,0.0013821786993981,0.2815787237336656,-0.2217460432089865,-0.0140359791107475,0.1599714997969567,0.245789205674082,0.251225001245737,-0.1684562912136316,0.0,0.0
1635,6.360495861694217,4.528674521669745,0.2881688442308455,0.6522071910500526,0.7814947635736316,2.10514170306921,0.0894834168441593,0.0005757526814339,0.8203764082919289,0.118098282482475,0.0014876303113997,0.254159590229392,-0.1441629572212696,0.204798393625766,0.0634409843087196,0.0,0.0
1636,16.03873015601188,5.424178381264209,0.1950553003147244,0.7210719422250986,0.9592287034783512,2.546841508090496,0.1035329370386898,0.0006799235666417,1.0921978057760546,0.0291355707943439,-0.1412461110949516,-0.0282340350747108,0.1057874319702386,-0.140533826040104,0.2628391264043748,0.0,0.0
1637,5.15659062627703,6.886425969004631,0.2600374034564942,1.0011692599654198,1.082959754174575,1.495185697376728,0.1272321903333067,0.0007667242199003,0.6191946876778079,-0.3,-0.1955190697833895,-0.0040919461660087,-0.1512306049279868,-0.1150028218384832,0.2355974820666015,0.0,0.0
1638,16.63155739042908,5.682064368203282,0.1896779055465013,0.710275492861867,0.9329459057841448,2.4915273512005807,0.1226665028743445,0.0011033926697621,1.245245899039182,0.1025086295306682,-0.2125450998656451,0.3107602930814028,0.464425261542201,0.1597965492978691,0.0329184364434331,0.0,0.0
1639,13.551601564250886,5.543145861104131,0.2265021057151258,1.05,1.0600525551661848,2.739831406891346,0.1790446751751005,0.0012100999117252,0.7418250357307297,-0.2512815672978758,0.2395767439417541,-0.3330501186661422,-0.347218187879771,0.35,0.0011622145567089,0.0,0.0
1640,14.615125205293298,11.324476597085596,0.2632830889757723,0.7863286257088185,1.1266786705646663,2.4061545974016187,0.3035949106700718,0.0022971238574395,0.4709292782433071,-0.3,0.2457238146029413,-0.336656794603914,-0.2907086244784295,0.3022570437360555,0.0779172704387456,0.0,0.0
1641,16.528898926600814,4.972340730577708,0.1994277525164187,0.7190934785157442,0.9473795740250498,2.5311885514855383,0.152204575240612,0.0009281057597505,1.178295695354086,0.0888054360821843,-0.2740751261897385,0.5,-0.1502901846170425,-0.1861491188574582,-0.1889315592255443,0.0,0.0
1642,16.353469769582155,11.7322157420218,0.2686604818843305,0.7971411883533002,1.1544217508230357,2.258965114355087,0.3151643401943147,0.0034870483287691,0.5633991445119255,-0.0672703370153904,-0.2207836836576461,0.3688456932641565,0.136689637247473,0.0399809582531452,0.3203729340396821,0.0,0.0
1643,6.6790174614265565,3.682768763974309,0.2253251212291419,0.7823952762484551,0.9277637316547334,2.228313583254814,0.2528220954351127,0.0095841633972424,0.8639314931049231,-0.2664631590172648,-0.2449615518003702,-0.0068996288627386,-0.0518399929255247,-0.2810254980623721,0.1178475195169448,0.0,0.0
1644,6.987743599191308,4.302074221521616,0.2207497230831533,0.7773450307697058,0.9304629033450036,2.286167490243912,0.2433287277072668,0.0115003107304008,1.170401186621755,-0.0779044158272445,0.0659807437621057,-0.5,-0.4310777496919036,-0.3338221012633293,-0.0353445428907871,0.0,0.0
1645,9.062516388781368,11.395819082483648,0.17,0.8555882243067026,1.0918592414092272,1.8365896446704864,0.4022911901585757,0.0015130040472781,0.2712227095451736,-0.1898201277069747,-0.216983339164406,0.268326734509319,0.4112586656399071,0.3426521982755512,-0.0438132411055266,0.0,0.0
1646,8.316338543780148,12.0,0.1788846977349371,0.8298130055218935,1.080882906407118,1.797840795814991,0.3741926208138466,0.0014290866208992,0.2873478391700856,0.2832499818317591,-0.1580596477612853,0.0069361827895045,0.4760130155831575,0.0347508130185306,-0.1165768745746463,0.0,0.0
1647,5.796855140663683,4.614143487438559,0.2907790979631244,0.6654491673707963,0.75,2.058102849602699,0.0956252996437251,0.0005946866783581,0.8356733519466176,0.0086871865354478,0.0033514352515339,-0.0007338257320225,-0.0722923311777412,-0.048556255672127,0.0547797322589903,0.0,0.0
1648,15.65542308434844,5.487752513960004,0.1985562067218125,0.7087176838368178,0.9686563233342022,2.4993335278630258,0.1441622247546911,0.0007547679853768,1.1883114050619483,0.0045876658670604,-0.1654649241752922,-0.5,-0.1335792448744177,-0.0504943224713206,-0.1904836763013154,0.0,0.0
1649,6.959717991128564,4.567672526463866,0.2857118230666965,0.6781422741860151,0.75,2.1470457134246828,0.0635289165377616,0.0005893231567023,0.7856229113298678,-0.0867397074736654,-0.268916076477617,0.3360373886860907,0.0967405905388295,0.1265441700816154,0.35,0.0,0.0
1650,7.633530380502343,5.057015247642994,0.2986670496966689,0.6591884904950858,0.7518906298913062,2.05904313570261,0.0917046114616095,0.0006244096827923,0.6903595648706417,-0.0110372135750949,-0.109690213792026,0.4764907389879226,0.3511861988157034,-0.35,0.0625696921236813,0.0,0.0
1651,16.32979211434722,4.7641817040741445,0.1943451556809246,0.7315522051900625,0.9454836199656128,2.465471307992935,0.1085432840324938,0.0007739531625982,1.2580300993061608,-0.1839394573308527,-0.1325886318683624,0.2428818581067025,0.3713975068740547,0.35,-0.0314578157328069,0.0,0.0
1652,7.615697143934668,12.0,0.17,0.8422915361970663,1.086139028923586,1.8519333057403564,0.4104499288462102,0.002083011217339,0.2690855427241576,-0.1821640989482403,-0.3,-0.3215271830745041,0.4103847633115947,0.1925431721955537,-0.0801389211416244,0.0,0.0
1653,11.28725478924811,3.2481836702674625,0.2349832348398864,0.7491742639243604,1.001956318616867,1.7646534242033955,0.1833048482984304,0.0046333596242618,1.534598791590889,-0.2377097478881478,-0.0287243086136877,0.2686367066949606,-0.461442232131958,-0.0081327182389795,0.2409117101356387,0.0,0.0
1654,8.069349137358367,12.0,0.1704010752789676,0.8524042693823576,1.0579969647098333,1.894879791855812,0.3992942108400166,0.0013676405479634,0.3216818662672429,0.2331715057343244,-0.1849213881120085,0.413861147928983,-0.3948998756892979,-0.1161525583136826,0.3022610884923488,0.0,0.0
1655,15.340713887996973,5.019544238597154,0.202160358717665,0.7032880481183529,0.957302222225815,2.44017865651846,0.1201412691362202,0.0009105788410156,1.0607039455179434,-0.11438181643188,0.148936331436038,0.0093534814938902,-0.0403443918004631,-0.1886014050152153,-0.2013780835103243,0.0,0.0
1656,12.050102418214085,10.556735262274742,0.247178160520643,0.8557305843830109,0.780542594594881,2.795130288720131,0.3686176072247326,0.0045075265700905,0.3818622085652402,0.2488839382007718,-0.1440924066826701,-0.1494678518548607,0.3156972533464431,-0.0150208652168512,-0.0623498340975493,0.0,0.0
1657,10.720135034583508,3.012412902340293,0.242119005376473,0.7593698244392872,1.035772069266066,1.715317741513252,0.1893607079610228,0.0047906434825337,1.5606910250399142,-0.1983740459382534,0.1601120997145771,-0.140165611449629,0.5,0.0610588342323899,-0.2333009473327547,0.0,0.0
1658,16.264728194102645,11.434892511740326,0.2647260162640363,0.7543578178733588,1.1365429357085377,2.424252051889896,0.3306020939722657,0.0022476869047121,0.4946173653877616,-0.2352713823169469,-0.1586389026381075,0.1290265707671642,-0.0794802195206284,-0.2598879402969032,0.0375831943973899,0.0,0.0
1659,13.895935799628496,6.063566705584526,0.2248282717086374,1.05,1.042231550289318,2.619345545113087,0.1623260258883237,0.0012353364458441,0.8187401436426829,-0.2743128527328372,-0.0243098775185644,0.1175639493577182,0.3610064456798136,0.194219994528219,-0.1752106335759162,0.0,0.0
1660,6.312263385988772,4.71350485868752,0.2978839028123766,0.6832918327897788,0.75,1.969767741084099,0.0744626785628497,0.0005,0.8917646139739669,-0.0979213817082345,0.155960010252893,0.4658421859703958,-0.2624725298397243,-0.1556557521559297,0.0064873871169984,0.0,0.0
1661,7.531623346693814,4.500807112082839,0.292817172768712,0.6500000000000001,0.7648388746865094,2.1003819454312325,0.0612281211093068,0.0005699788860218,0.8074522481228578,0.2353943415842949,-0.1719549956470727,-0.0103574228659272,0.4048183450847864,-0.0055852724276483,-0.1231504471302032,0.0,0.0
1662,7.070999967940152,5.271243585646152,0.2954619489282369,0.6693368140906095,0.7720740039702505,2.108707269906998,0.0930670774169266,0.0006449430693926,0.6775549856818504,0.2252898756377399,0.2109703437723219,-0.1789732766710221,-0.2915083690546453,0.0631368668023496,0.2997799792084842,0.0,0.0
1663,7.292680366970599,11.50748234950006,0.17,0.8333315116167068,1.054575470192358,1.84249814003706,0.3758683117851615,0.0015403624016771,0.3406865238049145,-0.0075350456424057,-0.2700569375418126,0.0681287518516182,-0.4319425521790981,-0.0277014004457741,-0.2139640081506222,0.0,0.0
1664,15.77319550987333,5.540709744766355,0.200244249817729,0.7311348493099212,0.9601332780830562,2.5369552676081657,0.1313817694224417,0.0008696432875964,1.1615008302405063,-0.1492255422435701,-0.2679889409914613,-0.3568458421714603,0.4087143978662789,0.0863242914658039,-0.0834062320422381,0.0,0.0
1665,14.953243038542569,5.984208660200238,0.2237967132400721,1.0331054705828429,1.03328601542674,2.599260418355465,0.1619495662860572,0.001561599426495,0.8435145831580715,-0.2732667860649526,0.1355012211352586,-0.1485542404279113,0.3313923851773143,0.1222597082201391,-0.2246419454831629,0.0,0.0
1666,7.525360001511872,5.044200421869755,0.295510800044611,0.6785598767399789,0.75,2.02765577095747,0.0866567720472812,0.0005420174606703,0.7084560107535431,0.0002479235194623,-0.1436426924429834,0.1406984920985996,0.1947979518212378,-0.1049029961526394,0.35,0.0,0.0
1667,14.217883324362337,5.576322373747826,0.217474164263159,1.0199985996335743,1.0591475496646017,2.74682020932436,0.1506089468486607,0.0009451356337061,1.0330025434154553,-0.2738465081937611,-0.2012912695147097,-0.0158624745905399,-0.2449871166050434,-0.1432332881577313,0.1347571006454527,0.0,0.0
1668,7.431634473353624,12.0,0.17,0.819524125546217,1.0742539612725377,1.892603436112404,0.4194812978059053,0.001842290728557,0.2614701131871084,-0.3,-0.2756569068878889,-0.0382764742523431,-0.2030164299532771,-0.1226581862363964,0.1117790486551821,0.0,0.0
1669,17.127195646092296,4.9271107282489535,0.2033745723411441,0.7370004578977823,0.9433424282502384,2.4436737622618674,0.1140633642300963,0.0007218779451016,1.2553573635556885,-0.0840867269709706,-0.1753911211788654,-0.3011970186792314,0.1291316382400691,0.1804889528807252,0.3215986166372895,0.0,0.0
1670,10.730571213923394,3.668452553451061,0.2291822117015719,0.7487568986564875,0.9873103579245508,1.690638388395309,0.2201801953464746,0.0045554077171544,1.4023966854023109,-0.2367226513400674,-0.10355484463647,-0.4413478226587176,0.0665193423256278,-0.2160198938883841,-0.2313327732440084,0.0,0.0
1671,15.515677897408604,4.959996355324984,0.19702149833031,0.7260586256533861,0.9691868650149552,2.594601176798344,0.1254059293866157,0.0010305915539841,1.0753295427544942,-0.2807232430279255,0.0011626757271587,0.0783802351169288,0.2611253284849226,0.2207739558592438,-0.2202391495313495,0.0,0.0
1672,15.333615785725414,5.675583784654736,0.1911716514475643,0.740853926256299,0.924770411906764,2.6089516952633858,0.1549449446611106,0.0009895613032562,0.9304487364380885,-0.188218187727034,-0.082900967080146,0.1323043450154364,-0.3803831051476299,0.0753018359635025,0.2990499742347747,0.0,0.0
1673,16.55459321144968,4.694122555479408,0.1958565327744931,0.7019612385779619,0.9635521952658892,2.493384536862373,0.107931094020605,0.0007456102083021,1.2357462948673932,-0.3,-0.2313534635268151,-0.0038888058811426,-0.1867114841938018,-0.1772904502581805,0.1277086569648236,0.0,0.0
1674,17.301325522698463,5.408323512971402,0.1936244037073105,0.7278060152679682,0.9505885651689022,2.483510730922222,0.1436024378426373,0.0007770295879901,1.224268331084946,-0.2778226061537862,0.1985212796330451,-0.087023877967149,0.3652974790520966,0.108805717241019,-0.260215678717941,0.0,0.0
1675,10.073097043558954,3.522616202384233,0.2413851180084049,0.7449005521088838,1.0058831918053328,1.7053538857698438,0.2085965627990663,0.0056575731047818,1.3113505256515727,-0.2008054839670658,-0.2205014873296022,0.0198813503980636,0.0091992582380771,-0.35,0.1041698251143097,0.0,0.0
1676,16.34161955550313,5.307575194910169,0.1989868544843048,0.7179393731951713,0.9399485137481242,2.586291276812553,0.1374878040514886,0.0008410987470205,1.1301460316238412,0.0727711746208369,-0.0952911761663854,0.2246121568605303,-0.3640177148208022,0.1123778178226202,-0.2188027374073863,0.0,0.0
1677,11.535864847935736,3.4359394814819098,0.2272473084323108,0.7652214121818542,1.0188698460683223,1.6760879883170126,0.2025255276449024,0.0061114423436836,1.2157449666269968,-0.1886181169487536,-0.3,-0.232589323092252,0.4249289833568036,0.1399715946931392,-0.067336983807385,0.0,0.0
1678,16.86318263947964,5.799835978448391,0.2014091933481395,0.7070330634117127,0.9657837644834072,2.458220865726471,0.1488283655978739,0.0009217547784089,0.99152261420779,0.1439681587703525,-0.2000290294513106,-0.1780134807527065,0.2262654715776443,-0.0189825307764113,0.0124397291708737,0.0,0.0
1679,15.661686293631792,4.832446462661028,0.194394349905476,0.7463278721570968,0.9201922406516968,2.5706065773367883,0.1018583420291542,0.0006959541713053,1.323017859768861,-0.181688743147999,-0.119561127975583,0.1077303612791001,-0.1464017956145107,0.35,-0.0647694966103881,0.0,0.0
1680,5.803951442278922,5.308123110234737,0.2939697498615831,0.6518863110989332,0.7672637221757322,2.0333766701221467,0.0530872875638306,0.0005483462575984,0.9084865855390551,-0.2023502347804606,-0.0921568529494106,-0.5,-0.0431721052154898,-0.2036526632085442,-0.30304447969608,0.0,0.0
1681,6.865138218589127,4.320811737328768,0.2889008588872849,0.6611510712355375,0.75,2.106990347325802,0.0703061483800411,0.0005,0.6808592313730071,-0.0490770664997398,0.2788065054528414,0.3644205716066062,-0.0198208853416144,0.1932515786327422,-0.2238929929379373,0.0,0.0
1682,9.055141800828276,11.939944834262132,0.1788358205832541,0.8209634783864022,1.058898961175233,1.9093626919984816,0.3679544579423964,0.0015878703858498,0.3019114042070968,-0.2846321569494903,-0.0306717218086123,0.1707450011745095,0.3115509121119976,0.2642755809817462,-0.199227466225624,0.0,0.0
1683,6.554027946032583,4.503696950897575,0.2903484343644231,0.6749533771127463,0.7696491436064243,1.9718128870129583,0.0886689199879765,0.0006621963188705,0.8742737801478243,0.1674324995018541,-0.0150959875434636,0.264839638415724,-0.2104574080370366,0.1883178754430264,0.088271300509572,0.0,0.0
1684,16.13804757423699,5.4367059245705605,0.1884656043849885,0.7435131047070027,0.9676863329708576,2.4883134725689886,0.1118609392642974,0.0007701358228756,1.021628078530067,-0.0201962447091937,-0.1305720322988927,-0.0179028081707656,0.1301089061982929,-0.1496316751204431,0.3034809660427272,0.0,0.0
1685,5.2742260702699415,6.90363647043705,0.2592917482305318,0.9817766607552768,1.074489237204194,1.625797188937664,0.1385926049761474,0.0008658755073251,0.5827866890009136,-0.2394532868787646,-0.1847928798235953,0.0063327446579933,-0.1746785654872656,-0.0945692725926637,0.1891378304921091,0.0,0.0
1686,16.54045042566955,5.628819854930043,0.1938434398647397,0.7296708818376064,0.941415997892618,2.556008511722088,0.1227895065769553,0.0009739828712482,1.3432381721293032,0.1518931045755743,-0.2291289321631193,0.3215364555455744,0.3953183147497475,0.1708630014602094,0.0533497686590999,0.0,0.0
1687,13.443289854973552,5.49458430595696,0.2287121568113565,1.031614379182458,1.0515953247863798,2.60345429033041,0.1836064271256327,0.0010716392793292,0.804727644382201,-0.3,0.2229412156865,-0.3223672384023666,-0.2786439774185419,0.3403508868683129,-0.0172734492775052,0.0,0.0
1688,14.711192995198072,11.334806338325144,0.2693929031390696,0.7575349969118834,1.121530316222459,2.254579360723495,0.3091096694767475,0.0025992136706568,0.4552117833036693,-0.2752490613162517,0.2353562587872147,-0.3470621604472398,-0.3123101724684238,0.3207216932475566,0.0318494102079421,0.0,0.0
1689,16.643386971987784,4.987353358417749,0.1996935241162777,0.7448410851657391,0.95251483489573,2.562847324311733,0.1532514031417667,0.0010492116933103,1.1459284067561772,0.0403173774182796,-0.2844948020204901,0.5,-0.1295729327760637,-0.2011530672647059,-0.1488507003840058,0.0,0.0
1690,16.248078244961796,11.677067539840936,0.2640150657996535,0.7713962627500296,1.149286889065057,2.41639972603321,0.3274778761342167,0.0030812635883309,0.5708120882398238,-0.1292591456249356,-0.2045129693560302,0.35817113019526,0.2030659182369709,0.0234849052522331,0.301406089823693,0.0,0.0
1691,6.5563189625740055,3.632303448393941,0.2226351865068078,0.8111857324391604,0.9329116611350328,2.1909829354286194,0.2620738074183464,0.0084787576555969,0.8804852133974261,-0.2179224520772695,-0.228639126252383,-0.0176566480658948,-0.117694320064038,-0.2679901452269405,0.1387638895362615,0.0,0.0
1692,6.815366032980382,4.364112947136164,0.2268290762837976,0.8057418372929097,0.9287029385901988,2.131637624382973,0.2415630552731454,0.0100197773946704,1.1516107236252189,-0.1264476779736578,0.0555612775459885,-0.5,-0.4075480045564472,-0.3134040793254971,0.0013833505660295,0.0,0.0
1693,8.872936218455434,11.453165694698692,0.17,0.8301454069018364,1.0936320678927005,1.871200036883354,0.3974934484064579,0.0013143720625651,0.2653673378330237,-0.1278304118402302,-0.2273511045947671,0.2580009819939732,0.3868446109443903,0.3335391147844493,-0.0784685618840157,0.0,0.0
1694,8.479114063456654,12.0,0.1742697572577745,0.8552526558637619,1.0791096550617367,1.95832378667593,0.3656318333558738,0.0016400859408106,0.2964004981956899,0.3,-0.1417370230592787,-0.0037412123568356,0.4073461817391217,0.0123638941626995,-0.0921844922956079,0.0,0.0
1695,5.9779465457052,4.586969187483192,0.2881196239709854,0.6500000000000001,0.75,2.0177268323898314,0.0826263359189033,0.0006846700126066,0.8566761298056215,-0.0533551840446889,0.0196219503991305,-0.0114935060217976,-0.0031035568937659,-0.0374742762017995,0.0245233954656869,0.0,0.0
1696,15.841457794234156,5.559063339978456,0.193230293072015,0.7219386371821165,0.9702160059325396,2.5263956721425056,0.104359820112586,0.0010589706738272,0.9407096825338565,0.0687781442888081,-0.1298798413909971,-0.4411198905296624,-0.1241086305491626,0.0115270217694341,-0.100598565204069,0.0,0.0
1697,6.987709452658892,4.184277166426182,0.2997443005826323,0.6672079533785582,0.75,2.1201080293655394,0.0872720775008201,0.0005,0.909580347719144,-0.1305475267879665,-0.287278438758105,0.2941558695584536,0.1092427236586809,0.0645038330517709,0.2843878388572484,0.0,0.0
1698,7.447774016410112,4.98770028911531,0.2884662852849811,0.6500000000000001,0.7536449700538069,2.086095077574253,0.0516716870479285,0.0005,0.8812086975087556,-0.0750959630794823,-0.0992664051130413,0.338303668666631,0.364083861541003,-0.2958301315512509,0.03457607768476,0.0,0.0
1699,16.302078998610376,5.1401612747460605,0.195702246851474,0.7438224770873785,0.943923943804577,2.438523421525955,0.1325243032909929,0.0009362416515714,1.0947096232215716,-0.1399996966682374,-0.17621696613729,0.2852819230034947,0.3818788415938616,0.3136427423339337,-0.0034649218022823,0.0,0.0
1700,7.501149441190064,12.0,0.1782227333869785,0.8530954980701209,1.084335453160107,1.8309998960494995,0.3863873489759862,0.001326555109305,0.3077938910937335,-0.2261062281355261,-0.2950730098374188,-0.2789540835097432,0.419722828567028,0.1304906681962311,-0.0533764959610998,0.0,0.0
1701,11.04583730995655,3.328924481570721,0.2334156607501208,0.7361803720891475,1.0035854177568106,1.7857201861739156,0.2231978472322225,0.0049867617453696,1.200676231072641,-0.1736502778083086,-0.0454762157388031,0.1306226710416376,-0.4488075606711209,0.0539387635290622,0.2141485644467174,0.0,0.0
1702,8.184175134934485,12.0,0.1758002434544265,0.8398893807381391,1.056367859132588,1.873933147072792,0.3754550554044544,0.0021477368881544,0.2766560638356666,0.2769818995669483,-0.1762621242776513,0.3721526634693146,-0.381957608833909,-0.1781278500985354,0.2116364940460771,0.0,0.0
1703,15.582409662120044,4.940909122303129,0.1879175163712352,0.7149928896129132,0.9591058044265957,2.4612321833968163,0.1597888566739857,0.0008459102195489,1.3376432995834542,-0.1785732214227318,0.1036480970978736,0.1468710298649966,-0.0299076719395816,-0.1266374015081674,-0.1107546911630779,0.0,0.0
1704,11.935344633236529,10.335443048551678,0.2524354660175741,0.8434251698255539,0.7787110035941005,2.7741970106363296,0.3473285244591534,0.0028735434943629,0.443967669937074,0.3,-0.1802505638077855,-0.0177463104017078,0.3031066079996526,-0.0769846283979713,-0.089727433571592,0.0,0.0
1705,10.478366716094316,3.54578964561224,0.228018025708571,0.770891559034586,1.0373764492683113,1.7363842688798905,0.2245849966630339,0.0051507465431267,1.2376917033967982,-0.2422107075825333,0.1780060324296355,-0.1876797373220324,0.492186847962439,0.1230343663431704,-0.2059226273503154,0.0,0.0
1706,16.37920770123601,11.65422551482916,0.2748582924712449,0.7653273085206748,1.1349385492689907,2.403305641710758,0.309558537043631,0.0035261365929299,0.4324554431209819,-0.2993573197647929,-0.1693333869762718,-0.0035444795899093,-0.0898729132674634,-0.3219596623908727,0.1290690568871796,0.0,0.0
1707,14.1374258402735,5.53756909482181,0.2234025602973997,1.0389605736285448,1.0440631477274,2.6403989403843884,0.197326775714755,0.0011487836702717,1.0463410548511285,-0.2303969905525446,0.0189431363157927,0.1655924152955412,0.3480203136429191,0.256272258201614,-0.2666952939666807,0.0,0.0
1708,6.498086348883808,5.237451473623514,0.2875412608448415,0.6715284097045661,0.75,1.9968301199674607,0.05,0.0006226992237959,0.6986963669595184,-0.1418346685655415,0.118191397972405,0.5,-0.2750185174122452,-0.0936616252958774,-0.083766804523766,0.0,0.0
1709,7.559265497885644,4.270048256218433,0.2943161414951085,0.6564503964036703,0.7630565130505711,2.0734441297650337,0.082133526392281,0.0005,0.9278274695930604,0.299479351658374,-0.1557761628627777,-0.1427499453909695,0.3953917676024139,-0.0675911832377314,-0.0328950533904135,0.0,0.0
1710,6.884898642264307,4.754566275700927,0.2899941577225923,0.6823893118351698,0.7738563591688872,2.1357593433856965,0.0577485680766403,0.0005,0.8558101571268568,0.2691241679526865,0.2019357595033943,-0.2263088747113943,-0.3020335582271218,0.1251774441581219,0.3278965804409235,0.0,0.0
1711,7.264759852997959,11.736098853498698,0.1801880691427737,0.8225861542224884,1.053040513370186,1.815550018966198,0.3970043512806296,0.0018614441723063,0.2942860449916891,-0.071699262689799,-0.225039378862828,0.2000288211368024,-0.4447961780615151,-0.0897225043606013,-0.2420798888746649,0.0,0.0
1712,15.646380056664349,5.265905761346221,0.1896447898540646,0.7256547021865845,0.9457981476299464,2.547857979297638,0.1497973207570612,0.0007402817607128,1.0525584746337286,-0.1644950595013797,-0.2339442441388965,-0.2798541785404086,0.3153513384237885,0.125239523557946,-0.03446842093952,0.0,0.0
1713,14.826366838663816,5.858227817341685,0.2266033015318214,1.0274173170775176,1.0459508849736303,2.61011654150486,0.1501459525339305,0.001375309357074,0.9232032977791756,-0.2579717119149863,0.1154919532835483,-0.242422064114362,0.459208552185446,0.067598328853026,-0.2459480460043996,0.0,0.0
1714,7.679032851010561,5.285021210461855,0.292711606042087,0.6722509971261025,0.75,2.0168201792240144,0.0672886109352111,0.0006110268052968,0.938941905332793,0.01535256941244,-0.1232376021556556,0.0405012623220682,0.096515421308577,-0.1605570455193519,0.2467431849762797,0.0,0.0
1715,14.371616920530796,5.665967044979334,0.2280814350228756,1.0134758485406636,1.073483516966924,2.7359379818439487,0.1614901703782379,0.0011000790835485,0.7718984914779755,-0.28892397499457,-0.2348322145231068,0.0562058512307703,-0.1136577285267412,-0.1033407819457352,0.2202556984201074,0.0,0.0
1716,7.589958422370255,12.0,0.1746677062705159,0.8254023768603802,1.0869023513272404,1.904212248623371,0.4010633432120085,0.0020598552155501,0.3505641878736093,-0.3,-0.2416777160167694,0.0337959754653275,-0.2513330687396228,-0.1310506962034851,0.2277317404821515,0.0,0.0
1717,17.285458304844795,4.6792484480887655,0.1905810936558991,0.742289843454957,0.928990818304941,2.455329552412033,0.1258657191321253,0.0008333459010703,0.9510977246736702,-0.0723898219987749,-0.1953579543381929,-0.4013901352882385,0.2119013980031013,0.2046430060025304,0.2410295950882137,0.0,0.0
1718,10.599382922053335,3.806159929186106,0.2419829655993729,0.7554646206051112,1.0016628047190606,1.6790089876055716,0.2395498441904783,0.0039745501349931,1.2827607680546136,-0.2248225722536444,-0.0831336868442595,-0.5,0.0132784246094524,-0.1928585182763636,-0.2851847646925598,0.0,0.0
1719,15.384550895802676,5.246508730947971,0.1920288211897015,0.7321833354979753,0.9565393118094652,2.5830187093019488,0.1145268802344799,0.0009302986288413,1.1924034435262327,-0.2926505269557238,-0.0324701424501836,0.1553732680156827,0.3474131171777844,0.2133587275221943,-0.2018784943763166,0.0,0.0
1720,15.49590760409832,5.726563375815749,0.2017786644112318,0.747388749435544,0.9374180552344769,2.6198575204610823,0.1449887515418231,0.0011052874874761,1.2305631341179275,-0.203521294824779,-0.1037246887721121,0.2374221619963646,-0.3169468159228563,0.0827170680556446,0.18766587360017,0.0,0.0
1721,16.71696371510625,4.893925501778722,0.1930576295770704,0.7082821931391955,0.949199838593602,2.504243405878544,0.1282528886198997,0.0008616273393194,0.9212155768833586,-0.2973980118110776,-0.1982311483137309,-0.0921304654888808,-0.262100905124098,-0.2004518296252936,0.2115840929541737,0.0,0.0
1722,17.18314697697759,5.3936777330935,0.196431266067177,0.7334820709377528,0.9649401107411832,2.4726782512664798,0.1563276469893753,0.0006786475131262,1.105249016816819,-0.2627498764023184,0.1640578499883413,-0.1703422078117728,0.4252157393470406,0.0846516678743064,-0.2106544616892934,0.0,0.0
1723,9.954839812554418,3.3567942336201666,0.230785409547016,0.7503686042577029,0.9932347373776136,1.6944744055867194,0.191130752172321,0.00510175831917,1.4299872624462355,-0.2159053912013769,-0.2009109538793564,0.1313285868801176,-0.0612658837623894,-0.3450036431290209,0.0822249387465417,0.0,0.0
1724,16.219050759114324,5.480436223372817,0.1939939344249666,0.7118032979369163,0.9256126365680248,2.5978973420262337,0.1474461715482175,0.0007167190920384,1.031393074157212,0.0610662350915372,-0.1161309653632342,0.336055266764015,-0.2555399522744119,0.0724853078555315,-0.2713247647024691,0.0,0.0
1725,11.413374193236232,3.4576061267405747,0.2400483382578939,0.7585023276805878,1.031533968888223,1.6877406663894652,0.1822052207775414,0.0053768570525775,1.3451417166831374,-0.1768876478858292,-0.2984845057167113,-0.3159117687866091,0.3044980810582637,0.1956256478149443,-0.0503216727264225,0.0,0.0
1726,17.03014293540269,5.58832249417901,0.188616003608331,0.7017550175189973,0.9531188305635004,2.4465887190699576,0.1361018976010382,0.0010380452750263,1.3246340427182757,0.1558907040394842,-0.2344269531145691,-0.2662565176747739,0.3312300130538642,0.0356788448356091,0.1287380092125385,0.0,0.0
1727,15.828568447865546,4.769737906754017,0.199394693543762,0.7404609633684158,0.9345273067317904,2.5590209963321686,0.1193217493966221,0.0008108796424322,0.9984840161213444,-0.1935840851850807,-0.10001302921772,0.2128468116745352,-0.2619132268428802,0.3218107282333076,-0.1456994881723076,0.0,0.0
1728,5.889444886445999,5.23053604029119,0.2858553702674806,0.6500000000000001,0.75,2.10450719755888,0.0597140496596693,0.0005,0.8010782648561274,-0.2010927183665335,-0.1418480057716369,-0.5,0.0240790129452943,-0.1835402136929333,-0.2135574422124773,0.0,0.0
1729,7.090392083078623,4.39905627258122,0.2965276324804872,0.6834619467556478,0.781212065398693,2.036892534732819,0.0769188343547284,0.0006139527547102,0.8776679250075791,-0.0705870532281696,0.3,0.3276634102873504,-0.0872642709501087,0.1810025930032134,-0.3152862961497157,0.0,0.0
1730,8.925813412815332,12.0,0.1716967961560935,0.8346614377945661,1.0727718861289322,1.7903726146817207,0.3745849894359707,0.0018956433868002,0.3459565914036694,-0.2859062526337803,0.0245055585689842,0.1778665531054139,0.3787999736890197,0.2608937659244984,-0.2236837496198713,0.0,0.0
1731,6.28382585644722,4.4319423422217366,0.2989500945471227,0.6702675481736661,0.7532447610497475,2.08958274948597,0.0952851464785635,0.0005,0.6833128461697721,0.1889524737037718,-0.0645960311628878,0.2812178423441946,-0.2778987370617687,0.2153285352457314,0.1186963191144168,0.0,0.0
1732,15.9375668675825,5.513723671063781,0.1959512210424989,0.7272106970995664,0.932620161473751,2.6092765234708786,0.1053480457700788,0.0009250927985185,1.332945100145203,-0.0147070538029074,-0.0722223983779549,0.043826963622123,0.2423139540664851,-0.1452653799206018,0.3340886398628354,0.0,0.0
1733,5.217958908937871,6.827129704877734,0.2513185255721211,0.9830904662311076,1.1103989510983228,1.5036139231920242,0.1320949322357773,0.0005967144912001,0.5199855923211412,-0.2651965992674231,-0.2378705698996782,0.0588058537244796,-0.2870758888497948,-0.1225644125379622,0.1643758450075984,0.0,0.0
1734,16.697374449335037,5.555838457494974,0.2023044191859662,0.7403483329862356,0.9586629443764686,2.483092167377472,0.116280396785587,0.0008310730651399,1.0127605817722898,0.1464139075800776,-0.2819891426302492,0.2394277370907366,0.5,0.1517350320871918,-0.0383492366429418,0.0,0.0
1735,13.454887052066624,5.568077824264765,0.221713813245669,1.0119256215393544,1.0318173326868565,2.677403349518776,0.1771123092062771,0.0014924336878046,0.8899689280037615,-0.2883873931914567,0.28150832599774,-0.3966708734631538,-0.3910433573648333,0.35,0.0723962434213608,0.0,0.0
1736,14.518085844516754,11.2618340626359,0.2779947836920619,0.7682330946326256,1.1540716219134628,2.373714469373226,0.3025999874807894,0.002926575844141,0.575649212307833,-0.2731486237049102,0.2843854526169598,-0.3665268627554178,-0.4248854020610452,0.3094571877606213,0.0073926456924527,0.0,0.0
1737,16.594493094831705,5.060837759450078,0.1925542458448559,0.7251553931087256,0.9208170716017484,2.4447420008182528,0.1467560263723135,0.0006763663693245,0.9879324218558784,0.0179628183245658,-0.3,0.5,-0.0168384188599884,-0.1820250978916883,-0.118427124204114,0.0,0.0
1738,16.41460646405816,11.754094403609631,0.2716415874082595,0.7550734860897065,1.1261404887624085,2.345405439436436,0.3209646393172443,0.0028048969726179,0.4588551338947011,-0.1313761689439415,-0.2598652397319674,0.3979941798001528,0.0904927505925297,0.0514800451975315,0.35,0.0,0.0
1739,6.577520626895129,3.555787561088801,0.2145210328619927,0.8124967441260815,0.9535270158220082,2.2607599368691447,0.2555746469460427,0.0126232414342264,1.035010612121488,-0.1955578990727663,-0.1794187206253409,0.0089106831885874,-0.004961868096143,-0.2723564404267817,0.0473691448383033,0.0,0.0
1740,6.910737839490175,4.436516972258687,0.2198309530884027,0.8194194276481868,0.9578674418367444,2.2045964602828025,0.2481930145621299,0.0093295088050718,0.95820683743139,-0.1218014147020876,-0.0033720377795398,-0.4753375317342579,-0.4751650464348495,-0.3404147391282021,-0.090317096222192,0.0,0.0
1741,9.108068173490464,11.381420279294252,0.1775466860726476,0.8254567841738463,1.0653115190304816,1.7970239158272745,0.4041084160469472,0.0020098053381751,0.3237229874906658,-0.1527291454263031,-0.1749617439173162,0.342472474463284,0.4546209505572915,0.3369209298416972,0.0112006506323814,0.0,0.0
1742,8.357441552244127,12.0,0.17,0.8479503881782293,1.052586864301935,1.8374120178222653,0.3722582521289587,0.0018353045129887,0.3525550196171988,0.3,-0.08913008017838,-0.0531498064287006,0.3397270779125392,0.0246128797922283,-0.0615782609004527,0.0,0.0
1743,5.715400604717433,4.665222911536693,0.2956054665777832,0.6593689999878407,0.7734554548356682,2.139668386399746,0.089237534161657,0.0005,0.6970206813503463,-0.0284730297289788,-0.0390937859416007,-0.0756066404655575,0.0646748446673154,-0.0575867257174104,-0.0002390711400657,0.0,0.0
1744,15.75017624013126,5.463626230508089,0.1917798245374113,0.7388147738128901,0.9403536380343138,2.466148295402527,0.1378949990868568,0.0009311127646809,0.967809112550424,0.0484929571934044,-0.2045488950423896,-0.5,-0.1804804605059325,-0.0576983605269342,-0.1197139721494168,0.0,0.0
1745,6.896410095840693,4.692360331118107,0.3,0.6500000000000001,0.7567801769971847,2.0598676131367686,0.0612469384819269,0.0005,0.9411950777639096,-0.1238455723933875,-0.2033744353987276,0.4081197615712881,0.1429167943447828,0.1224163527172058,0.3035227140802889,0.0,0.0
1746,7.574679958969355,5.117117195948959,0.2880210121586918,0.6652548155337572,0.7792885251883417,2.1462281939983368,0.0931664611957967,0.0005,0.8438737551165512,-0.054879902947694,-0.0710300748646259,0.4128486153669655,0.2177140942029655,-0.35,-0.0081972633004188,0.0,0.0
1747,16.429002743884922,4.673098312690854,0.1972139093164354,0.7134493672400714,0.9189425407815724,2.4986495824456214,0.113521259445697,0.0010527660198873,1.0547848192177602,-0.1467973190210759,-0.1985536928996443,0.1714827856793999,0.5,0.35,0.0392658796161413,0.0,0.0
1748,7.694867615289986,12.0,0.1768026702865958,0.8362186989337206,1.0578512266650797,1.7711289866566655,0.4128548861853778,0.0016345351936524,0.3301485249973422,-0.2463243465945124,-0.2634419198893011,-0.347929002083838,0.273396904617548,0.1991396139692515,-0.0254132496602833,0.0,0.0
1749,11.239538224935531,3.1946643635630605,0.2339521166760474,0.7673072565197945,1.027726142982021,1.7258445135354994,0.1892257024347782,0.0063559802391537,1.2799823245970914,-0.1668555441945791,-0.0711682479791343,0.2499918364919722,-0.3251793852634728,-0.002397563284263,0.1861427785791456,0.0,0.0
1750,8.026081349290909,11.910698123276234,0.1753245646614581,0.8222655116468668,1.0853833758607507,1.9336839417815208,0.3939593353308737,0.0017006193204678,0.2633607212626835,0.2972625596299767,-0.2542731968164444,0.4409407742321491,-0.4382855954021215,-0.1060108211785554,0.2475076743867248,0.0,0.0
1751,15.424333135597408,5.031796132400633,0.1893986467704177,0.7453668447136879,0.9307462600003928,2.5209877363443374,0.118790954593569,0.0006915155150465,1.266022910852832,-0.1852788853123784,0.1909601467475294,0.0273150566034019,0.0037225660867989,-0.1795670484490693,-0.1466064032260328,0.0,0.0
1752,12.133500915542244,10.507193939760327,0.2539164692912251,0.8737982837855817,0.8062529897913338,2.8099514678120614,0.3663297354616224,0.0033120592510883,0.4691679800329746,0.2927381479293107,-0.1055494713038206,-0.0752569633908569,0.4494126889668405,-0.0201177255380898,-0.1178348848167807,0.0,0.0
1753,10.676540257520974,3.1116856679320337,0.2275425080962479,0.7532683594226838,1.0075434901826084,1.7721332296729086,0.1830883896723389,0.0061536181862553,1.2999398189372535,-0.2355342754796147,0.0940302334427833,-0.0793352985009551,0.3685345809534192,0.0548546008523553,-0.1777803307231515,0.0,0.0
1754,16.216675943285228,11.45082942098379,0.2753949077181518,0.7964533518105745,1.1099277503080665,2.367431070566177,0.3355855053290724,0.0029847902739628,0.4055832290743288,-0.2791684717163443,-0.1976019620709121,0.054131013918668,-0.0335688895545899,-0.2695605990067123,0.0930575355924666,0.0,0.0
1755,13.974876823201775,5.928318275138736,0.2219823644924909,1.0220844439715149,1.0696773906089363,2.6045298591852197,0.1637934260070324,0.0010018886646306,0.9756799456814278,-0.2372218056768179,0.0413514527119696,0.0574128169938921,0.3143701038882136,0.1836860565096139,-0.2307109276242554,0.0,0.0
1756,6.411242359392345,4.841877678781748,0.2890526697851717,0.6500000000000001,0.7719515688568354,2.0329581090807918,0.0803782111965119,0.000585318709729,0.7252735103830161,-0.1620272261090576,0.0865148932635784,0.450693800188601,-0.2186707897856831,-0.150920394366607,-0.0645148830637335,0.0,0.0
1757,7.472439311109483,4.477976281940936,0.2938711559485644,0.6740742610245943,0.75,2.109578347682953,0.0636274136230349,0.0005,0.9687017792346356,0.3,-0.13002573826164,-0.0402502331323921,0.3616978432051837,0.0019802047926932,-0.0521741298027336,0.0,0.0
1758,7.007367156110703,5.18413817845285,0.2905003675352782,0.6512624200731516,0.75,2.099517093241215,0.0917225421406328,0.0005,0.8269048473234216,0.2894320079125464,0.2799920408092439,-0.1631402171403169,-0.1556837733462452,0.0712021879218518,0.35,0.0,0.0
1759,7.387210564129054,11.56917271986604,0.178737341504544,0.8394629488885402,1.0820327946580943,1.7793015464544295,0.3705386433377862,0.0019619919624083,0.286100787730902,-0.0783777531199157,-0.3,0.0973423868976533,-0.5,-0.0165598661452531,-0.2849510350022465,0.0,0.0
1760,15.881514126621187,5.337642039358616,0.1967801386535168,0.7449745941311121,0.927706007581204,2.477754304111004,0.1581714741885662,0.0010931194309561,1.2939183359020987,-0.1522687415890395,-0.283004645805806,-0.197338279299438,0.4279485386610031,0.1217308164108544,-0.0688285433258861,0.0,0.0
1761,14.921740760095416,5.785832929611206,0.2180055847685784,1.0171092814803124,1.0648869794066995,2.681252931535244,0.1585341820865869,0.0011627169535611,0.7760322876117725,-0.2769505001418292,0.1711096995882689,-0.1691628168709576,0.3464081223122776,0.0947281903158873,-0.2096816578898578,0.0,0.0
1762,7.41648467618972,5.206758349016309,0.3,0.6705558740645647,0.7649369924906642,2.134595897853375,0.0756589949689805,0.0005,0.7695613271744294,0.003109672229737,-0.0678506220504641,-0.0202060943096876,0.2091105636209249,-0.1403100134842098,0.3420725532732904,0.0,0.0
1763,14.249942175485192,5.743572445586324,0.2204583668120205,1.030158657312393,1.036731493419036,2.6169420483708383,0.1698748594149947,0.0012695400243078,0.9278898583624756,-0.2699351992942393,-0.2841233791708946,0.0033035887219011,-0.226456100475043,-0.1157012788057327,0.1189575949124992,0.0,0.0
1764,7.54106664314866,12.0,0.17,0.8297076208144426,1.0721871167197825,1.782034845471382,0.3925771522335708,0.0014624566577331,0.298274931825761,-0.3,-0.1826998028643429,0.0255421450920403,-0.1837819428183138,-0.1503132480960339,0.1262471515648067,0.0,0.0
1765,17.092353252097965,4.7522481717169285,0.1975833806410432,0.7289730178117753,0.9445495953094214,2.5762867407202723,0.1173643073998391,0.0009716460886384,1.1829063986060264,-0.0871643328890204,-0.2478081859387457,-0.4174490490555763,0.1441470290347933,0.2160190227199345,0.336668495669961,0.0,0.0
1766,10.620582335554063,3.882648368552327,0.2344934352770447,0.732784147143364,1.0392598641179502,1.7529521906375884,0.2310598695091903,0.0057378050936296,1.487591731298006,-0.2328329677507281,-0.1357883174568414,-0.5,0.0808316084556281,-0.1883653309866786,-0.2486088442932814,0.0,0.0
1767,15.551076864078642,5.1695093151181934,0.2000057492304593,0.7398749330639839,0.9164112067949026,2.510108221113682,0.1060219136811792,0.0007657709192627,0.9430851632570744,-0.2778926017731428,0.0263033749088644,0.1932407351210713,0.2796566902846098,0.1852443859167396,-0.2364251021724193,0.0,0.0
1768,15.439638327844442,5.803061003983021,0.1941558165706694,0.7246936747431755,0.9630952404420824,2.501758058845997,0.1364975180104374,0.0007355655518619,1.1129297909761906,-0.1921395557150244,-0.0540680400878191,0.2879396885633468,-0.3841759647801518,0.1108314096610992,0.2829957230184227,0.0,0.0
1769,16.516480893529952,4.816916892677545,0.201167841662094,0.7159650459885597,0.924366195783019,2.62337265264988,0.1197473498620092,0.0009397449909819,1.2216254823085382,-0.3,-0.2531463516578078,-0.0283572205714881,-0.1947234341315925,-0.2049450169149786,0.1102874318715185,0.0,0.0
1770,17.19474640790373,5.320175077393651,0.1878332973193377,0.7378020105361939,0.9349304139297456,2.5424493958353995,0.147839968279004,0.0010452068662794,1.238536692599517,-0.2741482012197375,0.1089119838438928,-0.2412400543317198,0.3579886537790298,0.0732756511569023,-0.2450141038931906,0.0,0.0
1771,10.11176607005298,3.42978476844728,0.2379209842957556,0.7370606120228768,1.0207133885733783,1.6234859758615492,0.1826289971172809,0.0044894033300357,1.0962317344083992,-0.1977595366984605,-0.1514849647767842,0.0457261892594397,0.0061095239408314,-0.325741091236472,0.1184927683472633,0.0,0.0
1772,16.444302525669336,5.402164240181446,0.201971082836017,0.7101228705197573,0.9479171392042188,2.5237153590917587,0.1558152967318892,0.0011290667300348,1.3198487931987204,0.0699311968646943,-0.1744327059611678,0.295804437007755,-0.3678109147585928,0.0848458047155291,-0.2347474028170108,0.0,0.0
1773,11.498865539468826,3.535220644623041,0.2325585540913045,0.775193969860673,1.0100734206363555,1.76070536416769,0.1905893376097083,0.0048595297171295,1.1736369657225432,-0.192505079973489,-0.2454643910676241,-0.3414580581709742,0.4169173737242818,0.1753786157798021,-0.0848678003400564,0.0,0.0
1774,16.759943096637727,5.6600496549159285,0.1956180386088788,0.7210603082329035,0.9197352152187376,2.568536129951477,0.1444745633006095,0.0006865720970583,1.0273790295916363,0.1470357297398149,-0.1816111340783536,-0.2478348298929631,0.2189569872803986,0.0085489833727478,0.0272548627201467,0.0,0.0
1775,15.699242310672998,4.697352140769363,0.1909302645441145,0.7301441830545664,0.9653794644735753,2.4381033706068997,0.1277096356265246,0.0008753600915979,1.1325480585606542,-0.1779832323677837,-0.1585190622098743,0.2180127703770995,-0.1494918708875775,0.3253194353803992,-0.0500601064693182,0.0,0.0
1776,5.771335610784591,5.093998094275594,0.2984050266291945,0.6500000000000001,0.75,2.116874994039536,0.05,0.0005,0.8761258289814595,-0.2127843326814472,-0.1209889634102582,-0.4380021643824875,-0.0401040025986731,-0.2391211438961327,-0.318735359987244,0.0,0.0
1777,6.972343825884163,4.111378758773208,0.2917708222202956,0.6778972606956959,0.7668629016280174,2.049306919038296,0.0957738397084176,0.0005406422124686,0.7947740911920681,-0.0588698836304247,0.3,0.2555937554314733,-0.0125343737006187,0.2208450513407588,-0.2377247118521481,0.0,0.0
1778,9.088314204998314,12.0,0.1764457663305104,0.8282174807041883,1.0871202387996015,1.7779787145853043,0.3859642589464783,0.0021372699722848,0.2587103851208631,-0.2739704078994691,0.0589367574490606,0.1008763043396174,0.3195405490882694,0.2997435692828148,-0.1826819869354367,0.0,0.0
1779,6.446265630163253,4.678639743477106,0.2863930146064609,0.6640433190762998,0.75,2.0772354844212533,0.0774111250974237,0.000525668069894,0.906314342253118,0.1770438064523041,-0.084111693162471,0.3750870808959007,-0.206686180755496,0.1607248941827565,0.1052032238915562,0.0,0.0
1780,16.104318733289837,5.2740680206567045,0.1929009295038879,0.7325796090811492,0.918280885398388,2.6224440777897837,0.1158320404030382,0.0010344740164863,1.0091055541769216,-0.0300234603658318,-0.0514313339218497,0.1376920782774686,0.1331766678392887,-0.1221617426127195,0.2881726855672896,0.0,0.0
1781,5.384771249517798,6.736315603926778,0.2621616632122546,0.989054100483656,1.1230596750229596,1.5167345005869866,0.1132375236228108,0.0006887670525095,0.6966318913971021,-0.2499057222381234,-0.2710263518393039,-0.018188508208841,-0.1673917128704488,-0.129914212141186,0.1749235136397183,0.0,0.0
1782,16.57473583929241,5.831807319819927,0.1914533223833888,0.7463936337083579,0.9460014093518256,2.4699979349970818,0.1049033016525208,0.0007251964761904,1.1238327072986745,0.1614733121171593,-0.2475459961183369,0.1673567022383213,0.4033082920312881,0.1433925699945538,0.069789503602311,0.0,0.0
1783,13.332187967151404,5.692888924479485,0.2247568002820015,1.018548072129488,1.0461557976622131,2.6642621845602994,0.1949878183193504,0.001347023235077,0.8146346017958788,-0.3,0.2618983189053834,-0.2964763419888914,-0.27487309044227,0.35,-0.000235783426091,0.0,0.0
1784,14.67196712423116,11.474512685090303,0.2654374608326703,0.7744452487826348,1.1397332985587418,2.3860850117206573,0.3195526405610144,0.0032692496425089,0.4288216012904625,-0.2848577603548765,0.2503727821446955,-0.2832072011940181,-0.330863506924361,0.2853762575574219,0.049016852999106,0.0,0.0
1785,16.74829650465399,5.122376885637641,0.1973034919470548,0.7315872781127691,0.9334787482470274,2.4571594986319543,0.1344267854839563,0.0007815087988536,1.3056460352765715,0.0296463980823755,-0.3,0.4006272071227431,-0.143907171562314,-0.1736826395541429,-0.1325580439697951,0.0,0.0
1786,16.287860824503007,11.582398254051803,0.2668850660935044,0.760650267124176,1.113479648966342,2.3330142866373063,0.3011843764595687,0.0024500749889168,0.5007516870439903,-0.1194627646431326,-0.2803058582916856,0.2928749452717602,0.1880285547859966,0.0588298485558479,0.2873215480335056,0.0,0.0
1787,6.450852857232095,3.5329511731863024,0.2270704258486628,0.8182756721675396,0.967866176025942,2.248415783882141,0.2651064976118505,0.0113816400004967,0.9351079705714204,-0.207498482465744,-0.1458061984553933,0.0971509252488613,-0.1369507798552513,-0.2954600814897566,0.1233085286542773,0.0,0.0
1788,6.779480277560651,4.452332181856036,0.2228736823286861,0.8128083396106959,0.970519230786711,2.217760902523995,0.2312418492138385,0.0079509042737892,1.059379080260729,-0.1370842571742832,-0.03739665588364,-0.3870931630954146,-0.4261009933426976,-0.2858111018203198,0.0181681935414671,0.0,0.0
1789,8.97673219807446,11.546077109873297,0.17,0.8194228488653899,1.050963307980448,1.8101417459249496,0.4164398313127458,0.0017680030728433,0.2952090957008998,-0.1374207718111574,-0.1549332100264728,0.2373573557846248,0.3725100264884531,0.2980711302384734,-0.061793307531625,0.0,0.0
1790,8.51555652745068,12.0,0.1771396943230182,0.8419754114001989,1.066935912201181,1.824314671933651,0.3920361117273569,0.0020671156812683,0.2662658970896017,0.3,-0.1095027208328247,-0.1645943338796496,0.3923084719479084,-0.0152295823004096,-0.106163289738819,0.0,0.0
1791,5.873593993410468,4.464255086332559,0.2925549265414476,0.6539887483417988,0.7608045027349144,2.126524475574493,0.0797044246457517,0.0005089322632524,0.9318632160073324,-0.0435371713154017,-0.0055195785909891,0.0077143876813352,-0.0223596703447401,-0.0020057917591184,0.0089622921142727,0.0,0.0
1792,15.793353005871175,5.367757128924131,0.1897472131658345,0.7399321337193251,0.9692899891287088,2.4576605717539786,0.1185151868499815,0.0007158318833682,1.318356218457631,-0.0228160291872918,-0.2135997843928635,-0.4946486379392445,-0.1506227672286331,0.0270275598186999,-0.1267314564995467,0.0,0.0
1793,7.079234350174666,4.460544887185097,0.2944519043564796,0.6500000000000001,0.75,2.0931859089136124,0.067677562367171,0.0005775318122276,0.7246862086675019,-0.0593121155463159,-0.2090511233769357,0.4171059825271368,0.1250397039577365,0.0495195228401571,0.3125166367478668,0.0,0.0
1794,7.540966661423445,5.162019998952746,0.2898584397256374,0.665661729440093,0.7546302653532475,2.100997078597546,0.05,0.0006319590867125,0.7485666406492444,-0.0375975726284086,-0.0615324850603938,0.4166039708442986,0.2441337500698864,-0.3123131370134652,0.0007814158033579,0.0,0.0
1795,16.254528676494957,4.882054219022393,0.203085568426922,0.7138291550725698,0.9448499602060764,2.519237625718117,0.1503621540218591,0.0008093544997652,1.1337512026818684,-0.1573568525724113,-0.192430304467678,0.1856971148028969,0.4897055466845632,0.3296133651733399,0.0322636430542916,0.0,0.0
1796,7.451927056796849,12.0,0.1747396572291851,0.8350772694200277,1.0833960984684528,1.8098869510889053,0.3761020306497812,0.0021261198894356,0.307554611271697,-0.1547639053836464,-0.2708473222889006,-0.3333589905872941,0.2583323128893972,0.0830363875199109,-0.0164193849619478,0.0,0.0
1797,11.140697736442087,3.1270669162273403,0.2281232607755809,0.7661387080848218,1.0025866815727205,1.710420039474964,0.2391621821187436,0.0048865576080516,1.4410673786083017,-0.2651404301226139,-0.0751978010572493,0.2541028743423521,-0.2981341933272779,0.1018765877168625,0.1791253564227372,0.0,0.0
1798,8.278485443927348,12.0,0.1771924090240151,0.8219312135428191,1.0573665957190097,1.9372073163986203,0.3877337091043591,0.0013074627224781,0.3426162089751398,0.2597283624932169,-0.2464771306738257,0.4495768059790134,-0.4569433997198939,-0.1316598820500075,0.2405054957941174,0.0,0.0
1799,15.531523878984151,5.123427352681756,0.1953008268177509,0.7450112813413143,0.9600451595205812,2.4943183713555337,0.1383173924684524,0.0008994844091267,0.9278362233497708,-0.1409675106927752,0.1953803635686635,0.0478163119964301,0.0329547206126153,-0.173592758283019,-0.1376277863159775,0.0,0.0
1800,11.87601774699986,10.734762516990305,0.2559185421753674,0.8734538233280182,0.7777978617958725,2.8494593460559847,0.3258561481907964,0.0043081529102781,0.4161239916142611,0.276297006368637,-0.0825659055635333,-0.0955371189303696,0.4786530443467199,-0.0300292716231197,-0.1245985755994916,0.0,0.0
1801,10.563296862728894,3.212682831287384,0.2333104256831109,0.7528967743217946,1.036404028572142,1.7574588532447812,0.2368627313710748,0.0047309835585505,1.3974492862609813,-0.2258176027759909,0.1136379506662488,-0.0889806991443038,0.3498685784637928,0.0765663982946426,-0.1690555787272751,0.0,0.0
1802,16.46580994412303,11.23791961669922,0.2734661269016564,0.7953222677558661,1.1359109703674912,2.3702043475508687,0.3255219598673284,0.0022947558724876,0.5525113708221033,-0.2087008269801736,-0.2201948640681803,0.0512106193788349,-0.0065319816209375,-0.35,0.1017978019881993,0.0,0.0
1803,14.078657769039271,5.888836502656341,0.216019249850884,1.0209321003705265,1.044976289927959,2.577110580384732,0.1870405383966863,0.0013031990858124,0.7512063482780919,-0.3,0.0221343992315232,0.0424514175578951,0.2993137988448143,0.3037265388779341,-0.2374901360925287,0.0,0.0
1804,6.442103689126671,4.914896228164435,0.291024340751022,0.6500000000000001,0.75,2.02372047162056,0.0572190734744071,0.0005,0.9432280804969394,-0.1253375393785536,0.1078249826654792,0.4353767183795571,-0.234524293616414,-0.1096322481352835,-0.055790192792192,0.0,0.0
1805,7.643086745999753,4.677566155791283,0.2996085377212613,0.6744673240035772,0.7620974302422255,2.142146545827389,0.0737201182730495,0.0005965191520756,0.7101697577481761,0.2628343961276113,-0.1120898494273424,-0.0435263100452721,0.3881256972439587,-0.0511081777755171,-0.0589377621468156,0.0,0.0
1806,6.968156726621092,5.097635091468692,0.288602003281936,0.652372547313571,0.7748154415749013,2.055036075472832,0.05,0.0006112113300991,0.7704952844251384,0.19871622999385,0.2591286518611014,-0.1724354285746812,-0.1735525797307491,0.1401617543697357,0.35,0.0,0.0
1807,7.207100748233497,11.309241547435525,0.1728047475673258,0.8405459557771683,1.0539402142837644,1.8006395035386085,0.4111588061787188,0.0015083557987273,0.3220308593619471,0.0190608457066118,-0.3,0.077412420567125,-0.5,-0.105223042409867,-0.2762108270451426,0.0,0.0
1808,15.703395409807564,5.6634667288512,0.1940990648858249,0.7076245845556259,0.9463552819043396,2.6229475783109666,0.1337771392613649,0.0010238616012362,1.1795939254817278,-0.2484045890830457,-0.3,-0.3381278422102332,0.3641100557148456,0.0781937892138957,-0.0072261253148317,0.0,0.0
1809,14.743752505928278,5.525706484541297,0.2289745026323944,1.05,1.0464619303811342,2.6313931591510773,0.1603754240274429,0.0010889720168697,0.8512452201707342,-0.1807100086770952,0.1794348456412553,-0.1185918244905769,0.375815452914685,0.1141605196855962,-0.2751862486936151,0.0,0.0
1810,7.594742073267699,4.866958116739989,0.2864406392883509,0.654257497727871,0.75,1.9835226639509205,0.0888177530281245,0.0005,0.7017626938282786,0.0453512966595589,-0.0728012887202203,0.1203875627368688,0.2388694138079881,-0.1125250285882503,0.281643526604399,0.0,0.0
1811,14.428069109916688,6.01782091781497,0.2275269257605076,1.0435057916492223,1.072926382290199,2.672828264832497,0.149269194342196,0.0013554721998907,1.0175337582491768,-0.3,-0.2384486298300326,-0.0474180016480386,-0.2892398530058563,-0.150885410150513,0.1834214542862028,0.0,0.0
1812,7.648082741983235,11.979144310951233,0.1791219701152295,0.8433605469167232,1.0874725149013102,1.930923819959164,0.4207191983424126,0.0013690510971295,0.2703304423759286,-0.2592139169722796,-0.2317364531010389,-0.0250077785365283,-0.1575386747159063,-0.1150512492731213,0.1916338549908251,0.0,0.0
1813,17.199499813579024,5.0873518291860815,0.1929523059435189,0.7122714488655328,0.9295147904176264,2.5242283269166945,0.1117716921679675,0.0009096400819918,1.3051869914883552,-0.1564033823981881,-0.2394694314301013,-0.2766837359964847,0.0834726085886359,0.1881273312345147,0.2751935780737549,0.0,0.0
1814,10.513983245790005,4.147471549361944,0.2357119951553642,0.7734828463941813,1.0011388330087063,1.5980834575295446,0.2216524847410619,0.0061294598622483,1.3483494610827864,-0.2480727382376789,-0.1407517686076462,-0.4558580562658608,0.0205087934248149,-0.2078755278345197,-0.3131905760243535,0.0,0.0
1815,15.444347311668098,4.820237889885902,0.191474315617606,0.7022250023633242,0.9559691486377268,2.568281159162521,0.1228798675723373,0.0008179979166289,1.0404749840344505,-0.2627591232061386,0.0719645157940685,0.0526255748048424,0.306954602971673,0.2288881197031586,-0.1758685901090503,0.0,0.0
1816,15.546323857605458,5.533500022813678,0.1973244005665183,0.7173937873393297,0.9379616973269732,2.550943822860718,0.1533408198878169,0.0006885796769732,1.0085744977502062,-0.2342731372788548,-0.0187424223013222,0.158399658948183,-0.4247213292494416,0.0671876758746802,0.2214277309924364,0.0,0.0
1817,16.62312293574214,5.170779633894563,0.1906864172894508,0.7263106692582368,0.9496973918192088,2.4775174607634542,0.1103546171076595,0.0008797828802308,1.3480260070563566,-0.2732939989194274,-0.2751961547099054,0.0109619210846722,-0.1422029720060527,-0.1854348200671375,0.17582632849738,0.0,0.0
1818,17.087642798870803,5.5662390314042565,0.2027022365111857,0.7034534202963114,0.9644425579179078,2.4873781732320785,0.1422327010333537,0.001116561124914,1.122717862099646,-0.177909254707396,0.1275862646698951,-0.1118996320292353,0.4094544713199138,0.1011673426423222,-0.1844885255787521,0.0,0.0
1819,10.00470594856888,3.099272570014,0.2313399151191115,0.7683633861094714,0.992691095687449,1.7753613919615745,0.2107856952399015,0.0047955447384293,1.2093171696655318,-0.2938938392400742,-0.1834352663308382,0.0062500230409204,-0.0347874459438025,-0.35,0.0541251001302153,0.0,0.0
1820,16.266131551600992,5.746748156473041,0.1895396593932062,0.7418200595974922,0.9261433519553391,2.576611477553844,0.1352242836728692,0.0010575218643985,1.203352117334428,0.0850662203840911,-0.1390943036936223,0.2565081665478647,-0.318454515133053,0.1200299360603094,-0.3001609619613736,0.0,0.0
1821,11.320651077851654,3.2563349727541206,0.2376771371573209,0.7405425289869308,1.0320184928141534,1.6126427360773086,0.2037334436550736,0.0045513569916334,1.2872581071699258,-0.2077463954128325,-0.2675005856640637,-0.2119377293810248,0.379536071754992,0.1475936308838427,-0.0234193779733032,0.0,0.0
1822,16.93797428626567,5.339008506387472,0.1948869703620672,0.731714653134346,0.9526343062352388,2.509666484177113,0.1463304572552442,0.000732995982977,0.9367849648892708,0.0777949292846023,-0.1629496377333998,-0.2083385390602052,0.1805209548957645,-0.010883345996961,0.091747853398323,0.0,0.0
1823,15.877316987849772,4.952841529250145,0.19994920280613,0.7224440329074859,0.9339965909421444,2.5922860103845595,0.1033006486855447,0.0009346026678104,1.242072734817683,-0.1088470758832991,-0.1904829722195863,0.0886499006673693,-0.1004869908466935,0.35,-0.1107052394226193,0.0,0.0
1824,5.941983385421335,5.185188860073685,0.2965371665757149,0.6500000000000001,0.7704020454268903,2.132199037253857,0.0874171985872089,0.0005299623255557,0.7782091930362909,-0.2764731825627387,-0.1287997480407356,-0.4477366572804749,-0.055251643564552,-0.2449575470611452,-0.3117178233005106,0.0,0.0
1825,7.003204951770604,4.366622538492083,0.2858686878509819,0.6767322136163711,0.75,2.0108134479522706,0.05,0.0005,0.8531012313265779,0.0115961453430354,0.2961635890379547,0.2354002888873219,0.0145828596875071,0.2463850643225014,-0.246718687325716,0.0,0.0
1826,8.908204185254872,12.0,0.1785088232062757,0.8278851740509272,1.0624586766287685,1.804560832321644,0.3945629320479929,0.0016431071375537,0.3529500609024153,-0.2642555183283985,0.0663010476194322,0.0859988473169505,0.3009548720531165,0.1953324925843625,-0.1916604780498892,0.0,0.0
1827,6.407055540420115,4.474362190812826,0.2922218566756695,0.6636853983998299,0.7665104015283286,2.0740102945566177,0.0517616403475403,0.0006837401554271,0.6967426768659213,0.16060447377339,-0.0801232000105083,0.3720748475193977,-0.1775371612980961,0.2769362072180956,0.1122052729334682,0.0,0.0
1828,15.991075134649872,5.482290217652917,0.1910634860135615,0.7336989604383707,0.9438224419914184,2.589013810515404,0.1412763057649135,0.0007953174545268,1.3104358967254843,0.0674168185964226,-0.0609139469414949,0.1343324022740125,0.1631064025685191,-0.0847016842477023,0.2791786483693868,0.0,0.0
1829,5.127288420721888,6.780484697595239,0.2562900495473295,0.9901478421092034,1.09793009487167,1.5254982582330705,0.1044924466125667,0.0008959121158235,0.5114829086770519,-0.3,-0.2771348157897591,-0.0334134078584611,-0.1853518524952233,-0.1870778653025627,0.1819411087650806,0.0,0.0
1830,16.67851712487638,5.599551421403885,0.1934859773408621,0.7467966789752245,0.9179747350774704,2.449334541320801,0.1599375252053141,0.0009432937442959,1.0456299741204735,0.1180065814778208,-0.2384538408480584,0.1475161714851856,0.4296448128297925,0.2161811931226402,0.0767916143685579,0.0,0.0
1831,13.581321764141322,5.596579368412495,0.230555106537044,1.0189313613176345,1.0754579737689345,2.709779587864876,0.1567699706181883,0.0010356135460687,0.9183319044162028,-0.2667828014641999,0.2676163251064718,-0.3058578990958631,-0.2906462661363184,0.2911074518281966,-0.0092143329791724,0.0,0.0
1832,14.573126839585605,11.214140772074462,0.2673358389172703,0.7748615691959858,1.111274855352938,2.3534046582579613,0.3413348251581192,0.0025134401532744,0.5849993235587476,-0.295418986916542,0.2712774378173053,-0.2743076692335308,-0.3466284844465553,0.35,0.0557806111387908,0.0,0.0
1833,16.505355606414376,5.035433058068156,0.2032360420659184,0.7319779830724001,0.962349167894572,2.466673353910446,0.1294610339589416,0.0010165466800433,1.0037834359655589,0.0469304471611976,-0.3,0.4215677439793944,-0.1175788516178727,-0.2425339992530643,-0.141282863792032,0.0,0.0
1834,16.395051228143274,11.781254704669118,0.2649133494496345,0.761756526440382,1.1394529748931526,2.311600795328617,0.3524393317475914,0.0031869196157401,0.4448498248173296,-0.0549278336539864,-0.3,0.3071811132319271,0.1700601284764707,0.1120562382880598,0.2785814546067267,0.0,0.0
1835,6.703257155716419,3.605236299335957,0.2213330597668886,0.8193621811270714,0.9431683519314974,2.2931832733750346,0.2305507878959178,0.0087503831852656,1.003591986890406,-0.2788089687377214,-0.1637271620035171,0.1008223383128643,-0.1070127611234784,-0.3368573957737534,0.1300875646229833,0.0,0.0
1836,6.962304192148149,4.412116986140608,0.2248024772088974,0.8124600112289191,0.9454456746727228,2.232335031926632,0.2655923896096647,0.0103417450715612,0.9854366627363292,-0.0927744596935808,-0.0148448653109371,-0.3830743074044585,-0.3969601720571518,-0.35,0.0094433157499879,0.0,0.0
1837,9.019909167662265,11.33243388235569,0.1726589511308819,0.8190547658354044,1.0764686151221394,1.7708981772065162,0.3650385364890098,0.0013592260366782,0.3328632959891427,-0.1749533660598099,-0.1357572172768414,0.2520109663717448,0.3539325503073632,0.35,-0.0550294871982186,0.0,0.0
1838,8.341082663908601,12.0,0.1751375759933144,0.8408463180810213,1.096274349829182,1.8516468873023983,0.3969141103141009,0.0015891752669123,0.3458869726523992,0.2439124090410768,-0.1325010058656335,-0.1440067328140139,0.4194339920207858,-0.0368323318529874,-0.0993841958008706,0.0,0.0
1839,5.8398803561180825,4.691382922977209,0.2867870248779654,0.6528340467214585,0.75,2.124049199521542,0.0578928591310977,0.0006619712339331,0.6839748878656536,0.0480214481391012,-0.0251420658007264,0.0162609838508069,-0.0375155953131616,0.0077678673248738,0.0002221364937722,0.0,0.0
1840,15.626261699460446,5.4198880940675735,0.202548028229177,0.7453098333328962,0.9566258663088084,2.4445284132957457,0.1064185042120516,0.0008403811665907,0.9960651282686882,-0.0347515786103904,-0.1939725840725004,-0.4260932995006442,-0.0783559170365333,0.0039237310010939,-0.1447844954058527,0.0,0.0
1841,6.912203790433704,4.663879381865263,0.2894591693047433,0.6500000000000001,0.75,2.0801003397107127,0.0862689950875937,0.0006555077579014,0.968479620458814,-0.0474037709645926,-0.2433699454776942,0.3204268872924149,0.0633197220601141,0.0568694989327341,0.35,0.0,0.0
1842,7.663387052305043,5.148525467887521,0.2948589851085096,0.6716982396692038,0.75,2.1141031334400178,0.0544334831833839,0.0005608016657738,0.8273064067886757,-0.0259056372530758,-0.0284501326158642,0.3248482053726911,0.3185123791918158,-0.3039707312472165,0.0806736804787069,0.0,0.0
1843,16.376888320706783,4.719763923808932,0.1902921471878886,0.720460396155715,0.9575148941259832,2.5323903141617774,0.1308181115239858,0.000695805477878,1.0342603099345662,-0.1690743190906941,-0.2134019296020269,0.260581872742623,0.4272800358571112,0.3055325025618076,-0.0831353368964046,0.0,0.0
1844,7.56969628021121,12.0,0.1719404053155333,0.8293016487210989,1.0977484551407397,1.7975544603466989,0.3881972255557775,0.0019022887126991,0.3357571579090625,-0.1698232189938426,-0.2511249529011548,-0.2584783592261374,0.3755576394684612,0.1386172538865357,-0.1012412239853293,0.0,0.0
1845,11.25852825012058,3.1522696875035763,0.238730592700839,0.7605828125178814,0.9899390382450074,1.6980405703783037,0.2205685750208795,0.0042356514103258,1.3015034915940156,-0.2500539374202489,-0.1095293947644531,0.1623429930210113,-0.4048126596584916,0.0620341781955212,0.2915635270457715,0.0,0.0
1846,8.115766908228398,11.956024699658157,0.17,0.8154960440844298,1.0700150501467287,1.9496131290793417,0.376561819948256,0.0014975794435284,0.2551292939478268,0.2750448857322335,-0.2134339170232415,0.3528963334299624,-0.3376111020706594,-0.1705098543874919,0.2615039781890809,0.0,0.0
1847,15.368744053021071,5.064255047962069,0.1981073534790426,0.7387782646119595,0.9456936139483004,2.50667725288868,0.1578626938164234,0.0009960717642447,1.2266920534487078,-0.1562584770396352,0.1744775403141975,0.1163702838495373,-0.0744244667887687,-0.1189889332205057,-0.1861349342949688,0.0,0.0
1848,12.007631669007242,10.456426770612598,0.2431254140660167,0.8668339476585388,0.7921494717411698,2.836329934895039,0.3463535952940583,0.0038585655055868,0.4615835869025378,0.2643835111409425,-0.1160668878033757,0.0123919803276658,0.3491254395619034,-0.0846331004407256,-0.043114872161299,0.0,0.0
1849,10.694832099452617,3.085550829023123,0.2383107118751853,0.7468716266453267,1.0237556385174391,1.7443763961195944,0.2266136982478201,0.0040965913284976,1.2796513118726969,-0.2138769043162465,0.1341909443959593,-0.1687860442884266,0.4463492908142507,0.1154163743872195,-0.2860306156426668,0.0,0.0
1850,16.307894230224193,11.475208803266288,0.2684731456767767,0.7893560814708471,1.1485585235729812,2.3833131482601164,0.3078804967366159,0.0026257353877282,0.4184299126202925,-0.1969918070062994,-0.2402407987900078,-0.0349241318553686,-0.1353588653355836,-0.3300550808124243,0.0843518259059638,0.0,0.0
1851,13.920820740424096,5.9773298535496,0.2288203375875949,1.015543058231473,1.0306238431334496,2.5902663823366168,0.2000585875473916,0.0014446203923764,1.0060366827045537,-0.3,0.0560344885401427,0.1454571790061891,0.3936875401251018,0.2481456762664019,-0.184660492548719,0.0,0.0
1852,6.288578157946468,4.814692205190658,0.293831145664677,0.6500000000000001,0.75,2.0113848673701287,0.05,0.0005277399129027,0.7051017743856478,-0.1404291811175644,0.0743631392195821,0.5,-0.3190982620604336,-0.0855513817686587,-0.0334146433006972,0.0,0.0
1853,7.48948307313025,4.428548138588667,0.28900889089033,0.6808904185146094,0.7764325606953353,2.129764330863953,0.0839715546555817,0.0006777545022931,0.9422777009633012,0.2778988603837787,-0.0916056575775146,-0.1296569481119513,0.4396527866646647,-0.0594505872968584,-0.1088065973017365,0.0,0.0
1854,7.09510210312903,5.2318062875419855,0.2992090741567313,0.6579405407160521,0.760479474272579,2.06743877607584,0.0557924224808812,0.0005429473373693,0.8430023763797022,0.2139987514056265,0.2389875480718911,-0.2522393937222659,-0.2574210192449391,0.1328117820322513,0.279594279218465,0.0,0.0
1855,7.334124266430736,11.594598025083542,0.1700057832043618,0.8463336714506149,1.066604246981442,1.8129956377744676,0.3981392692960798,0.0012954085528853,0.2915032367032957,0.0037527690120041,-0.2959863543324172,0.1853428890928626,-0.4892274426296353,-0.0821192173473536,-0.1641499676592648,0.0,0.0
1856,15.8244161471352,5.586960569024086,0.2020763471927494,0.7149329430013895,0.9265820791572332,2.5046564024090765,0.1403924501128494,0.0006933804389425,0.9597372579298604,-0.2302551860176026,-0.2793948166631163,-0.3192392408475279,0.2518445454910397,0.1052084125168621,-0.0949905140586197,0.0,0.0
1857,15.004446416683496,5.602724765241145,0.221484852361679,1.0350910628437997,1.063703675525263,2.7499670498967173,0.1670050401054322,0.0012880783046326,1.0124905563882205,-0.1921052934788167,0.1206667887233197,-0.1131676817126572,0.4882402474619448,0.1107824315577745,-0.1815780942216515,0.0,0.0
1858,7.500858080275357,4.940451100841164,0.2934425701476633,0.6500000000000001,0.7661202959697694,2.053860883295536,0.0954295233637094,0.0006523379718498,0.8560621238341035,0.0272182668708264,-0.1317869282439351,0.0797357266396284,0.1266018470004201,-0.1247700469624251,0.3083146612588315,0.0,0.0
1859,14.193398662246764,5.944838914647699,0.2190623926196247,1.0482005001306534,1.037855421440676,2.6020198306441307,0.1558950410224497,0.001174538426514,0.8466304257170882,-0.3,-0.1860069453567266,-0.0732444370351731,-0.1768130018748342,-0.1307692374605685,0.1547190844211728,0.0,0.0
1860,7.482850999683142,12.0,0.171499256170541,0.8596776934415102,1.0710765265859663,1.8573089175224304,0.4142241647839546,0.0019282986864059,0.3177797439184512,-0.2436100273579359,-0.2871410472728312,-0.0954826567880809,-0.224762310963124,-0.1037904707156122,0.1632410324309021,0.0,0.0
1861,17.17839436970651,5.009765293449163,0.2010626519244164,0.7109665243625641,0.9433797331172972,2.597373014509678,0.1052616669610142,0.0007801641673345,1.0492192184946292,-0.1652547984793781,-0.1901967016048729,-0.3619840042293071,0.1508555425703525,0.1689953983612358,0.3016782122980803,0.0,0.0
1862,10.706073335669934,4.0757164064794775,0.2271139222662895,0.7627908380031586,1.0404297267124056,1.7198391598463056,0.2151538963615894,0.00424585520445,1.1624757368984089,-0.2636864157691598,-0.0916702542006969,-0.405785481352359,-0.0467127862386405,-0.2358743909541517,-0.2197689219824969,0.0,0.0
1863,15.491197821870449,4.892650498077273,0.1986097862251103,0.7219050635695458,0.91752179733105,2.4468081716895105,0.1163660586625337,0.0009937445331823,1.315785915122272,-0.2538913274109364,0.0163687094226479,0.1161626190319657,0.3743354803696275,0.233250447647646,-0.2633234315477311,0.0,0.0
1864,15.389304700680078,5.461753997206688,0.1888596117217094,0.7067106123566628,0.9619582318235188,2.480656861960888,0.1468425748310983,0.001034686679857,1.1153848346009143,-0.2152808033600449,-0.0715503121912479,0.1867852489650249,-0.3571646960824728,0.0628253479301929,0.2480993467681109,0.0,0.0
1865,16.610230349041522,5.243183120340109,0.1976885703787207,0.7460054261088371,0.92316981170699,2.548084206819534,0.1038422959297895,0.0008066478890192,1.0163431330136392,-0.2855338593050837,-0.216681365378201,0.0483734502084553,-0.2099518726207316,-0.1574359569475054,0.147125401057303,0.0,0.0
1866,17.29016795966774,5.644493294134736,0.1952128103300929,0.719761822104454,0.936126798408106,2.605711817085743,0.1357382396794855,0.0007249790673602,1.001708253104674,-0.1968852089121937,0.1858835747949779,-0.119862319342792,0.4770131664350628,0.120299275515601,-0.2722524341400712,0.0,0.0
1867,10.06199125789106,3.0216769170016047,0.2393169473011046,0.7670438603758812,1.021850397594273,1.65656046295166,0.2042769288830458,0.0054496475771418,1.5777970546417457,-0.2816637667715549,-0.2364606322087347,-0.0093749361298978,-0.1025384085066616,-0.35,0.1477346960883587,0.0,0.0
1868,16.39731305703521,5.820231947302818,0.1966748742967844,0.7281280958205462,0.9467666888963432,2.454991993904114,0.1418363973312079,0.0006713045111659,0.9405315704019638,0.0998271855823695,-0.0839693475142121,0.1955316502414643,-0.2058518572710454,0.0999137633703649,-0.2067378664333373,0.0,0.0
1869,11.59150602851063,3.1833621583878995,0.2290792864982038,0.7452226362377405,1.0088636982701715,1.7337949345707893,0.2103607780672609,0.005035867034951,1.4750909345165717,-0.2157532423473894,-0.3,-0.2652519845589995,0.2667411383986473,0.1598386492580175,-0.1108737392295152,0.0,0.0
1870,16.852020421922205,5.262493157759309,0.2029975404325872,0.7390318449884653,0.9209449371825904,2.583426395773888,0.1529463403113186,0.0011082369761581,1.2076038446223307,0.0630241826064884,-0.2125884695760905,-0.125575442072004,0.293121550809592,-0.0075052578691393,0.0633564732633531,0.0,0.0
1871,15.650576397031546,5.029869003221393,0.1923262387365102,0.700139155164361,0.9665299143791198,2.518805883944035,0.1099315236136317,0.0008657566248876,1.095248403490621,-0.1008238556720316,-0.1355491248406469,0.1623870478197932,-0.213279862254858,0.3418418392743915,-0.0842201240770518,0.0,0.0
1872,5.819531723000109,4.750933820381761,0.2960376229643821,0.6687781591713429,0.75,2.095577392935753,0.0613909455575048,0.0006877188438138,0.752068743712897,-0.2832941851951182,-0.1047690260410308,-0.5,0.0685961082018911,-0.1911439062561839,-0.2914678301401436,0.0,0.0
1873,6.880736302025616,4.538231522962452,0.2873127497527748,0.6598554207384587,0.767571440231055,1.9741972993016244,0.074186335876584,0.0005203605873912,0.829213263214241,0.0317877952270209,0.2628712411522865,0.3128181818500161,-0.131611078120768,0.173368660679087,-0.2669338351041078,0.0,0.0
1874,8.995030236132443,12.0,0.1770040804672986,0.8582591346949339,1.0864116997942328,1.8410682163238523,0.3755587741918861,0.0013192931667754,0.3663098208389055,-0.2575761202387512,-0.0192971569709479,0.2027477949671447,0.3348046864382922,0.2527526442706584,-0.1478145699594169,0.0,0.0
1875,6.493898578621447,4.271117158979177,0.2926601764857768,0.6500000000000001,0.75,2.110512187898159,0.0932557582482695,0.0005328441320502,0.7275685968331335,0.1402973483540117,-0.0003983347155153,0.2948436819016933,-0.2337331617251038,0.2072188174314796,0.0683322098907083,0.0,0.0
1876,16.15362374402583,5.690378460660577,0.1905335369680077,0.7025729153603315,0.9190225934050976,2.553518633544445,0.1073035047203302,0.0007358098228448,1.2292422632303268,0.0607411267831921,-0.1431570013538003,0.0119254554063081,0.1969124593958258,-0.1371393236983567,0.2520418754238635,0.0,0.0
1877,5.289819499179721,6.385043654218316,0.2577035796158016,1.007023972839117,1.1237552881278097,1.489996853172779,0.1309588698111474,0.000801210721304,0.4768497122315597,-0.3,-0.2008047608882189,0.038159758541733,-0.241504106093198,-0.1144684684034437,0.2090507267583161,0.0,0.0
1878,16.48034290395677,5.432492536306381,0.1920116402685642,0.7164235639423132,0.9453057966493068,2.4847096036076546,0.1189389668777584,0.0010450254695834,1.104783078413484,0.1248304631933569,-0.21783100983873,0.2697582831978798,0.5,0.1593526184931397,0.0418089264929294,0.0,0.0
1879,13.383165074139834,6.025991053879261,0.2310239584129303,1.0365545627176762,1.045414090057835,2.7451608732342723,0.1752731365337967,0.0011114112904526,0.9646929438002144,-0.2869723898023366,0.2376660468019545,-0.3775959006510675,-0.4367964571155607,0.35,0.0258032002784311,0.0,0.0
1880,14.731202686615289,11.722072874754666,0.2678048533685505,0.7924854400753976,1.140501322455704,2.412784847855568,0.2998388779908418,0.0024859322978294,0.5569858987331477,-0.3,0.247188116658479,-0.3852393641881644,-0.3804544379003346,0.3018083139229565,0.0828077898286283,0.0,0.0
1881,16.663448984362184,4.939854041859507,0.2017615755435079,0.7016040268987418,0.9342005738429724,2.5260465822815896,0.1484633625485003,0.0009698516444675,0.9498665891508568,0.0671492672860622,-0.2692360353581607,0.4821051974222064,-0.0614506574347615,-0.1896426880527287,-0.1682905742041766,0.0,0.0
1882,16.201349905468525,11.314333649352193,0.2663267482083291,0.7786333266496659,1.1127578237727285,2.252100491762161,0.3189066418632865,0.0033025952329487,0.4770673613219531,-0.0482228714302182,-0.2159443739578127,0.4182996213622391,0.046232117768377,0.0433841048181056,0.3134507142771034,0.0,0.0
1883,6.509538302123547,3.734804268181324,0.2208032677177339,0.7882352949082851,0.9670981525313108,2.23368992459774,0.2565788737684488,0.0088025300326683,1.0700866861715204,-0.2990905493348836,-0.2434974428638815,0.0404716980457305,0.0391174903139471,-0.2804825004041194,0.0951757653858512,0.0,0.0
1884,6.835380310975015,4.278017085418105,0.2252410859934985,0.794836805716157,0.9713001801818608,2.292838753461838,0.2470873944275081,0.0125536828549703,0.9438553642035308,-0.0994773603715002,0.0674697779305279,-0.4886007289215922,-0.5,-0.3323050250690429,-0.0107047735843807,0.0,0.0
1885,8.89300227381289,11.804179552197455,0.1711539525426924,0.8494278738945723,1.0516981624737385,1.8314066627025605,0.4060352655500173,0.0015950500502261,0.3206654611036546,-0.1546689063794911,-0.2121195162199437,0.3179536932520568,0.5,0.3450620552506298,-0.0349239374306052,0.0,0.0
1886,8.43238106943667,12.0,0.1765813801862299,0.8239701832383871,1.0662010573055596,1.791028904736042,0.3704495199583471,0.0013640674023168,0.3557830173715782,0.2507107588090002,-0.1531956316977739,-0.0386450606212019,0.3855642488226294,0.032246808361262,-0.1431243661157787,0.0,0.0
1887,5.931161774322391,4.187982895225287,0.2862877646621316,0.6839600848257542,0.7600235529374331,2.0634264594316485,0.0918674930185079,0.0005503661524425,0.7078845800216681,0.0278063342906534,0.0048402505517005,-0.0498464923538267,0.0186563993431627,-0.0499830293990671,0.043981775086373,0.0,0.0
1888,15.897114399299024,5.492888356372714,0.1955498008925467,0.7259984554350376,0.91649266295135,2.563096441447735,0.1148022778332233,0.0009628859039388,1.129826556899386,-0.0123833740465342,-0.1411036172658205,-0.4757820395752787,-0.1459784701839089,-0.0084404890332371,-0.1121470367796718,0.0,0.0
1889,7.043383045047522,4.5903681430965655,0.2979197906404733,0.6534552702009678,0.7802198174111545,1.9618150264024736,0.0946384634822606,0.0005,0.7511667190766533,-0.0495178572647273,-0.3,0.2559127465076745,0.1310905973426997,0.0771125637125223,0.3274567388407886,0.0,0.0
1890,7.4366485594213,5.071525441855192,0.2868856443613767,0.6733842979371548,0.7558492899220437,2.043300555408001,0.0628207973204553,0.0005,0.7218447533396813,-0.0482574685402214,-0.0868050177656113,0.3963221528381109,0.2508877681195736,-0.2768445967137813,-0.0168705240581184,0.0,0.0
1891,16.290936554297804,4.796251824498176,0.1977781236905604,0.7037626646459103,0.9428047578614204,2.6027226773500445,0.1391913493163883,0.0010200885353751,1.3235458740108188,-0.166970014270395,-0.1603286699987947,0.3455202787928283,0.4950529690645635,0.3020198319144547,0.0164401028510183,0.0,0.0
1892,7.556801459677517,12.0,0.1805421817272902,0.8249873414039612,1.0609883463419971,1.8707050105333327,0.3796913435868919,0.0015836443768064,0.257386823624518,-0.144938130877912,-0.3,-0.2188915103115141,0.2629769562743604,0.110506879536435,-0.0019714713077992,0.0,0.0
1893,11.101506859362123,3.224006575718522,0.2315912102881819,0.7738847139924765,1.0241681014280766,1.624419805347919,0.212077684700489,0.0061462473019877,1.4584192881754476,-0.254686552003026,-0.0600502611100673,0.1884653726220131,-0.2920836462825537,0.0665310886595398,0.1942019627038389,0.0,0.0
1894,8.173054332472384,12.0,0.1742196620110422,0.8381850330233573,1.0889426473416388,1.8281342854499816,0.3680594928003847,0.0017550966320011,0.3383187524508539,0.2501500096991658,-0.1637241201661527,0.33373376050964,-0.4501897273398936,-0.1591298741698265,0.2232053940296173,0.0,0.0
1895,15.571271328739822,4.985991647839546,0.1899933337301016,0.7311010404676199,0.9276095591504128,2.62843881136179,0.1493755871988832,0.0007152288139425,1.1094069946246816,-0.151609482742846,0.1195091891996562,0.1120331009104848,0.0383024886623024,-0.1382477581836283,-0.1538031627386808,0.0,0.0
1896,11.98652847595513,10.534040754288435,0.2506111348647624,0.8895201428085566,0.8229969431273639,2.906902542829513,0.3378527558781206,0.0034269449417833,0.365078761480343,0.2859071465581655,-0.1686683702431619,-0.0692827835306525,0.4613250284641981,-0.065374275477603,-0.1406595578193664,0.0,0.0
1897,10.52960260797292,3.007278240099549,0.23033759335801,0.7391740334481001,0.990377121515572,1.6740835733413697,0.2181269349530339,0.0063548389848732,1.4840235738220844,-0.2151480662003159,0.192911313984543,-0.2427985362894833,0.3339464722760021,0.1040363941695541,-0.1864566183201968,0.0,0.0
1898,16.354742642492056,11.402823643013836,0.2769339911021292,0.7850448397397995,1.1270928769782185,2.2645063623785973,0.2993758736178278,0.0028844439388396,0.5204267848261669,-0.2184990627095103,-0.1813160305917263,0.0263497019559144,-0.0231572131440043,-0.334551991276443,0.1169888043496757,0.0,0.0
1899,14.112908732369542,6.049057548493147,0.2218218601260334,1.0288656062781811,1.0529330321252346,2.708605883061886,0.191568269431591,0.0009703223258803,0.855996904320343,-0.3,0.0036374014914035,0.1977050737105309,0.2812826582975685,0.2762560506165027,-0.2231431583892553,0.0,0.0
1900,6.549274302534759,4.737683061882853,0.2857168702118098,0.6500000000000001,0.7616932041607797,2.1325312039852142,0.05,0.0005667849808724,0.847576432996221,-0.1146995174176991,0.1296969747729599,0.5,-0.2518526498042047,-0.0820387111213058,-0.0717146689463406,0.0,0.0
1901,7.61050604429096,4.505045161023736,0.2966357686247676,0.6642133335769177,0.75,2.008150709092617,0.0923451357707381,0.0005,0.7722745944226385,0.2724233149476349,-0.1408436772711574,-0.1130315464362502,0.3722039313614368,-0.0865767218302935,-0.0764753059279173,0.0,0.0
1902,6.860429540537298,5.304797428101301,0.2920699158336967,0.6500000000000001,0.75,1.99396450650692,0.0641774549521505,0.0005,0.7085984136747964,0.1882593062259257,0.189980294175446,-0.2816034535877406,-0.1901774702779948,0.112568717252463,0.35,0.0,0.0
1903,7.240238158516585,11.521095903590322,0.1786073094911873,0.8566357128471136,1.0922899294272066,1.8867496924996376,0.4065093098953366,0.0020302474937289,0.3583401707921601,0.0092446877248585,-0.2404217562004924,0.1483165680989623,-0.5,-0.0697549973130226,-0.2615120131224394,0.0,0.0
1904,15.6664310952276,5.796144210547209,0.1912253115557134,0.7208082631975412,0.9409302902072668,2.4930590690374377,0.1595405243523418,0.0008141278585755,1.2816791660862903,-0.2453599469773471,-0.2459524452500045,-0.2274820578284561,0.3821195645816624,0.1136007459945976,-0.0229121972098946,0.0,0.0
1905,14.846400346308949,5.66307594999671,0.2245277814868837,1.040383379518986,1.0510518865752965,2.7383231265544894,0.156343905236572,0.0014618016206359,0.7644206366278817,-0.1770277357511222,0.100162312131375,-0.1880510221049189,0.3924183708056807,0.086628569945693,-0.2890400757156312,0.0,0.0
1906,7.6322629605233665,4.765259809419513,0.2903922169785946,0.6500000000000001,0.7787712480705231,2.065525336623192,0.0772624330967664,0.0005789602442405,0.7815398737957278,0.0424876948110759,-0.1116792927905917,0.0111790564842522,0.25476920703426,-0.1479314939212054,0.2981976557504385,0.0,0.0
1907,14.324864560961723,5.920814746245742,0.2299055877059698,1.05,1.0235063735414296,2.613637649655342,0.1674501919187605,0.0010096260076162,0.9364045777431989,-0.3,-0.2199524618983268,0.0234333264827728,-0.2719334694743156,-0.1233539527971297,0.2003274205904454,0.0,0.0
1908,7.610004874356091,12.0,0.1762481684338301,0.8542004745751619,1.0584148499406874,1.846417775094509,0.3950739161670208,0.0017255149918338,0.286783079024258,-0.2555104291141033,-0.2536076266653835,0.0011992333084344,-0.1395295068249106,-0.1427057516239583,0.1763034626524896,0.0,0.0
1909,17.305487769506872,5.173229604959488,0.188505633149296,0.7052754426002502,0.9577180564720184,2.586528851151466,0.1159213140979409,0.0006761568151106,1.1445519613788786,-0.1533272192403674,-0.210716421727091,-0.43053655853495,0.1000758674554526,0.2236568415649235,0.2609840658623725,0.0,0.0
1910,10.552617686092852,4.022406838461757,0.2396636360742151,0.7564790272712708,1.026090566508472,1.7307097139954566,0.23332224547863,0.0048638647790491,1.5380188828792165,-0.251964276574552,-0.0716042294651269,-0.4806674444302916,0.0364089269563555,-0.1802205255869776,-0.2967767944037914,0.0,0.0
1911,15.337802647165956,4.690490314736962,0.1938529143344611,0.7153852435946465,0.9301826371271162,2.4577256577014923,0.1048133110255002,0.0011003123565175,0.980508075646936,-0.2655879113227129,-0.0175121251121163,0.2079211686365306,0.3242606461979448,0.1933581104148179,-0.1588222706466913,0.0,0.0
1912,15.511516593396664,5.326403921097517,0.1997030850604176,0.7005774682164192,0.949297507898882,2.469062640666962,0.1343376814387738,0.0009268285102957,1.020626417779939,-0.2303532104417681,-0.0912394208461046,0.2729185853339732,-0.4300910699553787,0.1027176814079284,0.2385903653874993,0.0,0.0
1913,16.732520111650228,4.959000658988952,0.1946379728961736,0.7392834104895591,0.9375090877823532,2.5364430307745933,0.1210877890139818,0.0006983923162613,1.1265602333757667,-0.2704342473819852,-0.1823173204287886,-0.0546337261050939,-0.148978617042303,-0.213089818559587,0.1921410930193961,0.0,0.0
1914,17.12300677165389,5.7435187142342325,0.1982554784048348,0.7144808479547501,0.9217883334327488,2.617379383921623,0.1454457428492605,0.0008296514667384,1.342547249503361,-0.1815818048939108,0.1528596287928521,-0.2277900895662605,0.4033819516189396,0.0656378285568207,-0.1985817172247916,0.0,0.0
1915,9.894752199985088,3.2718692455440763,0.2284661992147564,0.7611798798441887,1.034511932618916,1.6681810278296467,0.184203826021403,0.006040260023689,1.195821568326617,-0.2969416396468877,-0.2155377318151295,0.0704317380487918,-0.0394540619850158,-0.333348583953455,0.0386956963259726,0.0,0.0
1916,16.23466385934502,5.581768744438887,0.1919182955358177,0.7346599907428026,0.9611158526670188,2.444098105609417,0.1543436939828097,0.0007873985504467,1.246971074757017,0.0879047553800046,-0.1036168454512953,0.2753342005237937,-0.3238239101693034,0.0924984824620187,-0.2833540071230381,0.0,0.0
1917,11.428935244306922,3.0960476875305174,0.2416287411153316,0.7515465190559626,0.9962128620408476,1.7229476577043532,0.1931165438331663,0.0057209284424729,1.1018440224666604,-0.2038579912371933,-0.2826489425450563,-0.3731838679499924,0.3727600810490548,0.1830000924617051,-0.0067489282619208,0.0,0.0
1918,16.96999868709594,5.53965459279716,0.1904402754843235,0.7447108317762614,0.9335965845119208,2.5942942026257514,0.14323734940961,0.0009845883783953,1.0939158614068234,0.0747292114533483,-0.2457034647725522,-0.2285839983820915,0.1744480888545513,0.0166486074980348,0.0777950092777609,0.0,0.0
1919,15.768476248718798,5.158179608359933,0.1970754236731678,0.7056042761951685,0.9521815617084504,2.529720257878304,0.1300024520978331,0.0007434350554125,1.1991816175626095,-0.1125544414110481,-0.1146109809167682,0.2485190149210393,-0.1051532605476677,0.3334495020415634,-0.1262749963849783,0.0,0.0
1920,5.84747748862952,5.274880649894476,0.2896636621415615,0.6795733334124089,0.75,2.0746395829916,0.0824392231740057,0.0005,0.9497527672039882,-0.2393801226429641,-0.0593536976426839,-0.4318816250935197,0.0778468836471438,-0.2531536017302424,-0.2564616252928972,0.0,0.0
1921,7.066812291108072,4.30747273862362,0.3,0.6500000000000001,0.765807418467477,1.9952596610188484,0.05,0.0005519666325989,0.7164098816763678,-0.0322963425926864,0.2542331922501325,0.264591951277107,-0.1192408510111272,0.2353588827122003,-0.3019412420503795,0.0,0.0
1922,8.967362748347222,11.916077879071237,0.17,0.8457530365437269,1.0881757279951123,1.8201201124191284,0.3968449101038277,0.0021106725919809,0.2870560846550842,-0.3,-0.0027213768325746,0.0708724341914057,0.3474825089424848,0.1907278758548199,-0.2469292781483381,0.0,0.0
1923,6.308100867383182,4.499733591452241,0.2952029597878455,0.6577575858533382,0.75,2.131564255654812,0.0580288660153746,0.0005024125407089,0.835879715887925,0.2044606867097318,-0.0377695892639458,0.3421600645966828,-0.2233837316744029,0.269255369797349,0.1674461975712328,0.0,0.0
1924,15.912160636782646,5.46908617541194,0.1997595087323337,0.7158026591986418,0.9172286928053944,2.580585178077221,0.1426266203075647,0.0010129739478487,1.0745511690091825,-0.0034245809018612,-0.099457596860826,0.0594148727692663,0.2061186293698847,-0.0751597665976733,0.35,0.0,0.0
1925,5.175313143581152,6.918420182913541,0.255371281092614,0.9960808615386488,1.125380891913548,1.4630635693669318,0.1098273221217095,0.000652746478937,0.609525455037392,-0.2764757609814405,-0.2110524409711361,-0.0935425675660371,-0.2290892627835273,-0.1764285670835524,0.110674299819395,0.0,0.0
1926,16.72208437398076,5.6518256109207865,0.1983123447060585,0.7048578947633505,0.9436801993008702,2.511763004601001,0.1540166710689663,0.0007589711179155,1.2847071796244307,0.18891717633605,-0.1994898608811199,0.2217050872929394,0.5,0.2214087869934737,0.0055710507966577,0.0,0.0
1927,13.497949792519211,5.499993657693267,0.2179666901092976,1.0488336222469807,1.0472079842202364,2.7182144458889965,0.1543650132790207,0.0013643257383884,0.7648945805494116,-0.3,0.2019538683481514,-0.2450056134909391,-0.4265795667469501,0.2971963325180113,0.0620398738756775,0.0,0.0
1928,14.48953218113631,11.348144085332752,0.274247435361892,0.7807308046221734,1.1386794068198651,2.439851615548134,0.3398674250394106,0.0034188192888235,0.4789364727957962,-0.2582715495005249,0.2023466865755618,-0.2472060702741146,-0.3929133073240518,0.35,-0.0147065283954143,0.0,0.0
1929,16.54859766718,5.020594781637191,0.188562429684028,0.7140515448898077,0.9358014582898468,2.499113155424595,0.1244776226021349,0.0007909505265392,1.1980896620115236,0.0030890279486775,-0.2601303808651864,0.439507346432656,-0.0706129622273147,-0.2516990968789905,-0.0707755354717373,0.0,0.0
1930,16.442742065154015,11.681029790639878,0.2756945975285023,0.7916770339012146,1.1111569457631558,2.2791540358066555,0.3587116500362753,0.0024010409662784,0.5457947080736895,-0.0920323930084705,-0.2322503024116158,0.2808012668788433,0.0359712012857198,0.1053444438241422,0.3490732955168932,0.0,0.0
1931,6.624111273512245,3.656169223412872,0.2183290916386991,0.7774987280070782,0.9689200617298483,2.2067432740926742,0.232838659659028,0.010794550344564,0.8370849310068852,-0.2348983686491847,-0.2057500439062714,0.0821554954536259,0.0263509825803339,-0.3424618171788751,0.0595543862450868,0.0,0.0
1932,6.863120343126357,4.349327982962132,0.2160836005739867,0.7825226006656886,0.9728386389967054,2.2719010865688327,0.2709220580570399,0.0078541012670737,1.204554479535633,-0.1636669665388763,0.0242379790283739,-0.4467384036816657,-0.5,-0.35,-0.0455878714751452,0.0,0.0
1933,9.078731772452592,11.420784406736493,0.1735548731662333,0.8609583989828825,1.0499061254728586,1.8524688012599944,0.3663830717653036,0.0016901934263963,0.279089302478028,-0.1108603113703429,-0.2012979378215968,0.1806338666006922,0.4908117899298668,0.35,-3.963744081555767e-05,0.0,0.0
1934,8.404362742453813,12.0,0.1703492820419371,0.8349484615176916,1.0679931007437409,1.770081023991108,0.3945148178003728,0.0021800660459269,0.2817040392598748,0.3,-0.1711606362462044,-0.081064383778721,0.3752586732245981,-0.0297436539977788,-0.0443788586333394,0.0,0.0
1935,5.745153980851174,4.563962251320481,0.2994135369773953,0.6707655093967915,0.758485087685287,2.084478384137154,0.0519773264974355,0.0005194674466334,0.8194196131776124,-0.0161341956295073,0.0408222806900739,0.0883653293922543,0.0059345399960875,0.0120264257490634,-0.0547630118876695,0.0,0.0
1936,15.707672314681114,5.518011875078082,0.1879715296413749,0.7034419679790735,0.9283380768243223,2.5317068279385566,0.1006167745776474,0.0011069029442758,1.2220908275342246,0.0361591059677303,-0.1246186631284654,-0.4862012613750994,-0.2117401766218244,0.0139463115371763,-0.0740503688789904,0.0,0.0
1937,6.871145704947413,4.6107995484024284,0.296197476825863,0.6730606751590967,0.7683879089970141,2.1132851548194886,0.0835142119787633,0.0005272882676583,0.8077978573930916,-0.1115084131993353,-0.2853924741335213,0.2455760452151298,0.1973850481584668,0.0660307025276124,0.295185569550842,0.0,0.0
1938,7.617880190573633,5.01212804839015,0.292013079432398,0.6537761776000262,0.767681623198092,2.0809245439171797,0.0554302946478128,0.0005,0.677312334332245,-0.0967470749728381,-0.097380221620202,0.3856337981857359,0.2715232327021658,-0.2972627331819386,0.0099365348573774,0.0,0.0
1939,16.453850159682332,4.7321623176336285,0.2009610401239246,0.7263222903758287,0.9309589448757468,2.445205673933029,0.1362684342265128,0.0008865056529019,1.2344662582911043,-0.1049268615581095,-0.1709559809938073,0.334749585352838,0.4735439988598227,0.3111330299358815,-0.0123549302611499,0.0,0.0
1940,7.671151419356466,12.0,0.1729943860836327,0.8472404300719499,1.0694457826148718,1.8363637890815732,0.3901295915246009,0.0013973875890721,0.2734538239989502,-0.2069789472520351,-0.2897870994620025,-0.2293079000338912,0.3320839030668139,0.1270028067417442,-0.0464549809824675,0.0,0.0
1941,11.197434423156082,3.2771039966493847,0.2298993572037667,0.7546805544495583,1.015697391439229,1.7788445743918415,0.226954681109637,0.0054394280679351,1.559234397930941,-0.2061976339593529,-0.0435655190013349,0.1781313324160874,-0.3606578567437827,0.0534958616197109,0.2368205450568348,0.0,0.0
1942,8.050215607509017,12.0,0.1793166361194104,0.8573923481851816,1.0974129582177847,1.868803631901741,0.3716990780457854,0.0019892322030707,0.3118588747862564,0.3,-0.1743512344211339,0.3230482379347086,-0.4745112015679478,-0.1775946457218378,0.2067457481771707,0.0,0.0
1943,15.465741718411444,4.973611125349999,0.1931457743234932,0.7088452423214913,0.919152547739446,2.467873417317868,0.1560475850850343,0.0008080351449405,1.0285203810478998,-0.2001510040014982,0.1089337886050343,0.1012650685571134,0.0617504492215812,-0.1232436877358705,-0.1313949714004993,0.0,0.0
1944,12.104302005656065,10.584653090685606,0.2576638141345233,0.8609134430587292,0.8178483957666904,2.779514028668404,0.3436010437831283,0.0030269775042063,0.3754083280733541,0.3,-0.1850898731052875,-0.0589625483192503,0.3949487474747002,-0.0764408421702683,-0.0986181782633066,0.0,0.0
1945,10.629060252308845,3.0625735346227883,0.2315343282088637,0.7647350769042969,0.9955121891666204,1.7295555320978162,0.2208133991248905,0.0056183074691475,1.5351933801641449,-0.2780326378047466,0.1765419230908155,-0.2323848264291882,0.3998007994145155,0.1264386619664728,-0.2305628763698041,0.0,0.0
1946,16.24657115932554,11.387663922831416,0.2713419006198644,0.7594868431836367,1.121958234189078,2.3981292515397072,0.3133290456049144,0.0032659061707688,0.5106658151121145,-0.2678843263238668,-0.1707976894341409,0.0371148941852152,-0.00155566515401,-0.3254542604815214,0.1398655711654574,0.0,0.0
1947,14.021939853318036,6.038580786436796,0.2181743012990802,1.05,1.0580811803732066,2.6470870493054397,0.201053510736674,0.0010973458559114,0.8448404261666664,-0.2485026431009173,0.0141040458865463,0.2083769515529275,0.2605654064565897,0.2558226196561008,-0.240148284016177,0.0,0.0
1948,6.365206179022789,4.764711413905024,0.2928000253215432,0.6776875810176135,0.7599334583748132,2.002188150763512,0.05,0.0006508836137777,0.8663192881749487,-0.1775338309966027,0.1133273823112249,0.5,-0.1831858159601688,-0.0950894128978252,-0.1044082711357623,0.0,0.0
1949,7.443744895011187,4.527381471171975,0.2978629644382745,0.6500000000000001,0.75,2.0665743802189827,0.0859059233404695,0.0005105047865651,0.7848395749477273,0.3,-0.1572649785652756,-0.1026206686533987,0.3030151570774615,-0.0700960816070437,-0.0377870156746358,0.0,0.0
1950,7.053821398764849,5.247596692293882,0.2864473646212369,0.6638779484182596,0.75,2.1306356847286225,0.0539751965925097,0.0005,0.6912576818249259,0.2511462278477848,0.2004467249326408,-0.2708409224450588,-0.2137072154134512,0.1275880746822804,0.35,0.0,0.0
1951,7.41520976126194,11.45920312590897,0.1749292750567198,0.8284300411641597,1.094050100075081,1.822185396373272,0.3932749824412167,0.0017625574884313,0.3473793307208622,-0.0400886634774505,-0.2299032014049589,0.1589856138639152,-0.5,-0.0882042941283434,-0.2351591101288795,0.0,0.0
1952,15.834345656186343,5.270146027579903,0.2005283259831369,0.7098475773483515,0.9426764001790434,2.5201009229421616,0.1204463587887585,0.0009817636887205,1.1070128287085228,-0.19477493448928,-0.2566222071312368,-0.3599898513033986,0.3692219018563628,0.1775639537721872,-0.112551274638623,0.0,0.0
1953,14.89195098437369,5.882408380880952,0.2219963281933218,1.05,1.0494806652143598,2.7113648087978364,0.181262996699661,0.0010453158568445,0.9656223542052772,-0.2344410266317427,0.1434400484226644,-0.1397507300414145,0.3819370360858738,0.0226540598087013,-0.1993997961878776,0.0,0.0
1954,7.464070121720433,5.298637124896049,0.2967701416771858,0.6595346893817187,0.7803424629941582,2.092556896567345,0.05,0.0005,0.8981376463776258,-0.0081765198223293,-0.147812727458775,0.1431286497414112,0.2452985927090049,-0.0839224364627152,0.3259449961949139,0.0,0.0
1955,14.27903564505279,5.699523104727268,0.216649461248517,1.0427859115600586,1.0217602700069546,2.586669037938118,0.1921311962045729,0.0014121209149335,0.7336007447288836,-0.2586456976644695,-0.2020338067263364,-0.0239737681858241,-0.284435602594167,-0.187344016527757,0.1725808006543666,0.0,0.0
1956,7.512964146099985,12.0,0.17,0.841186078503728,1.0567939936649051,1.8254581241011616,0.3702985195815563,0.0016014019238518,0.3665411336920123,-0.3,-0.2626669333912432,-0.0463863891921937,-0.1524717736802995,-0.2066385356411337,0.1492951239664108,0.0,0.0
1957,17.04600230935961,4.656551722809672,0.2015741273202002,0.7160999087095261,0.9595331647619604,2.6075690284967425,0.1546319738402962,0.0010628737637002,1.0006129973834053,-0.1026622832268476,-0.1657235855050385,-0.2987654931098222,0.0896391475945711,0.2876009129211306,0.2879931250568479,0.0,0.0
1958,10.649380051568151,3.791648554801941,0.2304414942897856,0.7681574994325638,1.0242754517812285,1.7097369194626806,0.2083236533403396,0.005239974943471,1.2195937705278488,-0.1945484103709459,-0.109397564202547,-0.4325456801988184,0.0270708617009222,-0.2442606677021831,-0.2059060461260378,0.0,0.0
1959,15.597009744532407,5.214437501877546,0.1961968552898615,0.7028967242836952,0.9318034998402,2.4787526915073395,0.1437691532820463,0.0007000426963745,1.1400849824067425,-0.3,-0.0013580147847533,0.0752348473295569,0.3116259747371077,0.257379273822531,-0.2496918168254196,0.0,0.0
1960,15.414824631884692,5.702384063974023,0.1903466977849602,0.7120786928534508,0.9477046668604016,2.4481028466224672,0.1142301367782056,0.0008592808784204,1.286979280181454,-0.1797937443852424,-0.080840334624052,0.1347782924026251,-0.4196983762085438,0.038696758326143,0.26572181103006,0.0,0.0
1961,16.473246942088007,4.889686272665859,0.1971161593426019,0.7269985058903694,0.9393489152099936,2.5574834312796595,0.1570256955176592,0.0010989550703009,0.9689693678101402,-0.3,-0.2259703771546483,-0.0119563419185578,-0.1359924850054085,-0.1490494361184537,0.1650089268684387,0.0,0.0
1962,17.219977078959346,5.360122781991959,0.1918242989469319,0.7012686965465545,0.9199484995678068,2.5964063662290573,0.1250929012335837,0.0008947243341779,1.0505144307943823,-0.2322732139080762,0.1884199891202151,-0.0902120308950543,0.4159725969657302,0.0016935168746859,-0.2898216662090271,0.0,0.0
1963,10.154303715340792,3.3431794993579387,0.2416689388766884,0.772175734102726,1.036104780094698,1.6892082046866417,0.2203650425188243,0.0038389985336829,1.3677099263774828,-0.2396312434002757,-0.2339248165525496,0.0286407706327736,-0.0300721315480768,-0.2694160402622073,0.1299344432111829,0.0,0.0
1964,16.40292980309576,5.50313420034945,0.1981619598660618,0.7470899256020784,0.9628866819776594,2.4711397363543512,0.1180861969105899,0.000950505638436,1.0851912860855486,0.0305969336517154,-0.094932859160006,0.2333701984398067,-0.3132987209968269,0.1564883058667183,-0.1928535414878279,0.0,0.0
1965,11.474695421010257,3.4627441864460704,0.228506875026226,0.7398094667345285,0.9946696557160466,1.6959894829988478,0.2133147400058805,0.0040867613633706,1.4063135670640166,-0.1531675087921321,-0.3,-0.2357788439467549,0.3856137069314718,0.1189907946772873,-0.0972505959961563,0.0,0.0
1966,16.802011038176715,5.620394831895828,0.1996090295433998,0.7339449687153101,0.93513978439942,2.621325619518757,0.1072180539555847,0.0008155527200667,1.2663939602906402,0.1321689697019755,-0.2083785596005618,-0.1860796488635242,0.1869940764270722,0.0806233579609542,0.0494323743768036,0.0,0.0
1967,15.72299436684698,4.784250461310148,0.194678230747953,0.7186772796064615,0.9504107388351112,2.502751869320869,0.1499697851762175,0.0010408801535576,0.9494053962065424,-0.163113186892122,-0.1313381655849516,0.1102056873217225,-0.0957266830652952,0.2694865345899015,-0.0979130819924175,0.0,0.0
1968,5.724848264083266,5.035224789381028,0.2946568358127027,0.6742864526808262,0.75,2.062272027552128,0.071507077012211,0.0005,0.7171555338370391,-0.2276494725309312,-0.0937955558896064,-0.5,-0.0038692125491797,-0.293046051615849,-0.2777758945487439,0.0,0.0
1969,6.9441049248725175,4.216658561676741,0.2877800827473402,0.6500000000000001,0.7784722751397639,1.9828449441194536,0.0585065080970525,0.0006420426613068,0.9565932915773336,-0.0440014615617692,0.273845309972763,0.3619726466760039,-0.070571612380445,0.2910128757525235,-0.2530106383785605,0.0,0.0
1970,9.134106332734229,12.0,0.1804976996466517,0.8396257045716047,1.0755116824228317,1.832514297902584,0.4087003691680729,0.0017978583812652,0.3174793514848217,-0.3,-0.0235236172489821,0.1619262990914285,0.2608441950939595,0.2453891913853585,-0.1614388538021594,0.0,0.0
1971,6.474922593459487,4.624544767662883,0.2902019157532602,0.6510531040132046,0.7526111464519054,2.1439113268852235,0.05,0.0005,0.7631508905479167,0.2163830525390803,-0.0046258056499063,0.2679796131700277,-0.171198525391519,0.2303402015417814,0.0544471048247068,0.0,0.0
1972,16.07467079747468,5.332548305392265,0.1891527493804693,0.7214874581545592,0.929877069985494,2.567417771816254,0.1535572787374258,0.000884377774438,1.1721329397162432,0.0118532018512487,-0.1338833876028657,-0.0147642013430595,0.0793581737950444,-0.0677445945870131,0.2698413481805473,0.0,0.0
1973,5.337744618989527,6.630742879211903,0.2581709121163935,1.0015635163486003,1.1110292690936476,1.4499429354667663,0.0905086030624806,0.0005894506214776,0.5500964280458004,-0.2917791006267071,-0.1915321964174509,-0.0024873360805213,-0.1353756781853735,-0.1995898863691836,0.2266188182178885,0.0,0.0
1974,16.603966800011694,5.749662959948182,0.1955052598837763,0.7113838831037282,0.9580326332207768,2.5248572491407395,0.1421636152639985,0.0008482750397773,0.9574807162714056,0.173817500039935,-0.2203576072789728,0.3190899092704057,0.4345771920308471,0.197254797708243,0.0239244985207915,0.0,0.0
1975,13.379910903833808,5.746690848842263,0.2285656981743872,1.05,1.034560418140143,2.731355507135391,0.1727311297133565,0.001573985710689,1.011857262858149,-0.3,0.2351400866545737,-0.3142615288309753,-0.3293506998009979,0.3055887786485254,0.008179713692516,0.0,0.0
1976,14.647656253054738,11.36395951397717,0.269246576596424,0.7874473614096642,1.1513270372729747,2.427480946600437,0.3572813903540373,0.002987870594286,0.530900406518701,-0.2465748754665255,0.2227238067872822,-0.355836772378534,-0.2728329409100115,0.35,0.0691770772673189,0.0,0.0
1977,16.706783029362562,5.18525167927146,0.2013551786832511,0.7201909489482641,0.9214490887429564,2.4866956926584245,0.1117017197050154,0.0007135201337362,1.096252957538998,-0.0086331756189465,-0.2936992830745876,0.5,-0.1801464469358324,-0.2275451038386672,-0.1821524277366698,0.0,0.0
1978,16.311476476714013,11.631219723075628,0.2628940679527819,0.797546541929245,1.1255084784608334,2.2915451092123984,0.3384407780691981,0.0026808030798486,0.4136023895818874,-0.1039599078744649,-0.1982334597632289,0.3662317142821848,0.1525362853519618,0.1285057593546807,0.3271365816388278,0.0,0.0
1979,6.492784394808114,3.4552013311535124,0.223322467315942,0.7827735109031201,0.956271594427526,2.219087598025799,0.2428464692085981,0.0124661758403676,1.122067283931904,-0.2229980570152402,-0.2257871788367629,-0.0201483627408742,-0.0782609697803854,-0.3498769854344427,0.1091228144597262,0.0,0.0
1980,6.736383817270398,4.562006538361311,0.226682808785513,0.7762049777656794,0.9585027489420026,2.2587364276051525,0.2535093515925109,0.0088415840550388,0.8996384070970115,-0.1483720734380185,0.0446806052215397,-0.5,-0.458121513351798,-0.35,-0.028565349208191,0.0,0.0
1981,8.952055993266404,11.482323313876986,0.1707475551884621,0.8544210452288389,1.062570235418156,1.839351279437542,0.3791613779217004,0.0019680383510828,0.370072190543215,-0.1261296491883695,-0.2349092747233808,0.2660629447363317,0.4263218478672206,0.35,-0.0525534922461956,0.0,0.0
1982,8.558236012645066,11.9773693613708,0.1731487003665417,0.829477149233222,1.055328153949231,1.783178014397621,0.4147835153900087,0.0018588752477523,0.3084499876306231,0.2996909817717968,-0.1371598611027002,-0.0005584724619984,0.4467795373871922,-0.0853976432830095,-0.1253016418255866,0.0,0.0
1983,5.898966504372657,4.541126082465052,0.2888069647543132,0.6650920501053333,0.7728201408907771,2.097622558891773,0.05,0.0005,0.7422427499638053,-0.0010293702967464,0.0208770189285278,-0.0202694858796894,-0.0536331844143569,0.0519188718795776,0.0615434378273785,0.0,0.0
1984,15.802391175180674,5.439739856123924,0.1964363026790321,0.7201248226165772,0.9447410174254328,2.6019058903455736,0.1091217339783906,0.0007313634519558,0.925761210192264,0.0247603691630065,-0.1835619693472981,-0.4156769124604761,-0.0989906088076531,-0.0130643468573689,-0.1676580347195267,0.0,0.0
1985,7.106651291921734,4.688414102047682,0.2891953097891062,0.6713655979633332,0.7545160140115768,2.042618807256222,0.0920041795074939,0.0005698022596673,0.8944873517301021,-0.0933621467091143,-0.2330131043493747,0.3307609248161316,0.0848277477920055,0.0694125152379274,0.35,0.0,0.0
1986,7.495468030050397,5.083855173364282,0.2995024898063391,0.6500000000000001,0.75,1.9624912813901905,0.0639317135326564,0.0006444962756736,0.8875421669299683,-0.0853649238757789,-0.0447700856365263,0.3355337252654135,0.3842734851501882,-0.2850137498993427,0.0386355321798473,0.0,0.0
1987,16.191764553934334,4.659776587411761,0.1929839939944446,0.7456422281861306,0.9694001678712666,2.563918721616268,0.1447546323575079,0.0008003894024221,1.1032370018054525,-0.123063134137541,-0.2296685242317616,0.2713499024137855,0.3609860138595104,0.2910205818284302,-0.0390246159192174,0.0,0.0
1988,7.477669549547135,12.0,0.17,0.8549320733249187,1.089225216669962,1.9578836483359336,0.3817449096404016,0.0021543735876753,0.313887394459194,-0.2158335095643997,-0.2407678965255618,-0.2480591401085257,0.3998781692236662,0.1157383036017417,-0.0729420264456421,0.0,0.0
1989,11.149192404821514,3.2000954233109957,0.2384971939153969,0.7320001266747713,0.998449414987117,1.6576045002937314,0.218584304228425,0.0047816333023005,1.2238355663272034,-0.1905971931293606,-0.0991189952865243,0.1726796916313469,-0.4282598474062979,0.0726238295845687,0.2652138553094119,0.0,0.0
1990,8.21628240417689,11.943063389509916,0.1712060502417385,0.84407556822896,1.061505098266527,1.794955816090107,0.3633108413405716,0.0013224682364748,0.2753601934063562,0.3,-0.2297003116942942,0.3635846854001283,-0.4067176200449466,-0.1495995071846991,0.2942020395509898,0.0,0.0
1991,15.487681944854558,5.0466016959398985,0.2007687244456261,0.713150531962514,0.9542164533063768,2.541253947973251,0.147673424500972,0.0008821993443169,1.3319491831176076,-0.2157680241018534,0.1581573873348533,0.1271409746073186,-0.0058508568070828,-0.1276099805887788,-0.2248199970461428,0.0,0.0
1992,11.9031686078012,10.511141277477146,0.2496865457750857,0.847605404958129,0.7972320111114533,2.897705580174923,0.3352131504006683,0.0043653658387537,0.4459285057093476,0.3,-0.1267502296753227,0.0020744035206735,0.327523291092366,-0.0720745493173599,-0.0699177385158837,0.0,0.0
1993,10.573166434131563,3.1355732224881647,0.2390239942867308,0.7690549706369638,1.0186600314248353,1.610893765747547,0.2124407262727618,0.0046294342766952,1.2433407598373467,-0.2590434501171112,0.1234542425237595,-0.1791969247534871,0.4670669714733958,0.0984435234293342,-0.2572320809066296,0.0,0.0
1994,16.402755244895815,11.464152397960424,0.2643399837080389,0.7671696501672268,1.153653731552884,2.3277031279802323,0.3049449359253048,0.0023211123054004,0.4241726164965053,-0.255657596424222,-0.2236547072008252,-0.0456866656802594,-0.0689818115346133,-0.3445822284463792,0.0462593468111008,0.0,0.0
1995,14.03399764046073,5.961581334844231,0.2266388502471149,1.0347743787169457,1.025541728625074,2.717795887708664,0.1926843927055597,0.0012781464484157,1.0262690864130963,-0.2674818433150649,0.0726743488982319,0.1347881305590272,0.3278322685137391,0.2670871227961033,-0.1523858253899961,0.0,0.0
1996,6.450325192846358,4.836447727680207,0.3,0.6673707550168038,0.75,2.075715154707432,0.0516124129109084,0.0005,0.6933935995594704,-0.1855438145063817,0.0636262389980256,0.5,-0.295568088106811,-0.074976964790374,-0.0169514995794743,0.0,0.0
1997,7.669650363512337,4.454986547678709,0.2897526342645287,0.6582641980051995,0.7747253431901335,1.9933300911188128,0.0943936092033982,0.0005885405316433,0.9210764141419648,0.3,-0.102288801100105,-0.1400706606544554,0.4152381314896047,-0.0823450648896396,-0.1312105998340994,0.0,0.0
1998,6.9240313335135575,5.169333866611123,0.2950454514577984,0.6805695449113847,0.7621871166396886,2.008780363738537,0.0624807281978428,0.0006233415622755,0.8700470091739013,0.2591662052683532,0.255627198010683,-0.2630045886337757,-0.3260887975618243,0.1242062619719654,0.3240812905170023,0.0,0.0
1999,7.145746522583067,11.536808490753174,0.17,0.8267495680600405,1.064883742885664,1.9435705025196075,0.401766208820045,0.0014916351596836,0.299108092474984,-0.0548627623803913,-0.2794000523239374,0.1746710085682571,-0.4200378955341876,-0.0611936357337981,-0.2067643574513495,0.0,0.0
2000,15.74752001300454,5.737072232738138,0.2000888141859323,0.7267243761271238,0.9674730172399432,2.484630648314953,0.1544420498050749,0.0010039689010448,1.0446292079318256,-0.1745073582418262,-0.288291991699487,-0.2433342552557587,0.3355930451676249,0.1203048838246613,-0.0934070285819471,0.0,0.0
2001,14.805107538476587,5.752836406603455,0.2235022593162954,1.0225038131177426,1.023652343429625,2.675888306081295,0.1547608697228133,0.0011012136831968,0.91647648794442,-0.2411863410808146,0.169197142470628,-0.2172400207258761,0.4382636520452797,0.0922252671252936,-0.2185096775144338,0.0,0.0
2002,7.58652137644589,4.7907090276479725,0.2953253675818443,0.6771585588306189,0.7530145557001233,2.1279539315104485,0.0794314508140087,0.0005,0.9546185219628164,-0.0284077220968902,-0.0697629602998495,0.0263083043694496,0.1216690466925501,-0.1378973927609622,0.35,0.0,0.0
2003,14.401504702493549,5.795096971094608,0.2171497208889574,1.0124119568169117,1.0518074109926818,2.6220722959637643,0.1736033128388226,0.0013738926909856,0.7845361657326823,-0.2518906146101654,-0.2894109181836247,0.0533507731743156,-0.1381082973070442,-0.1141811985373497,0.1298173149097711,0.0,0.0
2004,7.711138231121003,12.0,0.17,0.8243099422305822,1.0849691641163082,1.788858452439308,0.3963037172704935,0.001353462726001,0.3521242360904716,-0.2926179492250085,-0.1879591207467019,0.0761139334179461,-0.2761451630853117,-0.149771331904456,0.1212953481245786,0.0,0.0
2005,17.244159135259686,5.159947745129466,0.2030496530089527,0.7472259482443333,0.9303332933709024,2.570974852502346,0.1211349895223975,0.000927440472448,0.95536219672192,-0.1094202485829591,-0.2496927150450646,-0.3704100572317839,0.2360102855414152,0.2194213281441479,0.3159662265982479,0.0,0.0
2006,10.486831578090786,3.9257524609565735,0.229027252260223,0.7505342924892903,1.0003190940935165,1.746269205808639,0.2272884453088045,0.0060489289824158,1.258237639794785,-0.2148205200880766,-0.1376726534441113,-0.5,-0.006601838376373,-0.1918619042560458,-0.2417483873553573,0.0,0.0
2007,15.434478530175983,4.742686682194472,0.196727520596981,0.7332698337733745,0.9584720874354242,2.5152794871926307,0.1022942632436752,0.0008359138669488,1.1694324953585429,-0.3,0.0210438381582498,0.1470662246271968,0.367996423356235,0.1847928923554718,-0.2138151108659803,0.0,0.0
2008,15.608526090458035,5.3114969823509455,0.1908776781018823,0.742452654927969,0.921853315629065,2.508628540813923,0.1327561908774077,0.0006807444080867,1.2549084567375706,-0.1594462474286556,-0.049202576033771,0.2458143279701471,-0.2960037705302238,0.1073454032223671,0.2938542561717331,0.0,0.0
2009,16.666965659782292,5.092926154658199,0.195701568480581,0.7093746409118176,0.9641226251330226,2.6180138894319533,0.1159914316236972,0.0008969913034971,0.9390404642484323,-0.3,-0.2516556884497404,-0.0725761579535901,-0.2823409046418965,-0.2053859436456114,0.136895469352603,0.0,0.0
2010,17.06190109603107,5.794382971525192,0.193299481382221,0.7323955886662007,0.950018560566008,2.5358132860064506,0.1515968610532581,0.0011018831543451,1.1000606553890444,-0.2524261144548654,0.1104024539329111,-0.2014129016175866,0.4496678866073489,0.0738108457326889,-0.253842829240486,0.0,0.0
2011,9.996210473291576,3.171566509455442,0.2411992121156304,0.755298939794302,1.0087998893726615,1.628610366940498,0.1863711843453347,0.0049006197828496,1.4239807549276915,-0.2327978779301047,-0.1466192818544805,0.0890957515127956,-0.0864212351478636,-0.32234550742805,0.093913547327742,0.0,0.0
2012,16.31163098987192,5.670197090879083,0.1986624081172049,0.7167168119996786,0.933656880352646,2.5305448282957075,0.1595592576824128,0.0010369840813684,1.014919311612073,0.0507461311407387,-0.1695952441692352,0.3390009605698287,-0.2796471352688968,0.087263224447146,-0.2121381472740322,0.0,0.0
2013,11.383414410501718,3.033327351137996,0.227061878497526,0.7574326667040587,1.0228148122485727,1.7553876137137412,0.1943481187708675,0.0046024866859287,1.3228693223322725,-0.16000540773198,-0.2440017301216722,-0.3018039334192872,0.3293083179742098,0.1769034950565546,-0.0780080491248518,0.0,0.0
2014,16.928935327045618,5.412311738729477,0.2011147438120097,0.7028189250677824,0.9618383987881244,2.561847288608551,0.1407168711163103,0.0007174523666711,1.33404763142998,0.1118185904435813,-0.1801486920006573,-0.2915236836485564,0.3106449781917035,0.0071144065633416,0.0065513767637312,0.0,0.0
2015,15.849900853000582,5.179687499254942,0.1942389094211161,0.7355534089058637,0.9264842985067516,2.443280493199825,0.1239664203301072,0.0009473107252392,1.0062954407373668,-0.156449838604778,-0.1536814072988927,0.1764175041392445,-0.2420313880592584,0.3228078679665923,-0.0550130967535078,0.0,0.0
2016,5.950751617662609,5.107628850266337,0.2871710992068051,0.6696007609814406,0.766211426384747,1.991611542582512,0.078001202084124,0.0005414588759294,0.8330263480504724,-0.2297669078372418,-0.152100695181638,-0.5,0.0635342745296657,-0.2806855571027845,-0.2392912985906004,0.0,0.0
2017,7.029221823774279,4.144913110509515,0.2957531873170286,0.6546868101805449,0.75,2.05303814393282,0.0650156250409781,0.0005,0.7598623737193808,-0.0216364965699613,0.3,0.3357348784431815,-0.1377718698233366,0.2707658451255411,-0.2856495469398796,0.0,0.0
2018,8.864645327888429,12.0,0.1720368384141475,0.8619367173314094,1.0565778539199382,1.9512214894294737,0.4151980347558855,0.0016757242388714,0.2704649086313335,-0.3,0.0293019862845539,0.1810613740049302,0.3282483654655516,0.2182593313306569,-0.2610147812422365,0.0,0.0
2019,6.345134762041271,4.702798455953598,0.2972003792673349,0.6500000000000001,0.7707014325577766,2.025483920514584,0.05,0.000676158320558,0.953625807817168,0.1940280814580619,-0.06312205414474,0.272454157397151,-0.2383994661271572,0.2338489063419401,0.1519937206003814,0.0,0.0
2020,16.018774881362916,5.259576065465808,0.1972670090261847,0.7017988379299641,0.9700041450317948,2.4461718351244928,0.1469410450942814,0.0008058830668732,0.96512291894806,0.007217338040471,-0.0842301376126706,0.0350619000196456,0.1918063605576753,-0.0396302543897181,0.35,0.0,0.0
2021,5.136609123200179,6.704227244481444,0.250544020434469,1.0122411049157385,1.0734336516503244,1.5714686573147771,0.0838780644163489,0.0008766785684301,0.6621570857703463,-0.2668973582983017,-0.2464507984556257,0.0619993066973984,-0.2476206219010055,-0.2040830713119358,0.1273524380829185,0.0,0.0
2022,16.616026837974786,5.826689859479666,0.2026444023996591,0.7126978259980679,0.9424715902861208,2.5982436359524725,0.1355509364418685,0.0009541312549924,1.1820364078747378,0.1784633513242006,-0.2754936889261007,0.2475005731731653,0.5,0.1858787833377718,-0.0084048627354204,0.0,0.0
2023,13.536097240224482,5.670174925774337,0.2199641579400748,1.0388376124054193,1.0492775066904725,2.657501835167408,0.166104374770075,0.0010157003284206,0.8520205920630797,-0.3,0.2845758602544666,-0.3991504642181098,-0.4415949602238834,0.3248513291329145,0.0464778092205524,0.0,0.0
2024,14.59941634964198,11.440977224707604,0.2762448178805411,0.7887582358568908,1.1238498280327769,2.3088133183717727,0.3506701992638409,0.0025468496350518,0.4100225283753156,-0.2478493831381201,0.2816983208432794,-0.3633757886849343,-0.385604479368776,0.3362210106570273,-0.030400292597711,0.0,0.0
2025,16.51330327447504,5.10874494947493,0.192894573154673,0.7038680350482464,0.9514577555861324,2.6048931060433387,0.1050753080844879,0.0009947147929933,1.241303347535301,0.0128872105702757,-0.3,0.5,-0.067523230612278,-0.216169089468196,-0.0846062930822372,0.0,0.0
2026,16.33341446932405,11.558238289877773,0.2708674226474017,0.7778607126325369,1.1503439752142874,2.3622598044872283,0.3318258032761514,0.0032235101191039,0.5268436414941229,-0.1027019794732332,-0.2508783054761588,0.3955573112703859,0.0397640582360327,0.1329989442974329,0.35,0.0,0.0
2027,6.658848957642913,3.528694885224104,0.215836506620422,0.7934714713841677,0.9305921432897448,2.148655617594719,0.2362165027670562,0.0085822007991229,0.9776842272110704,-0.2445084557309746,-0.1670038765780628,0.0170262844115495,0.0343629352003335,-0.35,0.0764834257159382,0.0,0.0
2028,6.971891502179206,4.484419432654977,0.218081046321243,0.7985187814533711,0.9276491492446512,2.1854980003833773,0.2600085049122572,0.010566180803484,1.0068633966153029,-0.1538508584462106,-0.004383195541799,-0.4672205518558621,-0.5,-0.35,-0.0608951906468719,0.0,0.0
2029,9.04677695170045,11.560567884892226,0.1778869534082711,0.8471186401247979,1.0959548807311803,1.912872421503067,0.3856746075861156,0.0013410298664684,0.2823672534550955,-0.1004033344946801,-0.1792949275150895,0.3400369738601148,0.4939018678851425,0.35,-0.0142568382043391,0.0,0.0
2030,8.29614815607667,12.0,0.17,0.8247883890867234,1.076786848258227,1.904557263672352,0.4212788993120193,0.0016207078553017,0.2785103298680732,0.3,-0.0817630960978567,-0.0619586597755551,0.3790518758445978,-0.065150612656027,-0.0279420076012611,0.0,0.0
2031,5.776552093029022,4.469371509552002,0.296921000310406,0.6787695030421019,0.7505179041847587,1.9757730947732923,0.05,0.0006546356728265,0.9800377335091514,-0.0267722706981003,-0.0284043608196079,-0.0724569450505077,0.0139461469464004,0.039558377366513,-0.0377243847325444,0.0,0.0
2032,15.671194856800138,5.34307195469737,0.1933928749021143,0.7141645400524139,0.9573918407801538,2.5910029376149177,0.1270613264292478,0.0008240566433669,1.2370234913956406,0.0400685102306306,-0.2039711288139223,-0.5,-0.2197298109158873,0.0415393505319952,-0.0901036587916314,0.0,0.0
2033,6.975533387027681,4.440551754832267,0.3,0.6659941811561585,0.75,2.031763016700745,0.0806911748647689,0.0006628739917986,0.6759120928198867,-0.1086447582431137,-0.1993691102117299,0.4049427079595625,0.1936138181947171,0.0305626555532216,0.277761460546404,0.0,0.0
2034,7.653801075778901,5.221562768146396,0.2886598077841102,0.6500000000000001,0.75,1.9733265877366064,0.05,0.0005489076314307,0.8096963474583116,-0.1004292980097234,-0.0787513871379196,0.4047923389077186,0.2684551274031401,-0.3248562720734626,0.025135225770995,0.0,0.0
2035,16.35001918617636,4.946289030089974,0.1960347857829183,0.7395995495915413,0.9567485076673328,2.5748011429309843,0.1551745436526835,0.000705269758496,1.2192257459551563,-0.1079715567715466,-0.209702979337424,0.1739677894674241,0.466257489901036,0.3466015758682042,0.0019689742755144,0.0,0.0
2036,7.631334389522672,12.0,0.1784157796956599,0.8604942516982556,1.0748859277199954,1.9462746877670287,0.363803142812103,0.0018806362750502,0.2835007907585612,-0.2041501092463731,-0.2611651083603502,-0.3454426303692162,0.3240939231030643,0.0916573133170604,-0.0624025303032249,0.0,0.0
2037,11.302935114689172,3.074114799499512,0.2337477234911173,0.7377703114300966,1.011110126037151,1.645948766648769,0.2298958211392164,0.0043185198206277,1.335999465159986,-0.2023061487302184,-0.0655693462416529,0.241936938688159,-0.3644287410378456,0.080966348003596,0.2192906898278742,0.0,0.0
2038,8.089476064667107,12.0,0.1759633012425154,0.8503024165928363,1.0488435503672808,1.806585204720497,0.382233599293977,0.0014778859831299,0.3640035349142235,0.3,-0.2637495911009609,0.4377623419649899,-0.4775789605267346,-0.1422496437449008,0.2215618430301546,0.0,0.0
2039,15.360797735452651,5.1362461481243376,0.1882195832110941,0.7195912518054247,0.9685549054071306,2.5528365191817284,0.1372559164650738,0.0010179001897083,0.9919741080589136,-0.2038544387519359,0.1781612470485269,0.0360843255743384,0.0544635939225554,-0.1507136817332357,-0.1166884651705622,0.0,0.0
2040,12.07012062240392,10.684002516046167,0.2527375377099961,0.853636011466384,0.7828936748821289,2.886799881577492,0.3257477934844792,0.0038146133616315,0.4083192890816301,0.3,-0.0923437049724161,-0.0833573729172349,0.4099861136078834,-0.0489708519279956,-0.0840414508506656,0.0,0.0
2041,10.740057973861694,3.157239943742752,0.228181079109013,0.7756685863882303,1.0313216951955109,1.6000348616838451,0.2322863313183188,0.0041767702543165,1.3792358714559871,-0.2743600377291441,0.1039139192216098,-0.0768943955935537,0.4190572565235197,0.0910936637446284,-0.2155997048653662,0.0,0.0
2042,16.280195834003386,11.25263870358467,0.2751903526842594,0.7725531648099423,1.1409928788822143,2.3385356870293617,0.3172086057439446,0.0025912287107762,0.5681441769593981,-0.2707440247535705,-0.2028202231451869,0.0629454512894153,0.016997666619718,-0.35,0.1222059427518397,0.0,0.0
2043,13.911498704440891,5.898872702941299,0.2235956095989793,1.0407467562556267,1.0398808759544045,2.728675196945668,0.1756654747575521,0.0014762675292583,0.7771082934822896,-0.2524226198270917,0.0394556809589266,0.0542795102111995,0.274899647925049,0.2911681168358772,-0.2559487510528415,0.0,0.0
2044,6.332138348817825,4.8874272428452965,0.2878737972483038,0.6609414005875588,0.75,2.06410930621624,0.0610801730863749,0.0005174846301029,0.9201455096426944,-0.1738264123611152,0.0981007416062057,0.4475591254793107,-0.1681481088511646,-0.1305579550750553,-0.0899372843150049,0.0,0.0
2045,7.551402501016856,4.654789283871651,0.294509666987136,0.652048712193966,0.7603771192654967,1.9816771047711368,0.0745492630079388,0.0006853766187284,0.6884472137753352,0.3,-0.1218674392215907,-0.0314371744170784,0.3222712732106447,-0.0425025464706122,-0.0227180979456752,0.0,0.0
2046,7.086332520395517,5.154688162729144,0.2902957534570246,0.6747880204916,0.7765361516643315,2.020412865877152,0.0502155706472694,0.0005314359394811,0.7875336175244463,0.2472577705644071,0.2764497344344854,-0.160697935577482,-0.1951542239449918,0.1630561254117637,0.3332908225059509,0.0,0.0
2047,7.308108727931976,11.37098673209548,0.1803506465852261,0.8211760471612215,1.0522327779103071,1.95515581959486,0.4187829523906111,0.001313017301984,0.327270335783535,-0.0429271485842764,-0.3,0.089243345297873,-0.5,-0.1157973368782549,-0.2513421788588166,0.0,0.0
